Galaksi,Sinif,R_kpc,g_bar_ms2,acik_D,v_F4_teori,V_bar2,v_yildiz2,v_ong2,KAFES_s,G_u,Ystar_ima,KAFES_imkansiz,G_imkansiz
NGC7814,Sa–Sab,1.72,1.242e-09,+19544,16136,65908,65908,82044,-0.211,0.762,0.352,evet,hayir
NGC7814,Sa–Sab,2.79,5.935e-10,+15236,18429,51097,51097,69525,0.173,0.781,0.351,hayir,hayir
NGC7814,Sa–Sab,3.91,3.531e-10,+9437,19731,42607,42607,62337,0.522,0.849,0.389,hayir,hayir
NGC7814,Sa–Sab,5.03,2.353e-10,+5071,20532,36523,36523,57055,0.753,0.911,0.431,hayir,hayir
NGC7814,Sa–Sab,6.14,1.662e-10,+523,21014,31493,31491,52507,0.975,0.990,0.492,hayir,hayir
NGC7814,Sa–Sab,7.26,1.227e-10,-2715,21331,27483,27483,48814,1.127,1.056,0.549,hayir,hayir
NGC7814,Sa–Sab,8.37,9.518e-11,-4917,21576,24583,24548,46159,1.228,1.107,0.600,hayir,hayir
NGC7814,Sa–Sab,9.50,7.559e-11,-5766,21804,22159,22033,43963,1.264,1.131,0.631,hayir,hayir
NGC7814,Sa–Sab,10.65,6.131e-11,-5788,22025,20148,19889,42173,1.263,1.137,0.645,hayir,hayir
NGC7814,Sa–Sab,11.74,5.108e-11,-5964,22188,18504,18159,40692,1.269,1.147,0.664,hayir,hayir
NGC7814,Sa–Sab,12.82,4.301e-11,-6498,22283,17015,16651,39298,1.292,1.165,0.695,hayir,hayir
NGC7814,Sa–Sab,14.01,3.591e-11,-7961,22312,15523,15207,37835,1.357,1.210,0.762,hayir,hayir
NGC7814,Sa–Sab,15.09,3.111e-11,-8868,22441,14487,14081,36928,1.395,1.240,0.815,hayir,hayir
NGC7814,Sa–Sab,16.18,2.731e-11,-9546,22617,13633,13093,36250,1.422,1.263,0.865,hayir,hayir
NGC7814,Sa–Sab,17.36,2.373e-11,-10405,22678,12713,12163,35391,1.459,1.294,0.928,hayir,hayir
NGC7814,Sa–Sab,18.44,2.103e-11,-11112,22717,11967,11422,34684,1.489,1.320,0.986,hayir,hayir
NGC7814,Sa–Sab,19.53,1.874e-11,-11784,22719,11294,10781,34012,1.519,1.346,1.046,hayir,hayir
UGC02916,Sa–Sab,0.74,1.133e-09,-3856,8687,25873,25873,34560,1.444,1.112,0.575,hayir,hayir
UGC02916,Sa–Sab,1.11,9.922e-10,+4483,12524,33984,33984,46508,0.642,0.904,0.434,hayir,hayir
UGC02916,Sa–Sab,1.48,8.991e-10,+12097,15556,41061,41061,56618,0.222,0.786,0.353,hayir,hayir
UGC02916,Sa–Sab,1.84,8.434e-10,+20045,17956,47885,47885,65841,-0.116,0.696,0.291,evet,hayir
UGC02916,Sa–Sab,2.21,7.884e-10,+27866,19895,53767,53767,73662,-0.401,0.622,0.241,evet,hayir
UGC02916,Sa–Sab,2.60,7.063e-10,+32634,21339,56664,56664,78003,-0.529,0.582,0.212,evet,hayir
UGC02916,Sa–Sab,2.96,6.033e-10,+32853,22273,55100,55100,77374,-0.475,0.575,0.202,evet,hayir
UGC02916,Sa–Sab,3.17,5.639e-10,+33782,22725,55157,55157,77882,-0.487,0.566,0.194,evet,hayir
UGC02916,Sa–Sab,3.33,5.317e-10,+33986,23029,54638,54638,77667,-0.476,0.562,0.189,evet,hayir
UGC02916,Sa–Sab,3.70,4.662e-10,+34003,23621,53232,53232,76852,-0.440,0.558,0.181,evet,hayir
UGC02916,Sa–Sab,4.07,4.096e-10,+33072,24067,51441,51440,75508,-0.374,0.562,0.179,evet,hayir
UGC02916,Sa–Sab,4.44,3.600e-10,+31698,24404,49319,49293,73723,-0.299,0.570,0.178,evet,hayir
UGC02916,Sa–Sab,4.81,3.171e-10,+29710,24670,47066,47007,71735,-0.204,0.586,0.184,evet,hayir
UGC02916,Sa–Sab,5.18,2.807e-10,+27320,24891,44865,44767,69756,-0.098,0.608,0.195,evet,hayir
UGC02916,Sa–Sab,5.55,2.487e-10,+24822,25080,42592,42446,67671,0.010,0.633,0.208,hayir,hayir
UGC02916,Sa–Sab,5.92,2.219e-10,+22534,25254,40544,40342,65798,0.108,0.658,0.221,hayir,hayir
UGC02916,Sa–Sab,6.28,2.003e-10,+20147,25424,38823,38552,64247,0.208,0.686,0.239,hayir,hayir
UGC02916,Sa–Sab,6.34,1.972e-10,+19922,25452,38570,38290,64022,0.217,0.689,0.240,hayir,hayir
UGC02916,Sa–Sab,6.65,1.819e-10,+17993,25602,37335,36986,62937,0.297,0.714,0.257,hayir,hayir
UGC02916,Sa–Sab,7.03,1.659e-10,+15979,25784,35991,35558,61775,0.380,0.741,0.275,hayir,hayir
UGC02916,Sa–Sab,7.39,1.528e-10,+14574,25956,34842,34325,60799,0.439,0.760,0.288,hayir,hayir
UGC02916,Sa–Sab,7.77,1.406e-10,+13185,26137,33704,33100,59841,0.496,0.780,0.301,hayir,hayir
UGC02916,Sa–Sab,8.14,1.305e-10,+12000,26315,32774,32083,59089,0.544,0.797,0.313,hayir,hayir
UGC02916,Sa–Sab,8.51,1.214e-10,+10838,26492,31870,31091,58362,0.591,0.814,0.326,hayir,hayir
UGC02916,Sa–Sab,8.88,1.132e-10,+10154,26666,31012,30152,57678,0.619,0.824,0.332,hayir,hayir
UGC02916,Sa–Sab,9.25,1.062e-10,+9622,26836,30310,29377,57146,0.641,0.832,0.336,hayir,hayir
UGC02916,Sa–Sab,9.52,1.014e-10,+9203,26952,29775,28804,56727,0.659,0.838,0.340,hayir,hayir
UGC02916,Sa–Sab,9.62,9.966e-11,+9053,26994,29583,28600,56577,0.665,0.840,0.342,hayir,hayir
UGC02916,Sa–Sab,9.99,9.379e-11,+8974,27151,28913,27878,56063,0.669,0.840,0.339,hayir,hayir
UGC02916,Sa–Sab,10.40,8.790e-11,+8443,27324,28208,27114,55532,0.691,0.848,0.344,hayir,hayir
UGC02916,Sa–Sab,10.71,8.401e-11,+8571,27462,27764,26608,55227,0.688,0.845,0.339,hayir,hayir
UGC02916,Sa–Sab,11.12,7.919e-11,+8584,27638,27171,25945,54809,0.689,0.843,0.335,hayir,hayir
UGC02916,Sa–Sab,12.67,6.489e-11,+8783,28357,25370,23771,53727,0.690,0.837,0.315,hayir,hayir
UGC02916,Sa–Sab,12.98,6.262e-11,+9062,28503,25079,23398,53583,0.682,0.831,0.306,hayir,hayir
UGC02916,Sa–Sab,15.86,4.717e-11,+9496,30093,23084,20331,53177,0.684,0.821,0.266,hayir,hayir
UGC02916,Sa–Sab,19.05,3.755e-11,+8118,32269,22074,17695,54343,0.748,0.851,0.271,hayir,hayir
UGC02916,Sa–Sab,22.14,3.138e-11,+9624,34408,21441,15616,55849,0.720,0.828,0.192,hayir,hayir
UGC02916,Sa–Sab,25.34,2.581e-11,+11912,35834,20178,13831,56012,0.668,0.787,0.069,hayir,hayir
UGC02916,Sa–Sab,28.53,2.100e-11,+16569,36498,18487,12349,54985,0.546,0.699,-0.171,hayir,hayir
UGC02916,Sa–Sab,31.72,1.702e-11,+19050,36614,16661,11113,53275,0.480,0.642,-0.357,hayir,hayir
UGC02916,Sa–Sab,34.91,1.428e-11,+19255,36993,15386,10092,52379,0.480,0.632,-0.454,hayir,hayir
UGC02916,Sa–Sab,38.00,1.219e-11,+18724,37189,14296,9307,51485,0.497,0.636,-0.506,hayir,hayir
UGC02953,Sa–Sab,0.17,3.230e-09,-32533,3884,16944,16944,20828,9.375,2.562,1.460,hayir,hayir
UGC02953,Sa–Sab,0.26,3.701e-09,-17639,6031,29691,29691,35722,3.925,1.494,0.797,hayir,hayir
UGC02953,Sa–Sab,0.34,3.465e-09,-9573,7441,36348,36348,43788,2.287,1.219,0.632,hayir,hayir
UGC02953,Sa–Sab,0.43,3.071e-09,-4332,8739,40753,40753,49492,1.496,1.088,0.553,hayir,hayir
UGC02953,Sa–Sab,0.51,2.766e-09,-553,9739,43532,43532,53271,1.057,1.010,0.506,hayir,hayir
UGC02953,Sa–Sab,0.60,2.495e-09,+3125,10748,46201,46201,56949,0.709,0.945,0.466,hayir,hayir
UGC02953,Sa–Sab,0.69,2.268e-09,+6110,11656,48278,48278,59934,0.476,0.898,0.437,hayir,hayir
UGC02953,Sa–Sab,0.77,2.099e-09,+7965,12393,49861,49861,62254,0.357,0.872,0.420,hayir,hayir
UGC02953,Sa–Sab,0.86,1.930e-09,+10093,13159,51224,51224,64382,0.233,0.843,0.401,hayir,hayir
UGC02953,Sa–Sab,0.95,1.788e-09,+11518,13872,52402,52402,66274,0.170,0.826,0.390,hayir,hayir
UGC02953,Sa–Sab,1.03,1.689e-09,+12917,14471,53671,53671,68142,0.107,0.810,0.380,hayir,hayir
UGC02953,Sa–Sab,1.11,1.596e-09,+14462,15038,54650,54650,69687,0.038,0.792,0.368,hayir,hayir
UGC02953,Sa–Sab,1.20,1.510e-09,+15838,15635,55899,55899,71534,-0.013,0.779,0.358,evet,hayir
UGC02953,Sa–Sab,1.29,1.432e-09,+17039,16191,57017,57017,73208,-0.052,0.767,0.351,evet,hayir
UGC02953,Sa–Sab,1.38,1.361e-09,+18012,16706,57950,57950,74656,-0.078,0.759,0.345,evet,hayir
UGC02953,Sa–Sab,1.46,1.300e-09,+19058,17132,58570,58570,75702,-0.112,0.748,0.337,evet,hayir
UGC02953,Sa–Sab,1.55,1.235e-09,+19520,17581,59060,59060,76641,-0.110,0.745,0.335,evet,hayir
UGC02953,Sa–Sab,1.63,1.180e-09,+19710,17956,59354,59354,77310,-0.098,0.745,0.334,evet,hayir
UGC02953,Sa–Sab,1.72,1.122e-09,+19803,18354,59530,59530,77884,-0.079,0.746,0.334,evet,hayir
UGC02953,Sa–Sab,1.80,1.073e-09,+19729,18690,59602,59602,78293,-0.056,0.748,0.334,evet,hayir
UGC02953,Sa–Sab,1.89,1.022e-09,+19581,19052,59577,59577,78630,-0.028,0.751,0.336,evet,hayir
UGC02953,Sa–Sab,1.98,9.736e-10,+19345,19399,59482,59482,78881,0.003,0.755,0.337,hayir,hayir
UGC02953,Sa–Sab,2.07,9.292e-10,+18567,19734,59349,59349,79083,0.059,0.765,0.344,hayir,hayir
UGC02953,Sa–Sab,2.15,8.925e-10,+18226,20024,59212,59212,79235,0.090,0.770,0.346,hayir,hayir
UGC02953,Sa–Sab,2.23,8.585e-10,+17875,20306,59072,59072,79379,0.120,0.775,0.349,hayir,hayir
UGC02953,Sa–Sab,2.32,8.231e-10,+17540,20618,58923,58923,79541,0.149,0.779,0.351,hayir,hayir
UGC02953,Sa–Sab,2.40,7.941e-10,+16700,20890,58810,58810,79701,0.201,0.790,0.358,hayir,hayir
UGC02953,Sa–Sab,2.49,7.642e-10,+16407,21193,58718,58718,79911,0.226,0.795,0.360,hayir,hayir
UGC02953,Sa–Sab,2.58,7.373e-10,+16183,21493,58699,58699,80192,0.247,0.798,0.362,hayir,hayir
UGC02953,Sa–Sab,2.67,7.134e-10,+16051,21791,58775,58775,80567,0.263,0.801,0.363,hayir,hayir
UGC02953,Sa–Sab,2.75,6.943e-10,+15435,22055,58916,58916,80971,0.300,0.809,0.369,hayir,hayir
UGC02953,Sa–Sab,2.83,6.771e-10,+15394,22318,59125,59125,81443,0.310,0.811,0.370,hayir,hayir
UGC02953,Sa–Sab,2.92,6.597e-10,+14971,22611,59441,59441,82052,0.338,0.818,0.374,hayir,hayir
UGC02953,Sa–Sab,3.00,6.454e-10,+15013,22870,59743,59743,82613,0.344,0.818,0.374,hayir,hayir
UGC02953,Sa–Sab,3.09,6.302e-10,+14604,23156,60092,60092,83248,0.369,0.825,0.378,hayir,hayir
UGC02953,Sa–Sab,3.18,6.155e-10,+14666,23436,60398,60398,83835,0.374,0.825,0.379,hayir,hayir
UGC02953,Sa–Sab,3.27,6.012e-10,+14681,23711,60666,60666,84377,0.381,0.826,0.379,hayir,hayir
UGC02953,Sa–Sab,3.35,5.888e-10,+14061,23950,60867,60867,84817,0.413,0.834,0.384,hayir,hayir
UGC02953,Sa–Sab,3.43,5.766e-10,+13924,24184,61029,61029,85213,0.424,0.837,0.386,hayir,hayir
UGC02953,Sa–Sab,4.21,4.728e-10,+9314,26295,61420,61420,87714,0.646,0.894,0.424,hayir,hayir
UGC02953,Sa–Sab,4.29,4.640e-10,+8395,26490,61429,61429,87919,0.683,0.905,0.432,hayir,hayir
UGC02953,Sa–Sab,4.38,4.543e-10,+8022,26707,61404,61404,88111,0.700,0.909,0.435,hayir,hayir
UGC02953,Sa–Sab,4.47,4.451e-10,+7085,26920,61390,61390,88310,0.737,0.920,0.442,hayir,hayir
UGC02953,Sa–Sab,4.80,4.137e-10,+4853,27674,61279,61279,88953,0.825,0.945,0.460,hayir,hayir
UGC02953,Sa–Sab,5.25,3.790e-10,+2430,28643,61403,61403,90046,0.915,0.973,0.480,hayir,hayir
UGC02953,Sa–Sab,5.32,3.743e-10,+1420,28787,61437,61437,90224,0.951,0.984,0.488,hayir,hayir
UGC02953,Sa–Sab,5.41,3.681e-10,+1018,28970,61449,61449,90419,0.965,0.989,0.492,hayir,hayir
UGC02953,Sa–Sab,5.50,3.620e-10,+582,29150,61432,61432,90582,0.980,0.994,0.495,hayir,hayir
UGC02953,Sa–Sab,5.58,3.564e-10,+80,29307,61374,61374,90681,0.997,0.999,0.499,hayir,hayir
UGC02953,Sa–Sab,5.67,3.499e-10,-503,29481,61220,61220,90701,1.017,1.006,0.504,hayir,hayir
UGC02953,Sa–Sab,5.76,3.440e-10,-1017,29652,61140,61140,90792,1.034,1.011,0.508,hayir,hayir
UGC02953,Sa–Sab,6.00,3.290e-10,-2634,30094,60908,60908,91002,1.088,1.029,0.522,hayir,hayir
UGC02953,Sa–Sab,6.18,3.183e-10,-3145,30413,60691,60691,91104,1.103,1.035,0.526,hayir,hayir
UGC02953,Sa–Sab,6.27,3.132e-10,-3708,30569,60588,60588,91156,1.121,1.041,0.531,hayir,hayir
UGC02953,Sa–Sab,6.36,3.083e-10,-4257,30723,60501,60501,91224,1.139,1.047,0.535,hayir,hayir
UGC02953,Sa–Sab,6.45,3.036e-10,-4791,30876,60434,60434,91309,1.155,1.052,0.540,hayir,hayir
UGC02953,Sa–Sab,6.53,2.997e-10,-4700,31011,60389,60389,91400,1.152,1.051,0.539,hayir,hayir
UGC02953,Sa–Sab,6.61,2.960e-10,-5201,31145,60375,60375,91520,1.167,1.057,0.543,hayir,hayir
UGC02953,Sa–Sab,6.70,2.922e-10,-5647,31295,60403,60403,91697,1.180,1.062,0.547,hayir,hayir
UGC02953,Sa–Sab,6.79,2.886e-10,-5423,31444,60477,60477,91921,1.172,1.059,0.545,hayir,hayir
UGC02953,Sa–Sab,6.87,2.850e-10,-5971,31575,60423,60423,91998,1.189,1.065,0.549,hayir,hayir
UGC02953,Sa–Sab,6.96,2.816e-10,-5765,31720,60484,60484,92204,1.182,1.063,0.548,hayir,hayir
UGC02953,Sa–Sab,7.05,2.782e-10,-6208,31862,60526,60526,92388,1.195,1.067,0.551,hayir,hayir
UGC02953,Sa–Sab,7.20,2.723e-10,-6629,32092,60504,60504,92596,1.207,1.072,0.555,hayir,hayir
UGC02953,Sa–Sab,7.39,2.643e-10,-7218,32367,60271,60271,92638,1.223,1.078,0.560,hayir,hayir
UGC02953,Sa–Sab,7.47,2.606e-10,-7302,32478,60075,60075,92554,1.225,1.079,0.561,hayir,hayir
UGC02953,Sa–Sab,7.99,2.380e-10,-9288,33167,58669,58669,91836,1.280,1.101,0.579,hayir,hayir
UGC02953,Sa–Sab,8.08,2.346e-10,-9355,33281,58487,58487,91769,1.281,1.102,0.580,hayir,hayir
UGC02953,Sa–Sab,8.16,2.316e-10,-9429,33384,58311,58307,91695,1.282,1.103,0.581,hayir,hayir
UGC02953,Sa–Sab,8.25,2.287e-10,-10035,33499,58228,58219,91726,1.300,1.109,0.586,hayir,hayir
UGC02953,Sa–Sab,8.34,2.259e-10,-10007,33612,58143,58131,91754,1.298,1.109,0.586,hayir,hayir
UGC02953,Sa–Sab,8.40,2.241e-10,-9996,33686,58079,58064,91765,1.297,1.109,0.586,hayir,hayir
UGC02953,Sa–Sab,9.59,1.892e-10,-10764,35024,55973,55910,90997,1.307,1.118,0.596,hayir,hayir
UGC02953,Sa–Sab,10.80,1.606e-10,-10781,36173,53535,53391,89708,1.298,1.120,0.601,hayir,hayir
UGC02953,Sa–Sab,12.02,1.416e-10,-7620,37208,52516,52200,89724,1.205,1.085,0.573,hayir,hayir
UGC02953,Sa–Sab,13.22,1.251e-10,-5784,38061,51020,50500,89080,1.152,1.065,0.557,hayir,hayir
UGC02953,Sa–Sab,14.42,1.084e-10,-4929,38659,48221,47602,86880,1.127,1.057,0.552,hayir,hayir
UGC02953,Sa–Sab,15.63,9.159e-11,-5608,39022,44174,43576,83196,1.144,1.067,0.564,hayir,hayir
UGC02953,Sa–Sab,16.83,7.775e-11,-7957,39284,40375,39787,79659,1.203,1.100,0.600,hayir,hayir
UGC02953,Sa–Sab,18.03,6.807e-11,-9007,39560,37869,37197,77429,1.228,1.116,0.621,hayir,hayir
UGC02953,Sa–Sab,19.23,6.011e-11,-10931,39837,35669,34866,75505,1.274,1.145,0.657,hayir,hayir
UGC02953,Sa–Sab,20.43,5.327e-11,-12751,40102,33582,32618,73685,1.318,1.173,0.695,hayir,hayir
UGC02953,Sa–Sab,21.64,4.746e-11,-13219,40351,31693,30567,72045,1.328,1.183,0.716,hayir,hayir
UGC02953,Sa–Sab,22.84,4.250e-11,-13612,40535,29952,28734,70488,1.336,1.193,0.737,hayir,hayir
UGC02953,Sa–Sab,24.04,3.812e-11,-13476,40617,28275,27078,68893,1.332,1.196,0.749,hayir,hayir
UGC02953,Sa–Sab,25.24,3.423e-11,-12836,40597,26656,25585,67253,1.316,1.191,0.751,hayir,hayir
UGC02953,Sa–Sab,26.44,3.089e-11,-12068,40574,25199,24235,65773,1.297,1.183,0.749,hayir,hayir
UGC02953,Sa–Sab,27.65,2.806e-11,-11635,40604,23937,23005,64541,1.287,1.180,0.753,hayir,hayir
UGC02953,Sa–Sab,28.85,2.562e-11,-11079,40639,22811,21898,63450,1.273,1.175,0.753,hayir,hayir
UGC02953,Sa–Sab,30.05,2.350e-11,-10975,40675,21791,20891,62466,1.270,1.176,0.763,hayir,hayir
UGC02953,Sa–Sab,31.25,2.169e-11,-11217,40765,20918,19974,61683,1.275,1.182,0.781,hayir,hayir
UGC02953,Sa–Sab,32.34,2.026e-11,-10719,40883,20222,19206,61105,1.262,1.175,0.779,hayir,hayir
UGC02953,Sa–Sab,33.55,1.885e-11,-10761,41011,19517,18426,60528,1.262,1.178,0.792,hayir,hayir
UGC02953,Sa–Sab,34.75,1.756e-11,-10835,41090,18831,17712,59921,1.264,1.181,0.806,hayir,hayir
UGC02953,Sa–Sab,35.95,1.637e-11,-10944,41120,18161,17056,59281,1.266,1.185,0.821,hayir,hayir
UGC02953,Sa–Sab,37.15,1.529e-11,-11024,41141,17531,16447,58672,1.268,1.188,0.835,hayir,hayir
UGC02953,Sa–Sab,38.35,1.433e-11,-11561,41176,16959,15882,58135,1.281,1.199,0.864,hayir,hayir
UGC02953,Sa–Sab,39.56,1.347e-11,-12015,41238,16443,15352,57681,1.291,1.208,0.891,hayir,hayir
UGC02953,Sa–Sab,40.76,1.272e-11,-12346,41347,16003,14863,57350,1.299,1.215,0.915,hayir,hayir
UGC02953,Sa–Sab,41.96,1.203e-11,-12674,41442,15580,14405,57022,1.306,1.222,0.940,hayir,hayir
UGC02953,Sa–Sab,43.16,1.138e-11,-13057,41488,15151,13975,56639,1.315,1.231,0.967,hayir,hayir
UGC02953,Sa–Sab,44.36,1.076e-11,-12397,41514,14733,13571,56247,1.299,1.220,0.957,hayir,hayir
UGC02953,Sa–Sab,45.57,1.022e-11,-11638,41592,14370,13188,55962,1.280,1.208,0.941,hayir,hayir
UGC02953,Sa–Sab,46.77,9.729e-12,-10841,41682,14041,12829,55723,1.260,1.195,0.923,hayir,hayir
UGC02953,Sa–Sab,47.97,9.257e-12,-10617,41730,13702,12490,55432,1.254,1.192,0.925,hayir,hayir
UGC02953,Sa–Sab,49.17,8.811e-12,-11443,41754,13368,12171,55121,1.274,1.208,0.970,hayir,hayir
UGC02953,Sa–Sab,50.37,8.404e-12,-12738,41800,13062,11865,54862,1.305,1.232,1.037,hayir,hayir
UGC02953,Sa–Sab,51.58,8.027e-12,-14547,41847,12775,11578,54622,1.348,1.266,1.128,hayir,hayir
UGC02953,Sa–Sab,52.78,7.657e-12,-15910,41844,12470,11302,54315,1.380,1.293,1.204,hayir,hayir
UGC02953,Sa–Sab,53.98,7.305e-12,-16772,41816,12168,11041,53984,1.401,1.311,1.260,hayir,hayir
UGC02953,Sa–Sab,55.18,6.983e-12,-17057,41810,11889,10791,53699,1.408,1.318,1.290,hayir,hayir
UGC02953,Sa–Sab,57.59,6.412e-12,-15406,41844,11394,10323,53238,1.368,1.289,1.246,hayir,hayir
UGC02953,Sa–Sab,59.99,5.878e-12,-16530,41758,10881,9897,52639,1.396,1.314,1.335,hayir,hayir
UGC02953,Sa–Sab,62.39,5.422e-12,-21817,41729,10438,9506,52167,1.523,1.418,1.648,hayir,hayir
UGC03205,Sa–Sab,0.55,8.731e-10,+5522,5346,14817,14817,20163,-0.033,0.726,0.314,evet,hayir
UGC03205,Sa–Sab,0.83,7.444e-10,+8743,7635,19064,19064,26699,-0.145,0.673,0.271,evet,hayir
UGC03205,Sa–Sab,1.39,5.202e-10,+8374,10710,22313,22313,33023,0.218,0.746,0.312,hayir,hayir
UGC03205,Sa–Sab,1.65,4.629e-10,+7063,11721,23566,23566,35287,0.397,0.800,0.350,hayir,hayir
UGC03205,Sa–Sab,3.04,2.534e-10,-3301,15779,23769,23769,39548,1.209,1.083,0.569,hayir,hayir
UGC03205,Sa–Sab,3.32,2.285e-10,-5698,16264,23407,23407,39671,1.350,1.144,0.622,hayir,hayir
UGC03205,Sa–Sab,3.59,2.109e-10,-7419,16743,23362,23362,40105,1.443,1.185,0.659,hayir,hayir
UGC03205,Sa–Sab,3.87,1.978e-10,-8407,17255,23622,23622,40877,1.487,1.206,0.678,hayir,hayir
UGC03205,Sa–Sab,4.15,1.905e-10,-8896,17782,24398,24398,42180,1.500,1.211,0.682,hayir,hayir
UGC03205,Sa–Sab,4.43,1.851e-10,-8831,18308,25302,25302,43610,1.482,1.203,0.675,hayir,hayir
UGC03205,Sa–Sab,4.70,1.794e-10,-9003,18798,26023,26023,44821,1.479,1.201,0.673,hayir,hayir
UGC03205,Sa–Sab,4.97,1.730e-10,-8961,19266,26529,26529,45795,1.465,1.196,0.669,hayir,hayir
UGC03205,Sa–Sab,5.25,1.665e-10,-8518,19734,26973,26973,46707,1.432,1.182,0.658,hayir,hayir
UGC03205,Sa–Sab,5.52,1.622e-10,-7888,20177,27630,27630,47808,1.391,1.165,0.643,hayir,hayir
UGC03205,Sa–Sab,5.80,1.586e-10,-7162,20624,28383,28383,49007,1.347,1.146,0.626,hayir,hayir
UGC03205,Sa–Sab,6.08,1.549e-10,-6062,21052,29055,29055,50107,1.288,1.121,0.604,hayir,hayir
UGC03205,Sa–Sab,6.36,1.512e-10,-5035,21455,29679,29679,51134,1.235,1.098,0.585,hayir,hayir
UGC03205,Sa–Sab,6.63,1.468e-10,-3853,21817,30026,30026,51843,1.177,1.074,0.564,hayir,hayir
UGC03205,Sa–Sab,6.91,1.418e-10,-3297,22166,30233,30233,52399,1.149,1.063,0.555,hayir,hayir
UGC03205,Sa–Sab,7.19,1.366e-10,-2442,22488,30295,30295,52783,1.109,1.046,0.540,hayir,hayir
UGC03205,Sa–Sab,7.27,1.350e-10,-1905,22575,30275,30275,52851,1.084,1.036,0.531,hayir,hayir
UGC03205,Sa–Sab,7.46,1.312e-10,-1772,22776,30208,30208,52984,1.078,1.033,0.529,hayir,hayir
UGC03205,Sa–Sab,8.02,1.211e-10,-85,23318,29958,29956,53276,1.004,1.002,0.501,hayir,hayir
UGC03205,Sa–Sab,8.29,1.164e-10,+899,23558,29782,29767,53340,0.962,0.983,0.485,hayir,hayir
UGC03205,Sa–Sab,8.56,1.120e-10,+1381,23784,29581,29551,53365,0.942,0.974,0.477,hayir,hayir
UGC03205,Sa–Sab,8.84,1.073e-10,+2210,24004,29282,29233,53286,0.908,0.959,0.462,hayir,hayir
UGC03205,Sa–Sab,9.12,1.030e-10,+3016,24210,28982,28909,53192,0.875,0.943,0.448,hayir,hayir
UGC03205,Sa–Sab,9.69,9.444e-11,+3997,24601,28237,28094,52838,0.838,0.924,0.429,hayir,hayir
UGC03205,Sa–Sab,12.11,6.522e-11,+3682,25967,24371,23795,50338,0.858,0.927,0.423,hayir,hayir
UGC03205,Sa–Sab,14.58,4.674e-11,-383,26990,21028,19937,48017,1.014,1.008,0.510,hayir,hayir
UGC03205,Sa–Sab,14.68,4.615e-11,-470,27026,20903,19792,47930,1.017,1.010,0.512,hayir,hayir
UGC03205,Sa–Sab,15.20,4.332e-11,-1303,27219,20319,19097,47538,1.048,1.027,0.534,hayir,hayir
UGC03205,Sa–Sab,15.50,4.190e-11,-1476,27325,20040,18761,47365,1.054,1.031,0.539,hayir,hayir
UGC03205,Sa–Sab,15.71,4.100e-11,-1545,27419,19877,18532,47296,1.056,1.033,0.542,hayir,hayir
UGC03205,Sa–Sab,16.02,3.969e-11,-1691,27529,19621,18215,47150,1.061,1.036,0.546,hayir,hayir
UGC03205,Sa–Sab,16.32,3.847e-11,-1828,27638,19374,17908,47013,1.066,1.039,0.551,hayir,hayir
UGC03205,Sa–Sab,16.53,3.771e-11,-1877,27730,19234,17705,46964,1.068,1.040,0.553,hayir,hayir
UGC03205,Sa–Sab,16.84,3.660e-11,-1980,27843,19018,17425,46861,1.071,1.042,0.557,hayir,hayir
UGC03205,Sa–Sab,16.94,3.628e-11,-1986,27889,18966,17339,46855,1.071,1.042,0.557,hayir,hayir
UGC03205,Sa–Sab,19.40,2.906e-11,-1272,28858,17395,15165,46252,1.044,1.027,0.542,hayir,hayir
UGC03205,Sa–Sab,21.77,2.408e-11,-757,29721,16177,13444,45899,1.025,1.016,0.528,hayir,hayir
UGC03205,Sa–Sab,24.23,1.983e-11,-1020,30380,14825,11820,45205,1.034,1.023,0.543,hayir,hayir
UGC03205,Sa–Sab,26.69,1.652e-11,-518,30824,13602,10519,44426,1.017,1.012,0.525,hayir,hayir
UGC03205,Sa–Sab,29.06,1.388e-11,+126,30943,12446,9529,43390,0.996,0.997,0.493,hayir,hayir
UGC03205,Sa–Sab,31.52,1.169e-11,-1375,30938,11368,8687,42306,1.044,1.032,0.579,hayir,hayir
UGC03205,Sa–Sab,36.34,8.604e-12,-7961,30791,9648,7419,40439,1.259,1.197,1.037,hayir,hayir
UGC03205,Sa–Sab,40.04,6.887e-12,-9446,30445,8509,6680,38954,1.310,1.242,1.207,hayir,hayir
UGC03546,Sa–Sab,0.79,4.050e-09,+40960,4739,98721,98721,103460,-7.644,0.604,0.293,evet,hayir
UGC03546,Sa–Sab,0.95,3.038e-09,+37201,6229,89053,89053,95282,-4.972,0.610,0.291,evet,hayir
UGC03546,Sa–Sab,1.11,2.360e-09,+33302,7231,80827,80827,88058,-3.605,0.622,0.294,evet,hayir
UGC03546,Sa–Sab,1.27,1.896e-09,+30346,8019,74311,74311,82330,-2.784,0.631,0.296,evet,hayir
UGC03546,Sa–Sab,1.43,1.560e-09,+26930,8699,68856,68856,77555,-2.096,0.653,0.304,evet,hayir
UGC03546,Sa–Sab,1.59,1.317e-09,+24682,9337,64629,64629,73966,-1.644,0.666,0.309,evet,hayir
UGC03546,Sa–Sab,1.90,1.007e-09,+20721,10496,59066,59065,69562,-0.974,0.702,0.325,evet,hayir
UGC03546,Sa–Sab,2.06,8.993e-10,+19371,11050,57163,57162,68212,-0.753,0.716,0.331,evet,hayir
UGC03546,Sa–Sab,2.22,8.129e-10,+17978,11575,55687,55685,67262,-0.553,0.733,0.339,evet,hayir
UGC03546,Sa–Sab,2.38,7.425e-10,+17314,12070,54527,54525,66598,-0.434,0.740,0.341,evet,hayir
UGC03546,Sa–Sab,2.79,6.025e-10,+16205,13177,51869,51865,65046,-0.230,0.751,0.344,evet,hayir
UGC03546,Sa–Sab,2.86,5.828e-10,+15930,13339,51432,51427,64771,-0.194,0.754,0.345,evet,hayir
UGC03546,Sa–Sab,3.02,5.409e-10,+15690,13688,50402,50397,64090,-0.146,0.755,0.344,evet,hayir
UGC03546,Sa–Sab,4.17,3.278e-10,+15713,15563,42175,42167,57738,-0.010,0.728,0.314,evet,hayir
UGC03546,Sa–Sab,5.56,1.966e-10,+14488,16856,33732,33732,50588,0.141,0.714,0.285,hayir,hayir
UGC03546,Sa–Sab,6.96,1.366e-10,+11121,17889,29332,29332,47221,0.378,0.764,0.310,hayir,hayir
UGC03546,Sa–Sab,8.35,1.029e-10,+6089,18781,26512,26512,45293,0.676,0.866,0.385,hayir,hayir
UGC03546,Sa–Sab,9.73,8.336e-11,+2950,19539,25027,24992,44566,0.849,0.934,0.441,hayir,hayir
UGC03546,Sa–Sab,11.14,6.626e-11,+1373,20213,22775,22554,42989,0.932,0.968,0.470,hayir,hayir
UGC03546,Sa–Sab,12.51,5.440e-11,+1417,20819,20999,20513,41818,0.932,0.966,0.465,hayir,hayir
UGC03546,Sa–Sab,13.88,4.627e-11,+44,21436,19817,19028,41253,0.998,0.999,0.499,hayir,hayir
UGC03546,Sa–Sab,15.35,3.960e-11,-58,21991,18755,17718,40746,1.003,1.001,0.502,hayir,hayir
UGC03546,Sa–Sab,16.72,3.397e-11,+698,22376,17526,16339,39902,0.969,0.982,0.479,hayir,hayir
UGC03546,Sa–Sab,18.08,2.907e-11,+786,22593,16218,14996,38811,0.965,0.980,0.474,hayir,hayir
UGC03546,Sa–Sab,19.45,2.490e-11,+7,22700,14943,13749,37643,1.000,1.000,0.500,hayir,hayir
UGC03546,Sa–Sab,20.92,2.121e-11,-431,22740,13693,12562,36433,1.019,1.012,0.517,hayir,hayir
UGC03546,Sa–Sab,22.92,1.725e-11,-1189,22710,12201,11191,34911,1.052,1.034,0.553,hayir,hayir
UGC03546,Sa–Sab,25.02,1.424e-11,-2849,22639,10993,10115,33632,1.126,1.085,0.641,hayir,hayir
UGC03546,Sa–Sab,29.23,1.022e-11,-5489,22539,9221,8527,31760,1.244,1.173,0.822,hayir,hayir
UGC03580,Sa–Sab,0.23,5.938e-10,+2103,2061,4215,4215,6276,-0.020,0.665,0.251,evet,hayir
UGC03580,Sa–Sab,0.34,5.797e-10,+4075,2921,6082,6082,9003,-0.395,0.547,0.165,evet,hayir
UGC03580,Sa–Sab,0.46,5.129e-10,+5748,3595,7280,7280,10875,-0.599,0.471,0.105,evet,hayir
UGC03580,Sa–Sab,0.57,4.370e-10,+6724,4078,7687,7687,11765,-0.649,0.428,0.063,evet,hayir
UGC03580,Sa–Sab,0.69,3.805e-10,+7871,4532,8100,8100,12632,-0.737,0.377,0.014,evet,hayir
UGC03580,Sa–Sab,0.80,3.450e-10,+8832,4899,8517,8517,13416,-0.803,0.342,-0.019,evet,hayir
UGC03580,Sa–Sab,0.92,3.126e-10,+9647,5250,8873,8873,14122,-0.838,0.317,-0.044,evet,hayir
UGC03580,Sa–Sab,1.03,2.902e-10,+10313,5524,9224,9224,14749,-0.867,0.301,-0.059,evet,hayir
UGC03580,Sa–Sab,1.14,2.668e-10,+10677,5755,9384,9383,15139,-0.855,0.295,-0.069,evet,hayir
UGC03580,Sa–Sab,1.26,2.433e-10,+10885,5968,9460,9456,15427,-0.824,0.294,-0.076,evet,hayir
UGC03580,Sa–Sab,1.37,2.229e-10,+10890,6131,9424,9418,15555,-0.776,0.300,-0.078,evet,hayir
UGC03580,Sa–Sab,1.49,2.019e-10,+10722,6285,9281,9272,15566,-0.706,0.311,-0.078,evet,hayir
UGC03580,Sa–Sab,1.61,1.837e-10,+10481,6423,9127,9114,15550,-0.632,0.326,-0.075,evet,hayir
UGC03580,Sa–Sab,1.71,1.705e-10,+10214,6532,8997,8980,15529,-0.564,0.342,-0.069,evet,hayir
UGC03580,Sa–Sab,1.83,1.564e-10,+9875,6653,8833,8811,15485,-0.484,0.362,-0.060,evet,hayir
UGC03580,Sa–Sab,1.94,1.447e-10,+9491,6757,8664,8637,15420,-0.405,0.384,-0.049,evet,hayir
UGC03580,Sa–Sab,2.06,1.335e-10,+9081,6865,8488,8455,15353,-0.323,0.409,-0.037,evet,hayir
UGC03580,Sa–Sab,2.18,1.240e-10,+8688,6971,8343,8303,15314,-0.246,0.433,-0.023,evet,hayir
UGC03580,Sa–Sab,2.29,1.170e-10,+8343,7068,8264,8216,15332,-0.180,0.456,-0.008,evet,hayir
UGC03580,Sa–Sab,2.40,1.109e-10,+8033,7163,8214,8157,15378,-0.121,0.478,0.008,evet,hayir
UGC03580,Sa–Sab,2.52,1.050e-10,+7721,7264,8166,8099,15430,-0.063,0.500,0.023,evet,hayir
UGC03580,Sa–Sab,2.63,9.999e-11,+7422,7353,8115,8036,15468,-0.009,0.520,0.038,evet,hayir
UGC03580,Sa–Sab,2.75,9.461e-11,+7118,7443,8029,7937,15472,0.044,0.540,0.052,hayir,hayir
UGC03580,Sa–Sab,2.86,8.993e-11,+6846,7521,7937,7830,15458,0.090,0.557,0.063,hayir,hayir
UGC03580,Sa–Sab,2.98,8.514e-11,+6577,7603,7829,7705,15431,0.135,0.574,0.073,hayir,hayir
UGC03580,Sa–Sab,3.09,8.097e-11,+6332,7675,7721,7578,15396,0.175,0.589,0.082,hayir,hayir
UGC03580,Sa–Sab,3.20,7.708e-11,+6121,7744,7611,7448,15356,0.210,0.601,0.089,hayir,hayir
UGC03580,Sa–Sab,4.52,4.598e-11,+5401,8475,6414,6041,14888,0.363,0.637,0.053,hayir,hayir
UGC03580,Sa–Sab,4.69,4.345e-11,+5442,8544,6288,5899,14832,0.363,0.633,0.039,hayir,hayir
UGC03580,Sa–Sab,6.03,2.939e-11,+5153,9056,5468,4941,14524,0.431,0.645,-0.021,hayir,hayir
UGC03580,Sa–Sab,7.53,2.126e-11,+3494,9579,4940,4245,14519,0.635,0.759,0.088,hayir,hayir
UGC03580,Sa–Sab,8.58,1.751e-11,+2489,9952,4637,3803,14589,0.750,0.829,0.173,hayir,hayir
UGC03580,Sa–Sab,8.70,1.717e-11,+2500,9990,4610,3765,14600,0.750,0.829,0.168,hayir,hayir
UGC03580,Sa–Sab,8.82,1.685e-11,+2520,10035,4585,3722,14620,0.749,0.828,0.161,hayir,hayir
UGC03580,Sa–Sab,9.03,1.630e-11,+2334,10113,4542,3648,14655,0.769,0.841,0.180,hayir,hayir
UGC03580,Sa–Sab,9.05,1.624e-11,+2331,10117,4535,3641,14652,0.770,0.841,0.180,hayir,hayir
UGC03580,Sa–Sab,10.53,1.324e-11,+2439,10679,4304,3193,14983,0.772,0.837,0.118,hayir,hayir
UGC03580,Sa–Sab,12.07,1.108e-11,+2815,11231,4128,2830,15359,0.749,0.817,0.003,hayir,hayir
UGC03580,Sa–Sab,13.58,9.403e-12,+2663,11718,3940,2504,15659,0.773,0.830,-0.032,hayir,hayir
UGC03580,Sa–Sab,15.09,8.061e-12,+1963,12133,3753,2229,15887,0.838,0.876,0.060,hayir,hayir
UGC03580,Sa–Sab,16.60,6.989e-12,+1182,12486,3580,2007,16066,0.905,0.926,0.206,hayir,hayir
UGC03580,Sa–Sab,18.11,6.137e-12,+616,12811,3430,1823,16241,0.952,0.962,0.331,hayir,hayir
UGC03580,Sa–Sab,19.62,5.425e-12,-14,13085,3285,1670,16370,1.001,1.001,0.504,hayir,hayir
UGC03580,Sa–Sab,21.02,4.839e-12,-756,13266,3139,1549,16405,1.057,1.046,0.744,hayir,hayir
UGC03580,Sa–Sab,24.04,3.670e-12,-160,13247,2722,1341,15969,1.012,1.010,0.559,hayir,hayir
UGC03580,Sa–Sab,27.06,2.875e-12,+245,13220,2401,1184,15621,0.981,0.984,0.397,hayir,hayir
UGC05253,Sa–Sab,0.25,4.439e-09,-14330,5717,34241,34241,39959,3.506,1.359,0.709,hayir,hayir
UGC05253,Sa–Sab,0.38,3.874e-09,-1076,8256,45424,45424,53680,1.130,1.020,0.512,hayir,hayir
UGC05253,Sa–Sab,0.51,3.251e-09,+5989,10048,51166,51166,61214,0.404,0.902,0.441,hayir,hayir
UGC05253,Sa–Sab,0.63,2.783e-09,+9770,11372,54094,54094,65466,0.141,0.851,0.410,hayir,hayir
UGC05253,Sa–Sab,0.76,2.356e-09,+11673,12584,55258,55258,67842,0.072,0.828,0.394,hayir,hayir
UGC05253,Sa–Sab,0.89,2.033e-09,+12816,13637,55823,55823,69460,0.060,0.815,0.385,hayir,hayir
UGC05253,Sa–Sab,1.01,1.815e-09,+13935,14504,56552,56552,71056,0.039,0.804,0.377,hayir,hayir
UGC05253,Sa–Sab,1.14,1.613e-09,+14506,15350,56756,56756,72106,0.055,0.799,0.372,hayir,hayir
UGC05253,Sa–Sab,1.27,1.435e-09,+14772,16119,56253,56251,72372,0.084,0.796,0.369,hayir,hayir
UGC05253,Sa–Sab,1.39,1.316e-09,+15159,16781,56459,56455,73240,0.097,0.793,0.366,hayir,hayir
UGC05253,Sa–Sab,1.52,1.203e-09,+15289,17445,56409,56403,73853,0.124,0.793,0.364,hayir,hayir
UGC05253,Sa–Sab,1.65,1.100e-09,+15493,18058,56000,55992,74057,0.142,0.791,0.362,hayir,hayir
UGC05253,Sa–Sab,1.77,1.018e-09,+15117,18593,55573,55564,74166,0.187,0.796,0.364,hayir,hayir
UGC05253,Sa–Sab,1.90,9.408e-10,+14769,19148,55158,55147,74305,0.229,0.801,0.366,hayir,hayir
UGC05253,Sa–Sab,2.03,8.753e-10,+14970,19681,54826,54812,74506,0.239,0.799,0.363,hayir,hayir
UGC05253,Sa–Sab,2.16,8.191e-10,+15256,20196,54596,54580,74792,0.245,0.796,0.360,hayir,hayir
UGC05253,Sa–Sab,2.28,7.755e-10,+15192,20658,54558,54540,75217,0.265,0.798,0.361,hayir,hayir
UGC05253,Sa–Sab,2.41,7.350e-10,+15777,21142,54661,54640,75802,0.254,0.792,0.356,hayir,hayir
UGC05253,Sa–Sab,2.54,7.006e-10,+15995,21604,54907,54883,76511,0.260,0.791,0.354,hayir,hayir
UGC05253,Sa–Sab,2.66,6.717e-10,+16629,22009,55136,55110,77145,0.244,0.784,0.349,hayir,hayir
UGC05253,Sa–Sab,2.79,6.436e-10,+17319,22423,55412,55382,77835,0.228,0.777,0.344,hayir,hayir
UGC05253,Sa–Sab,2.92,6.172e-10,+17414,22812,55611,55578,78423,0.237,0.778,0.343,hayir,hayir
UGC05253,Sa–Sab,3.04,5.944e-10,+17894,23148,55755,55718,78903,0.227,0.773,0.339,hayir,hayir
UGC05253,Sa–Sab,3.17,5.706e-10,+18297,23489,55817,55777,79306,0.221,0.769,0.336,hayir,hayir
UGC05253,Sa–Sab,3.30,5.479e-10,+18593,23806,55796,55752,79602,0.219,0.766,0.333,hayir,hayir
UGC05253,Sa–Sab,3.42,5.277e-10,+18765,24082,55692,55644,79774,0.221,0.765,0.331,hayir,hayir
UGC05253,Sa–Sab,3.55,5.067e-10,+18369,24364,55509,55457,79873,0.246,0.770,0.334,hayir,hayir
UGC05253,Sa–Sab,3.68,4.882e-10,+18559,24629,55434,55377,80063,0.246,0.768,0.332,hayir,hayir
UGC05253,Sa–Sab,3.80,4.714e-10,+18630,24856,55277,55216,80134,0.251,0.768,0.331,hayir,hayir
UGC05253,Sa–Sab,3.93,4.536e-10,+18583,25085,55002,54936,80087,0.259,0.768,0.331,hayir,hayir
UGC05253,Sa–Sab,4.06,4.366e-10,+18490,25298,54696,54624,79994,0.269,0.769,0.331,hayir,hayir
UGC05253,Sa–Sab,4.18,4.213e-10,+18312,25482,54334,54258,79816,0.281,0.771,0.331,hayir,hayir
UGC05253,Sa–Sab,4.31,4.053e-10,+18066,25669,53902,53820,79570,0.296,0.773,0.332,hayir,hayir
UGC05253,Sa–Sab,4.44,3.902e-10,+17797,25844,53457,53370,79301,0.311,0.776,0.333,hayir,hayir
UGC05253,Sa–Sab,4.56,3.767e-10,+17504,25997,53010,52917,79008,0.327,0.778,0.335,hayir,hayir
UGC05253,Sa–Sab,4.69,3.628e-10,+17148,26154,52498,52399,78652,0.344,0.782,0.336,hayir,hayir
UGC05253,Sa–Sab,4.82,3.496e-10,+16791,26304,51991,51886,78295,0.362,0.786,0.338,hayir,hayir
UGC05253,Sa–Sab,4.94,3.379e-10,+16435,26435,51504,51391,77939,0.378,0.789,0.340,hayir,hayir
UGC05253,Sa–Sab,4.99,3.332e-10,+16283,26488,51299,51184,77787,0.385,0.791,0.341,hayir,hayir
UGC05253,Sa–Sab,5.07,3.258e-10,+16032,26571,50965,50845,77536,0.397,0.793,0.342,hayir,hayir
UGC05253,Sa–Sab,5.20,3.142e-10,+15609,26702,50411,50284,77113,0.415,0.798,0.345,hayir,hayir
UGC05253,Sa–Sab,5.45,2.936e-10,+15306,26942,49372,49231,76315,0.432,0.799,0.345,hayir,hayir
UGC05253,Sa–Sab,5.58,2.834e-10,+14849,27061,48797,48648,75858,0.451,0.804,0.347,hayir,hayir
UGC05253,Sa–Sab,5.70,2.745e-10,+14432,27167,48274,48118,75441,0.469,0.809,0.350,hayir,hayir
UGC05253,Sa–Sab,5.83,2.649e-10,+13923,27278,47654,47490,74932,0.490,0.814,0.353,hayir,hayir
UGC05253,Sa–Sab,6.47,2.257e-10,+11862,27810,45061,44848,72871,0.573,0.837,0.368,hayir,hayir
UGC05253,Sa–Sab,6.59,2.196e-10,+12054,27907,44663,44441,72570,0.568,0.834,0.364,hayir,hayir
UGC05253,Sa–Sab,6.66,2.163e-10,+11899,27964,44451,44223,72415,0.574,0.836,0.365,hayir,hayir
UGC05253,Sa–Sab,6.72,2.134e-10,+11748,28013,44252,44017,72264,0.581,0.837,0.367,hayir,hayir
UGC05253,Sa–Sab,6.85,2.076e-10,+11490,28117,43889,43645,72006,0.591,0.840,0.368,hayir,hayir
UGC05253,Sa–Sab,6.97,2.026e-10,+11279,28214,43581,43324,71795,0.600,0.843,0.370,hayir,hayir
UGC05253,Sa–Sab,7.10,1.975e-10,+11069,28318,43267,42999,71585,0.609,0.845,0.371,hayir,hayir
UGC05253,Sa–Sab,7.23,1.927e-10,+10892,28422,42986,42708,71408,0.617,0.847,0.372,hayir,hayir
UGC05253,Sa–Sab,8.32,1.590e-10,+9539,29239,40816,40429,70055,0.674,0.864,0.382,hayir,hayir
UGC05253,Sa–Sab,10.00,1.205e-10,+7451,30296,37180,36620,67476,0.754,0.890,0.398,hayir,hayir
UGC05253,Sa–Sab,11.61,9.625e-11,+5533,31075,34483,33755,65558,0.822,0.916,0.418,hayir,hayir
UGC05253,Sa–Sab,13.35,7.447e-11,+1841,31680,30677,29820,62357,0.942,0.970,0.469,hayir,hayir
UGC05253,Sa–Sab,14.98,5.985e-11,-243,32118,27664,26733,59782,1.008,1.004,0.505,hayir,hayir
UGC05253,Sa–Sab,16.61,4.945e-11,-2139,32541,25345,24309,57886,1.066,1.037,0.544,hayir,hayir
UGC05253,Sa–Sab,18.34,4.172e-11,-3411,33003,23611,22444,56614,1.103,1.060,0.576,hayir,hayir
UGC05253,Sa–Sab,19.97,3.650e-11,-4071,33463,22491,21162,55954,1.122,1.073,0.596,hayir,hayir
UGC05253,Sa–Sab,21.60,3.206e-11,-4728,33930,21367,19849,55297,1.139,1.086,0.619,hayir,hayir
UGC05253,Sa–Sab,23.33,2.835e-11,-4726,34404,20406,18705,54810,1.137,1.086,0.626,hayir,hayir
UGC05253,Sa–Sab,26.70,2.273e-11,-5122,35198,18729,16778,53927,1.146,1.095,0.653,hayir,hayir
UGC05253,Sa–Sab,29.95,1.850e-11,-4311,35710,17100,15093,52810,1.121,1.082,0.643,hayir,hayir
UGC05253,Sa–Sab,33.32,1.510e-11,-1810,36027,15524,13582,51551,1.050,1.035,0.567,hayir,hayir
UGC05253,Sa–Sab,36.68,1.259e-11,+2672,36380,14252,12301,50633,0.927,0.947,0.391,hayir,hayir
UGC05253,Sa–Sab,39.94,1.065e-11,+5652,36626,13126,11212,49752,0.846,0.886,0.248,hayir,hayir
UGC05253,Sa–Sab,43.30,9.139e-12,+4973,36863,12210,10332,49073,0.865,0.899,0.259,hayir,hayir
UGC05253,Sa–Sab,46.67,8.097e-12,+4093,37377,11660,9644,49037,0.890,0.917,0.288,hayir,hayir
UGC05253,Sa–Sab,49.92,7.313e-12,+3868,37972,11265,9067,49237,0.898,0.921,0.287,hayir,hayir
UGC05253,Sa–Sab,53.29,6.464e-12,+1522,38416,10630,8343,49046,0.960,0.969,0.409,hayir,hayir
UGC06614,Sa–Sab,9.18,8.948e-11,+16813,21050,25347,25347,46397,0.201,0.638,0.168,hayir,hayir
UGC06614,Sa–Sab,10.64,7.048e-11,+15983,21742,23141,23141,44883,0.265,0.644,0.155,hayir,hayir
UGC06614,Sa–Sab,11.58,6.240e-11,+15605,22207,22298,22298,44505,0.297,0.649,0.150,hayir,hayir
UGC06614,Sa–Sab,12.52,5.663e-11,+15330,22692,21879,21879,44571,0.324,0.656,0.150,hayir,hayir
UGC06614,Sa–Sab,13.57,5.282e-11,+15772,23238,22118,22118,45356,0.321,0.652,0.143,hayir,hayir
UGC06614,Sa–Sab,15.76,4.406e-11,+15317,24166,21427,21427,45593,0.366,0.664,0.143,hayir,hayir
UGC06614,Sa–Sab,24.94,1.904e-11,+4104,26697,14656,14306,41353,0.846,0.901,0.357,hayir,hayir
UGC06614,Sa–Sab,26.30,1.719e-11,+3234,26919,13951,13509,40870,0.880,0.921,0.380,hayir,hayir
UGC06614,Sa–Sab,34.96,1.040e-11,-591,28593,11217,10046,39810,1.021,1.015,0.529,hayir,hayir
UGC06614,Sa–Sab,36.84,9.502e-12,-913,29090,10801,9403,39891,1.031,1.023,0.549,hayir,hayir
UGC06614,Sa–Sab,47.38,6.861e-12,+961,32955,10031,7077,42986,0.971,0.978,0.432,hayir,hayir
UGC06614,Sa–Sab,64.59,4.448e-12,+4187,36938,8866,5109,45803,0.887,0.909,0.090,hayir,hayir
UGC06787,Sa–Sab,0.24,7.340e-09,+17724,6630,54359,54359,60988,-1.673,0.709,0.337,evet,hayir
UGC06787,Sa–Sab,0.35,6.228e-09,+12793,9035,67261,67261,76297,-0.416,0.832,0.405,evet,hayir
UGC06787,Sa–Sab,0.47,5.006e-09,+9456,10837,72603,72603,83440,0.127,0.887,0.435,hayir,hayir
UGC06787,Sa–Sab,0.59,4.057e-09,+9890,12201,73865,73865,86066,0.189,0.885,0.433,hayir,hayir
UGC06787,Sa–Sab,0.71,3.372e-09,+13744,13301,73883,73883,87185,-0.033,0.842,0.407,evet,hayir
UGC06787,Sa–Sab,0.83,2.844e-09,+16314,14233,72837,72837,87070,-0.146,0.813,0.388,evet,hayir
UGC06787,Sa–Sab,0.94,2.466e-09,+17863,14989,71518,71518,86507,-0.192,0.794,0.375,evet,hayir
UGC06787,Sa–Sab,1.06,2.167e-09,+19012,15738,70874,70874,86612,-0.208,0.780,0.366,evet,hayir
UGC06787,Sa–Sab,1.18,1.935e-09,+19262,16410,70452,70452,86862,-0.174,0.778,0.363,evet,hayir
UGC06787,Sa–Sab,1.30,1.741e-09,+19784,17008,69858,69858,86865,-0.163,0.772,0.358,evet,hayir
UGC06787,Sa–Sab,1.42,1.580e-09,+20718,17534,69232,69232,86767,-0.182,0.761,0.350,evet,hayir
UGC06787,Sa–Sab,1.53,1.449e-09,+21841,17961,68396,68396,86357,-0.216,0.747,0.340,evet,hayir
UGC06787,Sa–Sab,1.66,1.316e-09,+26300,18409,67427,67427,85836,-0.429,0.694,0.305,evet,hayir
UGC06787,Sa–Sab,1.89,1.120e-09,+32410,19070,65324,65324,84394,-0.700,0.616,0.252,evet,hayir
UGC06787,Sa–Sab,2.01,1.033e-09,+34999,19353,64046,64046,83399,-0.808,0.580,0.227,evet,hayir
UGC06787,Sa–Sab,2.13,9.540e-10,+36079,19603,62701,62701,82304,-0.841,0.562,0.212,evet,hayir
UGC06787,Sa–Sab,2.24,8.887e-10,+35862,19808,61423,61423,81231,-0.811,0.559,0.208,evet,hayir
UGC06787,Sa–Sab,3.10,5.429e-10,+20961,21016,51929,51929,72945,0.003,0.713,0.298,hayir,hayir
UGC06787,Sa–Sab,3.79,3.873e-10,+11159,21556,45299,45299,66855,0.482,0.833,0.377,hayir,hayir
UGC06787,Sa–Sab,3.90,3.686e-10,+10286,21629,44353,44353,65982,0.524,0.844,0.384,hayir,hayir
UGC06787,Sa–Sab,4.14,3.331e-10,+8172,21785,42556,42556,64341,0.625,0.873,0.404,hayir,hayir
UGC06787,Sa–Sab,4.25,3.185e-10,+7460,21854,41775,41775,63629,0.659,0.883,0.411,hayir,hayir
UGC06787,Sa–Sab,4.37,3.039e-10,+6735,21930,40974,40974,62904,0.693,0.893,0.418,hayir,hayir
UGC06787,Sa–Sab,4.49,2.903e-10,+6062,22005,40227,40227,62231,0.724,0.903,0.425,hayir,hayir
UGC06787,Sa–Sab,4.61,2.778e-10,+5428,22079,39518,39518,61597,0.754,0.912,0.431,hayir,hayir
UGC06787,Sa–Sab,4.72,2.672e-10,+5362,22147,38911,38911,61058,0.758,0.912,0.431,hayir,hayir
UGC06787,Sa–Sab,5.16,2.316e-10,+4065,22417,36873,36873,59290,0.819,0.931,0.445,hayir,hayir
UGC06787,Sa–Sab,5.43,2.140e-10,+3690,22583,35863,35852,58446,0.837,0.937,0.449,hayir,hayir
UGC06787,Sa–Sab,5.56,2.065e-10,+3794,22662,35421,35403,58083,0.833,0.935,0.446,hayir,hayir
UGC06787,Sa–Sab,5.67,2.004e-10,+3493,22728,35054,35029,57782,0.846,0.940,0.450,hayir,hayir
UGC06787,Sa–Sab,5.79,1.940e-10,+3170,22799,34660,34627,57459,0.861,0.945,0.454,hayir,hayir
UGC06787,Sa–Sab,5.91,1.876e-10,+3246,22868,34203,34161,57070,0.858,0.943,0.452,hayir,hayir
UGC06787,Sa–Sab,6.03,1.816e-10,+2905,22935,33794,33743,56729,0.873,0.949,0.457,hayir,hayir
UGC06787,Sa–Sab,6.20,1.738e-10,+2459,23030,33253,33186,56283,0.893,0.956,0.463,hayir,hayir
UGC06787,Sa–Sab,6.50,1.612e-10,+1240,23193,32337,32237,55529,0.947,0.978,0.481,hayir,hayir
UGC06787,Sa–Sab,6.85,1.486e-10,-436,23378,31411,31272,54789,1.019,1.008,0.507,hayir,hayir
UGC06787,Sa–Sab,6.98,1.444e-10,-1154,23444,31097,30946,54542,1.049,1.021,0.519,hayir,hayir
UGC06787,Sa–Sab,7.09,1.410e-10,-1338,23501,30856,30691,54358,1.057,1.025,0.522,hayir,hayir
UGC06787,Sa–Sab,7.21,1.376e-10,-1993,23563,30613,30434,54176,1.085,1.037,0.533,hayir,hayir
UGC06787,Sa–Sab,7.22,1.373e-10,-2479,23569,30597,30415,54165,1.105,1.046,0.541,hayir,hayir
UGC06787,Sa–Sab,7.33,1.344e-10,-2633,23624,30388,30194,54011,1.111,1.049,0.544,hayir,hayir
UGC06787,Sa–Sab,7.45,1.312e-10,-3275,23683,30163,29954,53846,1.138,1.061,0.555,hayir,hayir
UGC06787,Sa–Sab,7.56,1.284e-10,-3919,23736,29946,29725,53681,1.165,1.073,0.566,hayir,hayir
UGC06787,Sa–Sab,8.26,1.109e-10,-8704,24036,28269,27962,52305,1.362,1.166,0.656,hayir,hayir
UGC06787,Sa–Sab,8.98,9.560e-11,-12725,24290,26489,26103,50779,1.524,1.251,0.744,hayir,hayir
UGC06787,Sa–Sab,9.09,9.352e-11,-13452,24325,26232,25838,50557,1.553,1.266,0.760,hayir,hayir
UGC06787,Sa–Sab,9.30,8.973e-11,-14379,24389,25749,25337,50137,1.590,1.287,0.784,hayir,hayir
UGC06787,Sa–Sab,10.32,7.382e-11,-15829,24672,23508,23034,48180,1.642,1.329,0.844,hayir,hayir
UGC06787,Sa–Sab,11.38,6.199e-11,-14321,24920,21769,21272,46688,1.575,1.307,0.837,hayir,hayir
UGC06787,Sa–Sab,12.40,5.307e-11,-11213,25126,20304,19808,45431,1.446,1.247,0.783,hayir,hayir
UGC06787,Sa–Sab,13.41,4.625e-11,-8002,25301,19138,18660,44439,1.316,1.180,0.714,hayir,hayir
UGC06787,Sa–Sab,14.43,4.056e-11,-6211,25460,18058,17594,43518,1.244,1.143,0.677,hayir,hayir
UGC06787,Sa–Sab,15.44,3.586e-11,-5710,25608,17082,16618,42690,1.223,1.134,0.672,hayir,hayir
UGC06787,Sa–Sab,16.57,3.155e-11,-6494,25776,16131,15643,41906,1.252,1.155,0.708,hayir,hayir
UGC06787,Sa–Sab,17.58,2.837e-11,-8868,25916,15392,14881,41308,1.342,1.215,0.798,hayir,hayir
UGC06787,Sa–Sab,18.60,2.560e-11,-11240,26052,14691,14151,40744,1.431,1.276,0.897,hayir,hayir
UGC06787,Sa–Sab,19.61,2.318e-11,-14535,26194,14027,13441,40221,1.555,1.361,1.041,hayir,hayir
UGC06787,Sa–Sab,20.62,2.120e-11,-17251,26380,13490,12813,39870,1.654,1.433,1.173,hayir,hayir
UGC06787,Sa–Sab,21.64,1.958e-11,-19345,26630,13074,12252,39704,1.726,1.487,1.289,hayir,hayir
UGC06787,Sa–Sab,22.77,1.809e-11,-20368,26945,12712,11705,39657,1.756,1.514,1.370,hayir,hayir
UGC06787,Sa–Sab,23.78,1.695e-11,-21322,27247,12439,11256,39687,1.783,1.537,1.447,hayir,hayir
UGC06787,Sa–Sab,24.79,1.586e-11,-22361,27506,12133,10815,39640,1.813,1.564,1.534,hayir,hayir
UGC06787,Sa–Sab,25.81,1.478e-11,-23033,27700,11768,10371,39467,1.832,1.584,1.610,hayir,hayir
UGC06787,Sa–Sab,26.82,1.378e-11,-23766,27834,11401,9973,39235,1.854,1.606,1.692,hayir,hayir
UGC06787,Sa–Sab,27.84,1.286e-11,-24026,27926,11049,9621,38975,1.860,1.616,1.749,hayir,hayir
UGC06787,Sa–Sab,29.41,1.157e-11,-23005,28004,10495,9107,38499,1.821,1.598,1.763,hayir,hayir
UGC06787,Sa–Sab,30.99,1.038e-11,-22533,28057,9926,8584,37983,1.803,1.593,1.813,hayir,hayir
UGC06787,Sa–Sab,32.57,9.368e-12,-24499,28087,9415,8128,37502,1.872,1.653,2.007,hayir,hayir
UGC06787,Sa–Sab,34.03,8.593e-12,-26377,28103,9023,7788,37127,1.939,1.710,2.193,hayir,hayir
UGC06787,Sa–Sab,37.19,7.115e-12,-28803,28057,8165,7068,36222,2.027,1.795,2.538,hayir,hayir
UGC08699,Sa–Sab,0.43,2.919e-09,+17664,6823,38730,38726,45553,-1.589,0.612,0.272,evet,hayir
UGC08699,Sa–Sab,0.65,2.299e-09,+23177,9111,46108,46100,55218,-1.544,0.580,0.249,evet,hayir
UGC08699,Sa–Sab,0.87,1.675e-09,+19859,10243,44960,44947,55203,-0.939,0.640,0.279,evet,hayir
UGC08699,Sa–Sab,1.08,1.256e-09,+14718,10902,41841,41822,52743,-0.350,0.721,0.324,evet,hayir
UGC08699,Sa–Sab,1.31,9.540e-10,+10361,11399,38563,38536,49962,0.091,0.793,0.366,hayir,hayir
UGC08699,Sa–Sab,1.52,7.581e-10,+6486,11734,35556,35522,47290,0.447,0.863,0.409,hayir,hayir
UGC08699,Sa–Sab,1.73,6.179e-10,+4200,12022,32983,32940,45004,0.651,0.907,0.436,hayir,hayir
UGC08699,Sa–Sab,1.96,5.105e-10,+2392,12322,30875,30823,43196,0.806,0.945,0.461,hayir,hayir
UGC08699,Sa–Sab,2.17,4.397e-10,+2025,12583,29442,29381,42025,0.839,0.952,0.466,hayir,hayir
UGC08699,Sa–Sab,2.39,3.811e-10,+2522,12833,28106,28033,40938,0.803,0.938,0.455,hayir,hayir
UGC08699,Sa–Sab,2.60,3.358e-10,+2732,13040,26941,26858,39981,0.790,0.932,0.449,hayir,hayir
UGC08699,Sa–Sab,2.83,2.924e-10,+3050,13235,25536,25442,38771,0.770,0.921,0.440,hayir,hayir
UGC08699,Sa–Sab,3.04,2.584e-10,+3771,13387,24240,24135,37627,0.718,0.900,0.422,hayir,hayir
UGC08699,Sa–Sab,5.87,8.597e-11,+2119,15447,15572,15284,31019,0.863,0.932,0.431,hayir,hayir
UGC08699,Sa–Sab,6.08,8.234e-11,+1452,15589,15447,15137,31036,0.907,0.953,0.452,hayir,hayir
UGC08699,Sa–Sab,6.30,7.892e-11,+806,15740,15343,15007,31082,0.949,0.974,0.473,hayir,hayir
UGC08699,Sa–Sab,6.52,7.586e-11,+173,15888,15261,14902,31149,0.989,0.994,0.494,hayir,hayir
UGC08699,Sa–Sab,6.74,7.301e-11,-464,16036,15185,14802,31220,1.029,1.015,0.516,hayir,hayir
UGC08699,Sa–Sab,6.95,7.050e-11,-1104,16176,15119,14712,31296,1.068,1.035,0.538,hayir,hayir
UGC08699,Sa–Sab,7.16,6.829e-11,-1717,16319,15088,14651,31407,1.105,1.055,0.559,hayir,hayir
UGC08699,Sa–Sab,7.39,6.617e-11,-1927,16472,15089,14626,31562,1.117,1.061,0.566,hayir,hayir
UGC08699,Sa–Sab,7.60,6.463e-11,-2081,16617,15157,14662,31775,1.125,1.066,0.571,hayir,hayir
UGC08699,Sa–Sab,7.82,6.319e-11,-2209,16767,15248,14721,32016,1.132,1.069,0.575,hayir,hayir
UGC08699,Sa–Sab,8.03,6.197e-11,-2332,16910,15354,14792,32264,1.138,1.072,0.579,hayir,hayir
UGC08699,Sa–Sab,8.26,6.072e-11,-2432,17061,15476,14879,32537,1.143,1.075,0.582,hayir,hayir
UGC08699,Sa–Sab,8.47,5.962e-11,-2190,17197,15581,14949,32779,1.127,1.067,0.573,hayir,hayir
UGC08699,Sa–Sab,8.68,5.842e-11,-2372,17324,15648,14984,32972,1.137,1.072,0.579,hayir,hayir
UGC08699,Sa–Sab,8.91,5.696e-11,-2229,17456,15659,14957,33115,1.128,1.067,0.575,hayir,hayir
UGC08699,Sa–Sab,9.53,5.193e-11,-1938,17761,15270,14472,33031,1.109,1.059,0.567,hayir,hayir
UGC08699,Sa–Sab,9.78,4.980e-11,-2071,17868,15030,14191,32898,1.116,1.063,0.573,hayir,hayir
UGC08699,Sa–Sab,9.99,4.799e-11,-1849,17953,14795,13918,32747,1.103,1.056,0.566,hayir,hayir
UGC08699,Sa–Sab,10.21,4.606e-11,-2054,18030,14512,13605,32542,1.114,1.063,0.575,hayir,hayir
UGC08699,Sa–Sab,11.46,3.674e-11,-1669,18462,12993,11869,31455,1.090,1.053,0.570,hayir,hayir
UGC08699,Sa–Sab,13.39,2.732e-11,-990,19052,11288,9861,30339,1.052,1.033,0.550,hayir,hayir
UGC08699,Sa–Sab,15.21,2.157e-11,-1071,19430,10124,8594,29554,1.055,1.036,0.562,hayir,hayir
UGC08699,Sa–Sab,17.13,1.720e-11,-2545,19694,9090,7560,28784,1.129,1.088,0.668,hayir,hayir
UGC08699,Sa–Sab,19.06,1.405e-11,-4208,19927,8265,6744,28192,1.211,1.149,0.812,hayir,hayir
UGC08699,Sa–Sab,20.99,1.173e-11,-5043,20124,7594,6097,27718,1.251,1.182,0.914,hayir,hayir
UGC08699,Sa–Sab,22.92,9.860e-12,-6000,20150,6974,5601,27124,1.298,1.221,1.036,hayir,hayir
UGC08699,Sa–Sab,25.70,7.730e-12,-7300,20059,6130,4971,26189,1.364,1.279,1.234,hayir,hayir
UGC09133,Sa–Sab,0.63,3.138e-09,-7533,10979,61012,61012,71991,1.686,1.105,0.562,hayir,hayir
UGC09133,Sa–Sab,0.95,2.543e-09,+10848,15258,74551,74551,89809,0.289,0.879,0.427,hayir,hayir
UGC09133,Sa–Sab,1.26,2.027e-09,+18378,17985,78793,78787,96778,-0.022,0.810,0.383,evet,hayir
UGC09133,Sa–Sab,1.58,1.645e-09,+21917,20112,80205,80193,100317,-0.090,0.782,0.363,evet,hayir
UGC09133,Sa–Sab,1.89,1.363e-09,+23388,21750,79479,79460,101229,-0.075,0.769,0.353,evet,hayir
UGC09133,Sa–Sab,2.21,1.147e-09,+23511,23163,78189,78162,101352,-0.015,0.768,0.350,evet,hayir
UGC09133,Sa–Sab,2.52,9.850e-10,+23100,24348,76593,76557,100941,0.051,0.771,0.349,hayir,hayir
UGC09133,Sa–Sab,2.84,8.547e-10,+22514,25458,74897,74851,100355,0.116,0.776,0.350,hayir,hayir
UGC09133,Sa–Sab,3.15,7.606e-10,+22560,26474,73927,73871,100401,0.148,0.775,0.347,hayir,hayir
UGC09133,Sa–Sab,3.47,6.918e-10,+23694,27457,74078,74011,101535,0.137,0.767,0.340,hayir,hayir
UGC09133,Sa–Sab,3.79,6.355e-10,+24809,28330,74320,74241,102650,0.124,0.758,0.333,hayir,hayir
UGC09133,Sa–Sab,4.10,5.865e-10,+24856,29059,74197,74105,103256,0.145,0.759,0.332,hayir,hayir
UGC09133,Sa–Sab,4.42,5.394e-10,+24864,29703,73561,73456,103264,0.163,0.759,0.331,hayir,hayir
UGC09133,Sa–Sab,4.73,4.960e-10,+24223,30237,72386,72266,102623,0.199,0.764,0.332,hayir,hayir
UGC09133,Sa–Sab,5.05,4.543e-10,+22557,30728,70790,70654,101518,0.266,0.778,0.340,hayir,hayir
UGC09133,Sa–Sab,5.36,4.177e-10,+20733,31165,69092,68941,100257,0.335,0.793,0.350,hayir,hayir
UGC09133,Sa–Sab,5.68,3.847e-10,+19487,31592,67420,67250,99011,0.383,0.803,0.355,hayir,hayir
UGC09133,Sa–Sab,5.99,3.569e-10,+17871,31992,65968,65779,97960,0.441,0.818,0.364,hayir,hayir
UGC09133,Sa–Sab,6.31,3.323e-10,+16436,32396,64695,64486,97092,0.493,0.831,0.373,hayir,hayir
UGC09133,Sa–Sab,6.62,3.124e-10,+15932,32782,63806,63579,96588,0.514,0.835,0.375,hayir,hayir
UGC09133,Sa–Sab,6.94,2.947e-10,+15055,33174,63106,62857,96280,0.546,0.844,0.380,hayir,hayir
UGC09133,Sa–Sab,7.57,2.645e-10,+13891,33900,61787,61490,95687,0.590,0.855,0.387,hayir,hayir
UGC09133,Sa–Sab,7.89,2.500e-10,+12730,34234,60865,60543,95099,0.628,0.866,0.395,hayir,hayir
UGC09133,Sa–Sab,8.20,2.362e-10,+11931,34538,59762,59410,94300,0.655,0.873,0.400,hayir,hayir
UGC09133,Sa–Sab,8.31,2.316e-10,+11091,34641,59393,59033,94035,0.680,0.882,0.406,hayir,hayir
UGC09133,Sa–Sab,8.52,2.236e-10,+10675,34839,58780,58396,93619,0.694,0.886,0.409,hayir,hayir
UGC09133,Sa–Sab,8.83,2.130e-10,+10203,35124,58023,57611,93147,0.710,0.890,0.411,hayir,hayir
UGC09133,Sa–Sab,9.15,2.027e-10,+9702,35409,57237,56791,92646,0.726,0.895,0.415,hayir,hayir
UGC09133,Sa–Sab,9.78,1.836e-10,+7819,35919,55421,54912,91340,0.782,0.914,0.429,hayir,hayir
UGC09133,Sa–Sab,10.10,1.744e-10,+6970,36151,54341,53803,90491,0.807,0.923,0.435,hayir,hayir
UGC09133,Sa–Sab,11.04,1.504e-10,+5090,36784,51250,50613,88034,0.862,0.942,0.450,hayir,hayir
UGC09133,Sa–Sab,11.36,1.435e-10,+4324,36981,50287,49625,87268,0.883,0.950,0.456,hayir,hayir
UGC09133,Sa–Sab,11.67,1.373e-10,+3651,37169,49426,48732,86595,0.902,0.958,0.463,hayir,hayir
UGC09133,Sa–Sab,13.57,1.081e-10,+2274,38236,45263,44421,83499,0.941,0.973,0.474,hayir,hayir
UGC09133,Sa–Sab,13.88,1.041e-10,+2331,38393,44594,43731,82987,0.939,0.972,0.473,hayir,hayir
UGC09133,Sa–Sab,14.20,1.004e-10,+1898,38553,44001,43111,82554,0.951,0.977,0.478,hayir,hayir
UGC09133,Sa–Sab,16.61,7.778e-11,+2238,39659,39863,38800,79522,0.944,0.972,0.471,hayir,hayir
UGC09133,Sa–Sab,19.35,6.097e-11,+2573,40700,36401,35128,77102,0.937,0.967,0.463,hayir,hayir
UGC09133,Sa–Sab,22.19,4.806e-11,+2202,41655,32908,31317,74563,0.947,0.970,0.465,hayir,hayir
UGC09133,Sa–Sab,24.92,3.987e-11,+3015,42585,30655,28665,73240,0.929,0.959,0.447,hayir,hayir
UGC09133,Sa–Sab,27.66,3.367e-11,+3588,43499,28734,26311,72232,0.918,0.950,0.432,hayir,hayir
UGC09133,Sa–Sab,30.50,2.848e-11,+4967,44211,26806,24155,71016,0.888,0.930,0.397,hayir,hayir
UGC09133,Sa–Sab,33.23,2.438e-11,+6163,44673,24994,22302,69667,0.862,0.912,0.362,hayir,hayir
UGC09133,Sa–Sab,35.96,2.080e-11,+6923,44854,23078,20553,67932,0.846,0.898,0.332,hayir,hayir
UGC09133,Sa–Sab,38.80,1.778e-11,+7674,44949,21289,18956,66238,0.829,0.884,0.298,hayir,hayir
UGC09133,Sa–Sab,41.54,1.548e-11,+8279,45078,19846,17621,64923,0.816,0.872,0.265,hayir,hayir
UGC09133,Sa–Sab,44.27,1.369e-11,+8857,45375,18707,16433,64082,0.805,0.862,0.231,hayir,hayir
UGC09133,Sa–Sab,47.11,1.226e-11,+8005,45884,17817,15344,63701,0.826,0.874,0.239,hayir,hayir
UGC09133,Sa–Sab,49.84,1.104e-11,+6093,46230,16983,14427,63214,0.868,0.904,0.289,hayir,hayir
UGC09133,Sa–Sab,52.58,9.886e-12,+3755,46280,16040,13596,62319,0.919,0.940,0.362,hayir,hayir
UGC09133,Sa–Sab,55.42,8.913e-12,+1663,46446,15242,12829,61688,0.964,0.973,0.435,hayir,hayir
UGC09133,Sa–Sab,58.15,8.208e-12,+607,46889,14727,12171,61616,0.987,0.990,0.475,hayir,hayir
UGC09133,Sa–Sab,60.89,7.671e-12,+1476,47579,14413,11580,61992,0.969,0.976,0.436,hayir,hayir
UGC09133,Sa–Sab,63.62,7.100e-12,+2812,47923,13939,11040,61861,0.941,0.955,0.373,hayir,hayir
UGC09133,Sa–Sab,66.46,6.538e-12,+4403,48116,13408,10532,61524,0.908,0.928,0.291,hayir,hayir
UGC09133,Sa–Sab,69.19,6.048e-12,+6388,48233,12912,10090,61144,0.868,0.896,0.183,hayir,hayir
UGC09133,Sa–Sab,71.93,5.628e-12,+8020,48430,12491,9679,60920,0.834,0.868,0.086,hayir,hayir
UGC09133,Sa–Sab,74.77,5.259e-12,+8870,48720,12133,9290,60854,0.818,0.854,0.023,hayir,hayir
UGC09133,Sa–Sab,77.50,4.963e-12,+8986,49102,11868,8947,60970,0.817,0.853,-0.002,hayir,hayir
UGC09133,Sa–Sab,80.23,4.692e-12,+9557,49471,11614,8627,61086,0.807,0.844,-0.054,hayir,hayir
UGC09133,Sa–Sab,83.07,4.424e-12,+10041,49778,11339,8318,61117,0.798,0.836,-0.104,hayir,hayir
UGC09133,Sa–Sab,85.81,4.174e-12,+10853,49977,11052,8043,61029,0.783,0.822,-0.175,hayir,hayir
UGC09133,Sa–Sab,88.54,3.931e-12,+11521,50066,10739,7785,60805,0.770,0.811,-0.240,hayir,hayir
UGC09133,Sa–Sab,91.38,3.696e-12,+11265,50128,10421,7534,60549,0.775,0.814,-0.248,hayir,hayir
UGC09133,Sa–Sab,94.12,3.491e-12,+10166,50203,10140,7308,60342,0.797,0.832,-0.196,hayir,hayir
UGC09133,Sa–Sab,99.69,3.149e-12,+8697,50539,9687,6888,60226,0.828,0.856,-0.131,hayir,hayir
UGC09133,Sa–Sab,108.31,2.683e-12,+7248,50722,8967,6327,59689,0.857,0.879,-0.073,hayir,hayir
UGC11914,Sa–Sab,0.37,3.118e-09,+4927,4297,35600,35599,39896,-0.147,0.876,0.431,evet,hayir
UGC11914,Sa–Sab,0.47,2.648e-09,+3056,6274,38398,38397,44672,0.513,0.932,0.460,hayir,hayir
UGC11914,Sa–Sab,0.56,2.342e-09,+580,7640,40464,40463,48104,0.924,0.988,0.493,hayir,hayir
UGC11914,Sa–Sab,0.65,2.099e-09,-2924,8810,42090,42089,50900,1.332,1.057,0.535,hayir,hayir
UGC11914,Sa–Sab,0.75,1.898e-09,-5146,9975,43928,43926,53903,1.516,1.095,0.559,hayir,hayir
UGC11914,Sa–Sab,0.84,1.778e-09,-6983,10938,46088,46085,57026,1.638,1.122,0.576,hayir,hayir
UGC11914,Sa–Sab,0.93,1.692e-09,-8260,11823,48561,48558,60384,1.699,1.137,0.585,hayir,hayir
UGC11914,Sa–Sab,1.03,1.606e-09,-8605,12708,51048,51045,63756,1.677,1.135,0.584,hayir,hayir
UGC11914,Sa–Sab,1.12,1.531e-09,-9276,13422,52927,52923,66349,1.691,1.140,0.588,hayir,hayir
UGC11914,Sa–Sab,1.21,1.459e-09,-9874,14069,54456,54452,68526,1.702,1.144,0.591,hayir,hayir
UGC11914,Sa–Sab,1.30,1.386e-09,-10401,14658,55596,55591,70255,1.710,1.148,0.594,hayir,hayir
UGC11914,Sa–Sab,1.41,1.301e-09,-10458,15315,56596,56589,71911,1.683,1.145,0.592,hayir,hayir
UGC11914,Sa–Sab,1.50,1.236e-09,-10526,15809,57186,57179,72995,1.666,1.144,0.592,hayir,hayir
UGC11914,Sa–Sab,1.59,1.175e-09,-10200,16270,57630,57622,73900,1.627,1.138,0.589,hayir,hayir
UGC11914,Sa–Sab,1.68,1.117e-09,-10076,16703,57902,57893,74605,1.603,1.135,0.587,hayir,hayir
UGC11914,Sa–Sab,1.78,1.057e-09,-10044,17155,58065,58055,75220,1.585,1.134,0.587,hayir,hayir
UGC11914,Sa–Sab,1.87,1.007e-09,-9607,17543,58114,58104,75657,1.548,1.127,0.583,hayir,hayir
UGC11914,Sa–Sab,1.96,9.617e-10,-8602,17917,58162,58151,76079,1.480,1.113,0.574,hayir,hayir
UGC11914,Sa–Sab,2.05,9.210e-10,-8141,18278,58262,58250,76540,1.445,1.106,0.570,hayir,hayir
UGC11914,Sa–Sab,2.16,8.759e-10,-7600,18701,58379,58366,77081,1.406,1.099,0.565,hayir,hayir
UGC11914,Sa–Sab,2.25,8.421e-10,-6597,19035,58469,58455,77503,1.347,1.085,0.556,hayir,hayir
UGC11914,Sa–Sab,2.34,8.111e-10,-6173,19358,58569,58555,77927,1.319,1.079,0.553,hayir,hayir
UGC11914,Sa–Sab,2.43,7.834e-10,-5690,19673,58737,58723,78410,1.289,1.073,0.548,hayir,hayir
UGC11914,Sa–Sab,2.46,7.749e-10,-5505,19776,58819,58805,78595,1.278,1.070,0.547,hayir,hayir
UGC11914,Sa–Sab,2.53,7.556e-10,-5101,20009,58990,58976,78999,1.255,1.065,0.543,hayir,hayir
UGC11914,Sa–Sab,2.62,7.321e-10,-4614,20300,59186,59172,79486,1.227,1.058,0.539,hayir,hayir
UGC11914,Sa–Sab,2.71,7.106e-10,-4099,20578,59424,59409,80001,1.199,1.051,0.534,hayir,hayir
UGC11914,Sa–Sab,2.80,6.898e-10,-3657,20842,59601,59587,80443,1.175,1.045,0.531,hayir,hayir
UGC11914,Sa–Sab,2.99,6.475e-10,-2999,21359,59743,59727,81101,1.140,1.037,0.525,hayir,hayir
UGC11914,Sa–Sab,3.28,5.884e-10,-3066,22060,59554,59537,81615,1.139,1.038,0.526,hayir,hayir
UGC11914,Sa–Sab,3.74,5.066e-10,-3785,23012,58467,58446,81479,1.164,1.046,0.532,hayir,hayir
UGC11914,Sa–Sab,3.83,4.924e-10,-3898,23177,58189,58167,81366,1.168,1.048,0.534,hayir,hayir
UGC11914,Sa–Sab,4.02,4.645e-10,-4130,23510,57624,57597,81134,1.176,1.051,0.536,hayir,hayir
UGC11914,Sa–Sab,4.09,4.548e-10,-4241,23628,57395,57366,81023,1.179,1.052,0.537,hayir,hayir
UGC11914,Sa–Sab,4.12,4.507e-10,-4291,23678,57296,57267,80973,1.181,1.053,0.537,hayir,hayir
UGC11914,Sa–Sab,4.30,4.269e-10,-4076,23966,56640,56602,80605,1.170,1.051,0.536,hayir,hayir
UGC11914,Sa–Sab,4.39,4.154e-10,-4312,24103,56266,56223,80369,1.179,1.054,0.538,hayir,hayir
UGC11914,Sa–Sab,4.49,4.032e-10,-4560,24252,55869,55819,80121,1.188,1.057,0.541,hayir,hayir
UGC11914,Sa–Sab,4.58,3.927e-10,-4215,24383,55502,55445,79885,1.173,1.053,0.538,hayir,hayir
UGC11914,Sa–Sab,4.87,3.615e-10,-4415,24786,54320,54228,79106,1.178,1.056,0.541,hayir,hayir
UGC11914,Sa–Sab,4.91,3.575e-10,-3947,24840,54157,54056,78997,1.159,1.050,0.537,hayir,hayir
UGC11914,Sa–Sab,4.96,3.525e-10,-4085,24906,53953,53844,78859,1.164,1.052,0.538,hayir,hayir
UGC11914,Sa–Sab,5.05,3.440e-10,-3742,25024,53604,53479,78627,1.150,1.048,0.535,hayir,hayir
UGC11914,Sa–Sab,5.14,3.357e-10,-3985,25140,53244,53100,78384,1.159,1.051,0.538,hayir,hayir
UGC11914,Sa–Sab,5.24,3.269e-10,-3676,25265,52855,52692,78120,1.146,1.047,0.535,hayir,hayir
UGC11914,Sa–Sab,5.33,3.192e-10,-3920,25375,52501,52321,77876,1.154,1.050,0.537,hayir,hayir
UGC11914,Sa–Sab,5.42,3.119e-10,-3580,25485,52161,51960,77645,1.140,1.046,0.534,hayir,hayir
UGC11914,Sa–Sab,5.51,3.048e-10,-3815,25592,51818,51595,77410,1.149,1.049,0.537,hayir,hayir
UGC11914,Sa–Sab,5.61,2.973e-10,-3479,25710,51467,51222,77177,1.135,1.045,0.534,hayir,hayir
UGC11914,Sa–Sab,5.71,2.903e-10,-3677,25825,51153,50885,76979,1.142,1.048,0.536,hayir,hayir
UGC11914,Sa–Sab,5.80,2.843e-10,-3286,25929,50874,50580,76803,1.127,1.043,0.532,hayir,hayir
UGC11914,Sa–Sab,5.89,2.783e-10,-3472,26031,50586,50266,76617,1.133,1.045,0.535,hayir,hayir
UGC11914,Sa–Sab,5.98,2.727e-10,-3639,26132,50318,49971,76450,1.139,1.048,0.536,hayir,hayir
UGC11914,Sa–Sab,6.08,2.666e-10,-3834,26241,50014,49638,76255,1.146,1.050,0.539,hayir,hayir
UGC11914,Sa–Sab,6.15,2.625e-10,-3951,26318,49820,49419,76138,1.150,1.052,0.540,hayir,hayir
UGC11914,Sa–Sab,6.17,2.614e-10,-3979,26340,49770,49360,76110,1.151,1.052,0.540,hayir,hayir
UGC11914,Sa–Sab,6.26,2.563e-10,-4133,26438,49517,49073,75956,1.156,1.054,0.542,hayir,hayir
UGC11914,Sa–Sab,6.35,2.514e-10,-4291,26534,49265,48788,75798,1.162,1.057,0.544,hayir,hayir
UGC11914,Sa–Sab,6.73,2.320e-10,-5562,26916,48178,47573,75094,1.207,1.074,0.558,hayir,hayir
UGC11914,Sa–Sab,6.83,2.272e-10,-5766,27010,47880,47243,74890,1.213,1.077,0.561,hayir,hayir
UGC11914,Sa–Sab,6.92,2.230e-10,-6524,27094,47607,46937,74701,1.241,1.087,0.569,hayir,hayir
UGC11914,Sa–Sab,7.37,2.030e-10,-9293,27483,46168,45366,73651,1.338,1.126,0.602,hayir,hayir
UGC11914,Sa–Sab,8.60,1.569e-10,-18271,28294,41644,40670,69938,1.646,1.261,0.725,hayir,hayir
UGC11914,Sa–Sab,9.83,1.217e-10,-27334,28776,36915,36057,65691,1.950,1.416,0.879,hayir,hayir
ESO079-G014,Sb–Sbc,0.98,3.811e-11,+940,2328,1152,1133,3480,0.596,0.730,0.085,hayir,hayir
ESO079-G014,Sb–Sbc,1.78,3.592e-11,+3024,3957,1973,1928,5930,0.236,0.490,-0.285,hayir,hayir
ESO079-G014,Sb–Sbc,2.69,3.520e-11,+3791,5439,2922,2849,8361,0.303,0.547,-0.165,hayir,hayir
ESO079-G014,Sb–Sbc,3.36,3.341e-11,+3173,6385,3464,3379,9848,0.503,0.678,0.030,hayir,hayir
ESO079-G014,Sb–Sbc,4.39,2.849e-11,+1148,7693,3860,3773,11552,0.851,0.901,0.348,hayir,hayir
ESO079-G014,Sb–Sbc,5.65,2.491e-11,-29,9084,4343,4253,13427,1.003,1.002,0.503,hayir,hayir
ESO079-G014,Sb–Sbc,6.34,2.418e-11,-2857,9837,4731,4626,14567,1.290,1.196,0.809,hayir,hayir
ESO079-G014,Sb–Sbc,6.89,2.443e-11,-3115,10460,5194,5053,15654,1.298,1.199,0.808,hayir,hayir
ESO079-G014,Sb–Sbc,8.34,2.632e-11,-4815,12128,6773,6476,18901,1.397,1.255,0.872,hayir,hayir
ESO079-G014,Sb–Sbc,10.04,2.864e-11,-3718,13979,8872,8284,22851,1.266,1.163,0.724,hayir,hayir
ESO079-G014,Sb–Sbc,11.65,2.739e-11,-3544,15511,9845,8899,25356,1.229,1.140,0.699,hayir,hayir
ESO079-G014,Sb–Sbc,13.36,2.463e-11,-3653,16818,10154,8843,26972,1.217,1.135,0.707,hayir,hayir
ESO079-G014,Sb–Sbc,15.06,2.111e-11,-3738,17780,9811,8257,27591,1.210,1.135,0.726,hayir,hayir
ESO079-G014,Sb–Sbc,16.67,1.819e-11,-3908,18420,9356,7717,27776,1.212,1.141,0.753,hayir,hayir
ESO563-G021,Sb–Sbc,1.34,1.746e-10,+10540,6719,7220,7220,13939,-0.569,0.244,-0.230,evet,hayir
ESO563-G021,Sb–Sbc,2.23,1.373e-10,+13670,9710,9450,9450,19160,-0.408,0.287,-0.223,evet,hayir
ESO563-G021,Sb–Sbc,3.12,1.110e-10,+8749,12226,10684,10684,22910,0.284,0.618,0.091,hayir,hayir
ESO563-G021,Sb–Sbc,4.01,1.007e-10,+7231,14653,12460,12460,27112,0.506,0.733,0.210,hayir,hayir
ESO563-G021,Sb–Sbc,4.90,1.022e-10,-5470,17104,15451,15451,32555,1.320,1.168,0.677,hayir,hayir
ESO563-G021,Sb–Sbc,5.79,1.110e-10,-12188,19503,19838,19838,39341,1.625,1.310,0.807,hayir,hayir
ESO563-G021,Sb–Sbc,6.69,1.150e-10,-15011,21771,23734,23734,45505,1.689,1.330,0.816,hayir,hayir
ESO563-G021,Sb–Sbc,7.58,1.118e-10,-21862,23822,26140,26140,49962,1.918,1.438,0.918,hayir,hayir
ESO563-G021,Sb–Sbc,8.47,1.118e-10,-25135,25730,29224,29224,54954,1.977,1.457,0.930,hayir,hayir
ESO563-G021,Sb–Sbc,10.23,1.079e-10,-21455,29181,34045,34045,63226,1.735,1.339,0.815,hayir,hayir
ESO563-G021,Sb–Sbc,12.06,1.016e-10,-26156,32120,37824,37824,69944,1.814,1.374,0.846,hayir,hayir
ESO563-G021,Sb–Sbc,13.44,9.316e-11,-23565,33898,38637,38636,72535,1.695,1.325,0.805,hayir,hayir
ESO563-G021,Sb–Sbc,15.18,8.506e-11,-20417,35841,39842,39833,75683,1.570,1.270,0.756,hayir,hayir
ESO563-G021,Sb–Sbc,16.83,7.773e-11,-20745,37483,40368,40138,77851,1.553,1.266,0.758,hayir,hayir
ESO563-G021,Sb–Sbc,18.56,6.765e-11,-22830,38916,38743,38218,77659,1.587,1.294,0.799,hayir,hayir
ESO563-G021,Sb–Sbc,20.30,6.088e-11,-23244,40381,38137,37044,78517,1.576,1.296,0.814,hayir,hayir
ESO563-G021,Sb–Sbc,21.94,5.671e-11,-21383,41346,38395,37264,79741,1.517,1.268,0.787,hayir,hayir
ESO563-G021,Sb–Sbc,23.68,5.253e-11,-19632,42471,38386,36813,80857,1.462,1.243,0.767,hayir,hayir
ESO563-G021,Sb–Sbc,25.41,4.623e-11,-20852,43391,36246,34223,79637,1.481,1.262,0.805,hayir,hayir
ESO563-G021,Sb–Sbc,27.06,4.089e-11,-19305,43900,34140,31997,78039,1.440,1.247,0.802,hayir,hayir
ESO563-G021,Sb–Sbc,28.80,3.555e-11,-21758,43990,31596,29729,75586,1.495,1.288,0.866,hayir,hayir
ESO563-G021,Sb–Sbc,30.53,3.118e-11,-22971,44375,29375,27343,73750,1.518,1.311,0.920,hayir,hayir
ESO563-G021,Sb–Sbc,32.18,2.820e-11,-22847,45248,28005,25256,73253,1.505,1.312,0.952,hayir,hayir
ESO563-G021,Sb–Sbc,33.91,2.574e-11,-24774,46258,26937,23373,73195,1.536,1.338,1.030,hayir,hayir
ESO563-G021,Sb–Sbc,35.65,2.327e-11,-30097,46709,25595,21805,72303,1.644,1.416,1.190,hayir,hayir
ESO563-G021,Sb–Sbc,37.30,2.133e-11,-31343,47154,24544,20534,71698,1.665,1.437,1.263,hayir,hayir
ESO563-G021,Sb–Sbc,39.03,1.937e-11,-31755,47322,23323,19359,70645,1.671,1.449,1.320,hayir,hayir
ESO563-G021,Sb–Sbc,40.76,1.766e-11,-29562,47454,22209,18315,69663,1.623,1.424,1.307,hayir,hayir
ESO563-G021,Sb–Sbc,42.41,1.630e-11,-28386,47624,21334,17464,68958,1.596,1.412,1.313,hayir,hayir
IC4202,Sb–Sbc,1.59,4.625e-10,+26707,10086,22690,22675,32776,-1.648,0.185,-0.089,evet,hayir
IC4202,Sb–Sbc,2.36,3.244e-10,+23605,13208,23623,23606,36830,-0.787,0.359,0.000,evet,hayir
IC4202,Sb–Sbc,3.13,2.446e-10,+14847,15557,23626,23625,39183,0.046,0.621,0.186,hayir,hayir
IC4202,Sb–Sbc,3.95,2.072e-10,+6086,17699,25251,25251,42950,0.656,0.858,0.379,hayir,hayir
IC4202,Sb–Sbc,4.73,1.848e-10,+4643,19284,26975,26975,46259,0.759,0.900,0.414,hayir,hayir
IC4202,Sb–Sbc,5.50,1.588e-10,+3805,20528,26958,26958,47486,0.815,0.920,0.429,hayir,hayir
IC4202,Sb–Sbc,6.27,1.372e-10,-227,21627,26545,26545,48173,1.011,1.005,0.504,hayir,hayir
IC4202,Sb–Sbc,7.08,1.246e-10,-3346,22793,27222,27222,50015,1.147,1.067,0.561,hayir,hayir
IC4202,Sb–Sbc,7.86,1.190e-10,-2427,23929,28869,28869,52798,1.101,1.046,0.542,hayir,hayir
IC4202,Sb–Sbc,8.66,1.145e-10,-4375,25045,30605,30605,55650,1.175,1.079,0.571,hayir,hayir
IC4202,Sb–Sbc,9.45,1.094e-10,-2553,26058,31905,31891,57963,1.098,1.044,0.540,hayir,hayir
IC4202,Sb–Sbc,10.24,1.034e-10,+2488,26943,32666,32666,59609,0.908,0.958,0.462,hayir,hayir
IC4202,Sb–Sbc,11.02,9.682e-11,+3039,27716,32923,32912,60639,0.890,0.950,0.454,hayir,hayir
IC4202,Sb–Sbc,11.79,9.045e-11,+3802,28497,32905,32660,61402,0.867,0.938,0.442,hayir,hayir
IC4202,Sb–Sbc,12.47,8.476e-11,+1248,29150,32614,32108,61764,0.957,0.980,0.481,hayir,hayir
IC4202,Sb–Sbc,13.34,7.798e-11,+3995,29977,32098,31152,62076,0.867,0.936,0.436,hayir,hayir
IC4202,Sb–Sbc,14.11,7.250e-11,-246,30690,31564,30183,62254,1.008,1.004,0.504,hayir,hayir
IC4202,Sb–Sbc,14.59,6.930e-11,+3709,31072,31201,29624,62273,0.881,0.940,0.437,hayir,hayir
IC4202,Sb–Sbc,14.98,6.689e-11,+2770,31386,30920,29166,62306,0.912,0.956,0.453,hayir,hayir
IC4202,Sb–Sbc,15.75,6.232e-11,+703,31921,30285,28284,62207,0.978,0.989,0.488,hayir,hayir
IC4202,Sb–Sbc,16.52,5.804e-11,-52,32361,29588,27445,61949,1.002,1.001,0.501,hayir,hayir
IC4202,Sb–Sbc,17.10,5.495e-11,+1110,32630,28996,26807,61626,0.966,0.982,0.479,hayir,hayir
IC4202,Sb–Sbc,17.88,5.103e-11,+3011,32937,28155,25947,61092,0.909,0.951,0.442,hayir,hayir
IC4202,Sb–Sbc,18.65,4.749e-11,-465,33214,27330,25104,60544,1.014,1.008,0.509,hayir,hayir
IC4202,Sb–Sbc,19.62,4.354e-11,+5161,33557,26359,24078,59917,0.846,0.914,0.393,hayir,hayir
IC4202,Sb–Sbc,20.78,3.982e-11,-2285,34183,25533,22880,59716,1.067,1.038,0.550,hayir,hayir
IC4202,Sb–Sbc,22.13,3.637e-11,+4203,35065,24833,21549,59899,0.880,0.930,0.402,hayir,hayir
IC4202,Sb–Sbc,23.00,3.425e-11,-175,35543,24308,20723,59850,1.005,1.003,0.504,hayir,hayir
IC4202,Sb–Sbc,23.58,3.293e-11,+738,35830,23957,20206,59787,0.979,0.988,0.482,hayir,hayir
IC4202,Sb–Sbc,25.03,2.938e-11,+2191,36141,22694,18967,58835,0.939,0.963,0.442,hayir,hayir
IC4202,Sb–Sbc,25.90,2.742e-11,-2873,36221,21915,18295,58136,1.079,1.049,0.579,hayir,hayir
NGC0289,Sb–Sbc,2.52,3.303e-10,-3112,8844,25681,25649,34524,1.352,1.090,0.561,hayir,hayir
NGC0289,Sb–Sbc,3.46,2.186e-10,+4284,11567,23343,23296,34909,0.630,0.877,0.408,hayir,hayir
NGC0289,Sb–Sbc,4.32,1.831e-10,+3457,13278,24405,24350,37682,0.740,0.908,0.429,hayir,hayir
NGC0289,Sb–Sbc,5.43,1.468e-10,+8830,14853,24603,24567,39455,0.405,0.776,0.320,hayir,hayir
NGC0289,Sb–Sbc,6.38,1.138e-10,+10093,15579,22403,22381,37982,0.352,0.734,0.275,hayir,hayir
NGC0289,Sb–Sbc,7.57,8.420e-11,+4816,16124,19668,19614,35792,0.701,0.865,0.377,hayir,hayir
NGC0289,Sb–Sbc,10.60,4.610e-11,-1809,17337,15078,14595,32416,1.104,1.056,0.562,hayir,hayir
NGC0289,Sb–Sbc,13.57,3.004e-11,-2510,18402,12577,11525,30979,1.136,1.081,0.609,hayir,hayir
NGC0289,Sb–Sbc,16.64,2.099e-11,+566,19373,10777,9271,30150,0.971,0.981,0.469,hayir,hayir
NGC0289,Sb–Sbc,19.71,1.623e-11,+4210,20259,9872,8066,30131,0.792,0.860,0.239,hayir,hayir
NGC0289,Sb–Sbc,22.68,1.371e-11,+6942,21683,9595,7139,31278,0.680,0.778,0.014,hayir,hayir
NGC0289,Sb–Sbc,25.75,1.162e-11,+7037,23084,9235,6216,32318,0.695,0.782,-0.066,hayir,hayir
NGC0289,Sb–Sbc,28.72,9.781e-12,+2494,23755,8668,5584,32423,0.895,0.923,0.277,hayir,hayir
NGC0289,Sb–Sbc,31.79,8.915e-12,+2786,25370,8745,5059,34115,0.890,0.918,0.225,hayir,hayir
NGC0289,Sb–Sbc,34.77,8.336e-12,+4015,27112,8944,4617,36056,0.852,0.889,0.065,hayir,hayir
NGC0289,Sb–Sbc,37.84,7.526e-12,+4225,28199,8787,4234,36986,0.850,0.886,0.001,hayir,hayir
NGC0289,Sb–Sbc,40.81,6.854e-12,+4667,29160,8631,3915,37791,0.840,0.877,-0.096,hayir,hayir
NGC0289,Sb–Sbc,43.88,6.120e-12,+4884,29722,8286,3625,38008,0.836,0.871,-0.174,hayir,hayir
NGC0289,Sb–Sbc,46.85,5.464e-12,+5540,30041,7899,3386,37940,0.816,0.854,-0.318,hayir,hayir
NGC0289,Sb–Sbc,49.92,4.885e-12,+6504,30308,7525,3171,37833,0.785,0.828,-0.525,hayir,hayir
NGC0289,Sb–Sbc,52.99,4.414e-12,+7222,30630,7217,2981,37847,0.764,0.809,-0.712,hayir,hayir
NGC0289,Sb–Sbc,55.96,4.025e-12,+8297,30930,6950,2817,37881,0.732,0.781,-0.973,hayir,hayir
NGC0289,Sb–Sbc,59.03,3.613e-12,+9290,30933,6581,2662,37514,0.700,0.752,-1.245,hayir,hayir
NGC0289,Sb–Sbc,62.00,3.193e-12,+11657,30513,6108,2531,36621,0.618,0.682,-1.803,hayir,hayir
NGC0289,Sb–Sbc,65.07,2.826e-12,+10801,30092,5673,2410,35765,0.641,0.698,-1.741,hayir,hayir
NGC0289,Sb–Sbc,68.05,2.544e-12,+7630,29844,5342,2302,35186,0.744,0.783,-1.157,hayir,hayir
NGC0289,Sb–Sbc,71.12,2.294e-12,+7412,29602,5035,2200,34637,0.750,0.786,-1.184,hayir,hayir
NGC0891,Sb–Sbc,2.32,8.893e-10,+43534,16736,63662,63662,80398,-1.601,0.459,0.158,evet,hayir
NGC0891,Sb–Sbc,3.24,7.042e-10,+45855,20400,70398,70398,90799,-1.248,0.495,0.174,evet,hayir
NGC0891,Sb–Sbc,4.17,4.830e-10,+34751,22329,62151,62151,84480,-0.556,0.589,0.220,evet,hayir
NGC0891,Sb–Sbc,5.10,3.455e-10,+28578,23484,54378,54378,77862,-0.217,0.633,0.237,evet,hayir
NGC0891,Sb–Sbc,6.03,2.624e-10,+23031,24385,48822,48822,73207,0.056,0.685,0.264,hayir,hayir
NGC0891,Sb–Sbc,6.96,2.099e-10,+19997,25089,45084,45084,70173,0.203,0.715,0.278,hayir,hayir
NGC0891,Sb–Sbc,7.89,1.690e-10,+15766,25689,41153,41112,66842,0.386,0.764,0.308,hayir,hayir
NGC0891,Sb–Sbc,8.80,1.440e-10,+14252,26230,39097,38834,65328,0.457,0.782,0.317,hayir,hayir
NGC0891,Sb–Sbc,9.73,1.186e-10,+10813,26726,35616,34959,62342,0.595,0.827,0.345,hayir,hayir
NGC0891,Sb–Sbc,10.64,1.011e-10,+8844,27183,33190,32148,60373,0.675,0.854,0.362,hayir,hayir
NGC0891,Sb–Sbc,11.58,8.772e-11,+8708,27539,31345,30089,58884,0.684,0.852,0.355,hayir,hayir
NGC0891,Sb–Sbc,12.52,7.538e-11,+8759,28038,29121,27342,57159,0.688,0.847,0.340,hayir,hayir
NGC0891,Sb–Sbc,13.46,6.745e-11,+8959,28468,28015,25865,56483,0.685,0.841,0.327,hayir,hayir
NGC0891,Sb–Sbc,14.40,5.977e-11,+8306,28837,26558,24125,55395,0.712,0.850,0.328,hayir,hayir
NGC0891,Sb–Sbc,15.33,5.272e-11,+7275,28995,24936,22503,53931,0.749,0.865,0.338,hayir,hayir
NGC0891,Sb–Sbc,16.27,4.666e-11,+8314,28991,23423,21187,52414,0.713,0.841,0.304,hayir,hayir
NGC0891,Sb–Sbc,17.11,4.171e-11,+7686,28927,22022,19994,50950,0.734,0.849,0.308,hayir,hayir
NGC1090,Sb–Sbc,1.07,1.462e-10,+5674,4653,4828,4828,9481,-0.219,0.402,-0.088,evet,hayir
NGC1090,Sb–Sbc,1.60,1.321e-10,+6124,6210,6523,6523,12734,0.014,0.519,0.031,hayir,hayir
NGC1090,Sb–Sbc,3.70,9.086e-11,+6111,11114,10374,10374,21487,0.450,0.716,0.205,hayir,hayir
NGC1090,Sb–Sbc,5.09,7.573e-11,+887,13328,11895,11895,25223,0.933,0.965,0.463,hayir,hayir
NGC1090,Sb–Sbc,6.61,6.771e-11,+1499,15245,13810,13810,29055,0.902,0.948,0.446,hayir,hayir
NGC1090,Sb–Sbc,8.17,5.859e-11,+4384,16839,14770,14770,31609,0.740,0.861,0.352,hayir,hayir
NGC1090,Sb–Sbc,9.11,5.116e-11,+1691,17586,14382,14289,31967,0.904,0.947,0.441,hayir,hayir
NGC1090,Sb–Sbc,10.37,4.416e-11,+5794,18559,14132,13813,32690,0.688,0.823,0.290,hayir,hayir
NGC1090,Sb–Sbc,11.28,4.191e-11,+2863,19252,14586,14072,33839,0.851,0.915,0.398,hayir,hayir
NGC1090,Sb–Sbc,13.62,3.476e-11,+5104,20772,14608,13593,35380,0.754,0.856,0.312,hayir,hayir
NGC1090,Sb–Sbc,15.04,3.007e-11,+7187,21455,13956,12690,35411,0.665,0.797,0.217,hayir,hayir
NGC1090,Sb–Sbc,16.37,2.605e-11,+7559,21958,13157,11704,35115,0.656,0.785,0.177,hayir,hayir
NGC1090,Sb–Sbc,17.59,2.264e-11,+6754,22357,12286,10676,34643,0.698,0.805,0.184,hayir,hayir
NGC1090,Sb–Sbc,18.80,1.995e-11,+6388,22707,11570,9828,34277,0.719,0.814,0.175,hayir,hayir
NGC1090,Sb–Sbc,20.13,1.750e-11,+6672,23025,10872,9036,33897,0.710,0.803,0.131,hayir,hayir
NGC1090,Sb–Sbc,21.35,1.565e-11,+6363,23280,10308,8411,33588,0.727,0.811,0.122,hayir,hayir
NGC1090,Sb–Sbc,22.57,1.414e-11,+6147,23522,9849,7899,33372,0.739,0.816,0.111,hayir,hayir
NGC1090,Sb–Sbc,23.89,1.280e-11,+6022,23813,9434,7403,33247,0.747,0.819,0.093,hayir,hayir
NGC1090,Sb–Sbc,25.11,1.182e-11,+6773,24183,9159,6980,33342,0.720,0.797,0.015,hayir,hayir
NGC1090,Sb–Sbc,26.33,1.101e-11,+7282,24584,8941,6600,33526,0.704,0.783,-0.052,hayir,hayir
NGC1090,Sb–Sbc,27.65,1.024e-11,+7498,25006,8736,6235,33742,0.700,0.778,-0.101,hayir,hayir
NGC1090,Sb–Sbc,28.87,9.635e-12,+7740,25400,8583,5939,33984,0.695,0.772,-0.152,hayir,hayir
NGC1090,Sb–Sbc,30.09,9.034e-12,+8547,25759,8388,5629,34147,0.668,0.750,-0.259,hayir,hayir
NGC2683,Sb–Sbc,2.89,2.968e-10,-8575,680,26467,26408,27146,13.613,1.316,0.662,hayir,hayir
NGC2683,Sb–Sbc,5.77,1.660e-10,-771,14624,29549,29093,44173,1.053,1.017,0.513,hayir,hayir
NGC2683,Sb–Sbc,8.66,8.148e-11,-3549,17114,21773,21453,38887,1.207,1.091,0.583,hayir,hayir
NGC2683,Sb–Sbc,11.54,5.369e-11,-2375,18508,19117,18521,37625,1.128,1.063,0.564,hayir,hayir
NGC2683,Sb–Sbc,14.43,3.260e-11,+3981,19050,14516,13850,33565,0.791,0.881,0.356,hayir,hayir
NGC2683,Sb–Sbc,17.31,2.222e-11,-4964,19265,11871,11205,31136,1.258,1.159,0.722,hayir,hayir
NGC2683,Sb–Sbc,20.20,1.593e-11,+653,19284,9930,9367,29214,0.966,0.978,0.465,hayir,hayir
NGC2683,Sb–Sbc,23.08,1.190e-11,+5156,19178,8478,8056,27656,0.731,0.814,0.180,hayir,hayir
NGC2683,Sb–Sbc,28.85,7.450e-12,+150,19118,6632,6326,25750,0.992,0.994,0.488,hayir,hayir
NGC2683,Sb–Sbc,31.74,6.116e-12,+1071,19106,5990,5717,25096,0.944,0.957,0.406,hayir,hayir
NGC2683,Sb–Sbc,34.62,5.118e-12,+1762,19096,5467,5222,24563,0.908,0.928,0.331,hayir,hayir
NGC2841,Sb–Sbc,3.77,4.421e-10,-31828,4949,51432,51432,56381,7.431,1.565,0.809,hayir,hayir
NGC2841,Sb–Sbc,4.13,3.924e-10,-34595,7209,50005,50005,57214,5.799,1.605,0.846,hayir,hayir
NGC2841,Sb–Sbc,4.47,3.544e-10,-35917,8839,48880,48880,57719,5.063,1.622,0.867,hayir,hayir
NGC2841,Sb–Sbc,4.80,3.237e-10,-36132,10174,47942,47942,58117,4.551,1.622,0.877,hayir,hayir
NGC2841,Sb–Sbc,5.13,2.985e-10,-33807,11362,47247,47247,58609,3.975,1.577,0.858,hayir,hayir
NGC2841,Sb–Sbc,5.48,2.764e-10,-35628,12498,46737,46737,59236,3.851,1.601,0.881,hayir,hayir
NGC2841,Sb–Sbc,5.83,2.566e-10,-38277,13524,46168,46168,59692,3.830,1.641,0.915,hayir,hayir
NGC2841,Sb–Sbc,6.16,2.405e-10,-38458,14423,45714,45714,60138,3.666,1.640,0.921,hayir,hayir
NGC2841,Sb–Sbc,6.51,2.289e-10,-37898,15346,45980,45966,61327,3.470,1.618,0.912,hayir,hayir
NGC2841,Sb–Sbc,6.86,2.185e-10,-38000,16231,46258,46194,62489,3.341,1.608,0.911,hayir,hayir
NGC2841,Sb–Sbc,7.18,2.093e-10,-39042,16997,46361,46213,63358,3.297,1.616,0.922,hayir,hayir
NGC2841,Sb–Sbc,7.51,2.007e-10,-35599,17754,46503,46239,64257,3.005,1.554,0.885,hayir,hayir
NGC2841,Sb–Sbc,7.85,1.937e-10,-35700,18508,46916,46505,65424,2.929,1.546,0.884,hayir,hayir
NGC2841,Sb–Sbc,8.21,1.862e-10,-36598,19274,47170,46562,66443,2.899,1.551,0.893,hayir,hayir
NGC2841,Sb–Sbc,8.57,1.778e-10,-37393,19930,47005,46271,66936,2.876,1.559,0.904,hayir,hayir
NGC2841,Sb–Sbc,8.90,1.700e-10,-35858,20488,46694,45829,67183,2.750,1.534,0.891,hayir,hayir
NGC2841,Sb–Sbc,9.24,1.618e-10,-37178,21026,46125,45117,67151,2.768,1.554,0.912,hayir,hayir
NGC2841,Sb–Sbc,9.60,1.535e-10,-37298,21570,45460,44283,67031,2.729,1.556,0.921,hayir,hayir
NGC2841,Sb–Sbc,9.93,1.469e-10,-36611,22051,45022,43680,67073,2.660,1.546,0.919,hayir,hayir
NGC2841,Sb–Sbc,10.27,1.411e-10,-35783,22534,44724,43207,67258,2.588,1.532,0.914,hayir,hayir
NGC2841,Sb–Sbc,10.60,1.358e-10,-36931,22983,44415,42732,67398,2.607,1.548,0.932,hayir,hayir
NGC2841,Sb–Sbc,10.93,1.309e-10,-36130,23422,44132,42264,67554,2.543,1.535,0.927,hayir,hayir
NGC2841,Sb–Sbc,11.27,1.259e-10,-35401,23852,43787,41724,67640,2.484,1.523,0.924,hayir,hayir
NGC2841,Sb–Sbc,12.31,1.110e-10,-37050,25100,42180,39450,67279,2.476,1.551,0.970,hayir,hayir
NGC2841,Sb–Sbc,14.35,8.484e-11,-37556,26639,37566,34343,64205,2.410,1.585,1.047,hayir,hayir
NGC2841,Sb–Sbc,16.40,6.481e-11,-34996,27072,32797,30104,59868,2.293,1.585,1.081,hayir,hayir
NGC2841,Sb–Sbc,18.48,5.128e-11,-32756,27405,29240,26902,56645,2.195,1.578,1.109,hayir,hayir
NGC2841,Sb–Sbc,20.57,4.249e-11,-33916,28516,26969,24004,55485,2.189,1.611,1.206,hayir,hayir
NGC2841,Sb–Sbc,22.51,3.726e-11,-32859,30061,25883,21837,55945,2.093,1.587,1.252,hayir,hayir
NGC2841,Sb–Sbc,24.59,3.203e-11,-32403,30912,24301,19922,55213,2.048,1.587,1.313,hayir,hayir
NGC2841,Sb–Sbc,26.68,2.677e-11,-33072,30740,22037,18205,52777,2.076,1.627,1.408,hayir,hayir
NGC2841,Sb–Sbc,28.77,2.263e-11,-32774,30657,20090,16627,50747,2.069,1.646,1.486,hayir,hayir
NGC2841,Sb–Sbc,30.70,1.970e-11,-34173,30682,18665,15415,49348,2.114,1.693,1.608,hayir,hayir
NGC2841,Sb–Sbc,32.79,1.740e-11,-34283,31054,17607,14314,48661,2.104,1.705,1.698,hayir,hayir
NGC2841,Sb–Sbc,34.88,1.579e-11,-32330,31898,16998,13346,48895,2.014,1.661,1.711,hayir,hayir
NGC2841,Sb–Sbc,36.96,1.458e-11,-30534,32924,16631,12523,49555,1.927,1.616,1.719,hayir,hayir
NGC2841,Sb–Sbc,38.90,1.360e-11,-25468,33831,16326,11850,50157,1.753,1.508,1.575,hayir,hayir
NGC2841,Sb–Sbc,40.99,1.257e-11,-23509,34580,15895,11188,50475,1.680,1.466,1.551,hayir,hayir
NGC2841,Sb–Sbc,43.08,1.156e-11,-23023,35049,15369,10611,50418,1.657,1.457,1.585,hayir,hayir
NGC2841,Sb–Sbc,45.16,1.054e-11,-25248,35141,14687,10095,49828,1.718,1.507,1.750,hayir,hayir
NGC2841,Sb–Sbc,47.10,9.564e-12,-27966,34863,13900,9650,48763,1.802,1.574,1.949,hayir,hayir
NGC2841,Sb–Sbc,49.19,8.630e-12,-31370,34492,13099,9223,47591,1.909,1.659,2.201,hayir,hayir
NGC2841,Sb–Sbc,51.27,7.897e-12,-34918,34385,12493,8827,46878,2.015,1.745,2.478,hayir,hayir
NGC2841,Sb–Sbc,53.36,7.371e-12,-32702,34686,12136,8470,46822,1.943,1.698,2.430,hayir,hayir
NGC2841,Sb–Sbc,55.30,7.066e-12,-32587,35445,12058,8165,47502,1.919,1.686,2.496,hayir,hayir
NGC2841,Sb–Sbc,57.38,6.819e-12,-34416,36455,12073,7855,48528,1.944,1.709,2.691,hayir,hayir
NGC2841,Sb–Sbc,59.47,6.593e-12,-32823,37448,12098,7572,49546,1.877,1.662,2.667,hayir,hayir
NGC2841,Sb–Sbc,61.56,6.318e-12,-33368,38153,12000,7309,50153,1.875,1.665,2.782,hayir,hayir
NGC2841,Sb–Sbc,63.64,6.001e-12,-36080,38572,11785,7061,50356,1.935,1.716,3.055,hayir,hayir
NGC2903,Sb–Sbc,0.64,1.056e-09,+22159,5408,20847,20847,26255,-3.097,0.156,-0.031,evet,hayir
NGC2903,Sb–Sbc,0.96,7.381e-10,+12871,7391,21864,21863,29255,-0.741,0.560,0.206,evet,hayir
NGC2903,Sb–Sbc,1.28,6.078e-10,+11206,9105,24005,24005,33110,-0.231,0.662,0.267,evet,hayir
NGC2903,Sb–Sbc,1.60,5.171e-10,+11496,10613,25532,25529,36145,-0.083,0.682,0.275,evet,hayir
NGC2903,Sb–Sbc,1.92,4.548e-10,+3253,12031,26943,26917,38974,0.730,0.917,0.440,hayir,hayir
NGC2903,Sb–Sbc,2.24,4.577e-10,+7069,13461,31634,31566,45094,0.475,0.843,0.388,hayir,hayir
NGC2903,Sb–Sbc,2.56,4.932e-10,+13455,14897,38959,38837,53856,0.097,0.750,0.327,hayir,hayir
NGC2903,Sb–Sbc,2.88,4.811e-10,+13100,16140,42757,42571,58896,0.188,0.778,0.346,hayir,hayir
NGC2903,Sb–Sbc,3.20,4.599e-10,+16274,17083,45415,45159,62499,0.047,0.740,0.320,hayir,hayir
NGC2903,Sb–Sbc,3.52,4.126e-10,+16373,17779,44819,44488,62598,0.079,0.738,0.316,hayir,hayir
NGC2903,Sb–Sbc,3.84,3.573e-10,+13987,18312,42331,41925,60643,0.236,0.769,0.333,hayir,hayir
NGC2903,Sb–Sbc,4.80,2.588e-10,+12071,19537,38330,37716,57867,0.382,0.791,0.340,hayir,hayir
NGC2903,Sb–Sbc,5.76,1.879e-10,+9545,20246,33399,32735,53645,0.529,0.822,0.354,hayir,hayir
NGC2903,Sb–Sbc,6.72,1.382e-10,+7252,20627,28650,28030,49277,0.648,0.853,0.371,hayir,hayir
NGC2903,Sb–Sbc,7.68,1.061e-10,+4854,20926,25137,24502,46063,0.768,0.895,0.401,hayir,hayir
NGC2903,Sb–Sbc,8.64,8.480e-11,+3370,21162,22609,21964,43771,0.841,0.923,0.423,hayir,hayir
NGC2903,Sb–Sbc,9.60,6.958e-11,+1627,21416,20612,19848,42028,0.924,0.961,0.459,hayir,hayir
NGC2903,Sb–Sbc,10.56,5.856e-11,+1243,21763,19081,18012,40844,0.943,0.970,0.465,hayir,hayir
NGC2903,Sb–Sbc,11.52,5.028e-11,+1189,22125,17873,16487,39998,0.946,0.970,0.464,hayir,hayir
NGC2903,Sb–Sbc,12.48,4.308e-11,+468,22295,16589,15155,38884,0.979,0.988,0.485,hayir,hayir
NGC2903,Sb–Sbc,13.44,3.696e-11,+401,22324,15326,14006,37650,0.982,0.989,0.486,hayir,hayir
NGC2903,Sb–Sbc,14.40,3.205e-11,+503,22364,14239,12991,36603,0.977,0.986,0.481,hayir,hayir
NGC2903,Sb–Sbc,15.36,2.801e-11,+367,22434,13277,12051,35711,0.984,0.990,0.485,hayir,hayir
NGC2903,Sb–Sbc,16.32,2.475e-11,-25,22478,12465,11280,34944,1.001,1.001,0.501,hayir,hayir
NGC2903,Sb–Sbc,17.28,2.194e-11,-1178,22468,11698,10597,34166,1.052,1.034,0.556,hayir,hayir
NGC2903,Sb–Sbc,18.24,1.963e-11,-1062,22487,11046,9991,33534,1.047,1.032,0.553,hayir,hayir
NGC2903,Sb–Sbc,19.20,1.767e-11,-1242,22513,10471,9450,32983,1.055,1.038,0.566,hayir,hayir
NGC2903,Sb–Sbc,20.16,1.598e-11,-1763,22520,9941,8966,32462,1.078,1.054,0.598,hayir,hayir
NGC2903,Sb–Sbc,21.12,1.455e-11,-732,22549,9480,8528,32029,1.032,1.023,0.543,hayir,hayir
NGC2903,Sb–Sbc,22.08,1.332e-11,-15,22592,9076,8135,31669,1.001,1.000,0.501,hayir,hayir
NGC2903,Sb–Sbc,23.04,1.223e-11,-17,22617,8695,7775,31312,1.001,1.001,0.501,hayir,hayir
NGC2903,Sb–Sbc,24.00,1.133e-11,-2027,22705,8392,7448,31097,1.089,1.065,0.636,hayir,hayir
NGC2903,Sb–Sbc,24.96,1.052e-11,-1527,22772,8101,7148,30873,1.067,1.049,0.607,hayir,hayir
NGC2955,Sb–Sbc,1.55,7.757e-10,+9976,14083,37101,37101,51185,0.292,0.805,0.366,hayir,hayir
NGC2955,Sb–Sbc,2.30,6.573e-10,+12405,19580,46649,46649,66229,0.366,0.813,0.367,hayir,hayir
NGC2955,Sb–Sbc,3.06,6.050e-10,+15283,23692,57127,57126,80819,0.355,0.811,0.366,hayir,hayir
NGC2955,Sb–Sbc,3.85,5.240e-10,+27477,26731,62250,62133,88981,-0.028,0.691,0.279,evet,hayir
NGC2955,Sb–Sbc,4.61,4.486e-10,+28632,28835,63807,63452,92641,0.007,0.691,0.274,hayir,hayir
NGC2955,Sb–Sbc,5.36,3.825e-10,+21375,30473,63263,62632,93736,0.299,0.772,0.329,hayir,hayir
NGC2955,Sb–Sbc,6.12,3.293e-10,+22243,31876,62191,61335,94067,0.302,0.764,0.319,hayir,hayir
NGC2955,Sb–Sbc,6.91,2.879e-10,+26963,33176,61388,60397,94563,0.187,0.715,0.277,hayir,hayir
NGC2955,Sb–Sbc,7.66,2.592e-10,+35517,34279,61263,60210,95542,-0.036,0.628,0.205,evet,hayir
NGC2955,Sb–Sbc,8.42,2.305e-10,+34083,35208,59885,58838,95092,0.032,0.642,0.210,hayir,hayir
NGC2955,Sb–Sbc,8.86,2.144e-10,+22987,35657,58618,57566,94276,0.355,0.756,0.300,hayir,hayir
NGC2955,Sb–Sbc,9.21,2.021e-10,+28393,35980,57438,56386,93418,0.211,0.696,0.248,hayir,hayir
NGC2955,Sb–Sbc,10.82,1.578e-10,+26003,37331,52682,51559,90012,0.303,0.711,0.248,hayir,hayir
NGC2955,Sb–Sbc,11.56,1.425e-10,+15294,37891,50844,49629,88735,0.596,0.828,0.346,hayir,hayir
NGC2955,Sb–Sbc,12.40,1.279e-10,+11308,38530,48954,47550,87484,0.707,0.871,0.381,hayir,hayir
NGC2955,Sb–Sbc,14.17,1.078e-10,+11389,39891,47123,45184,87014,0.714,0.869,0.374,hayir,hayir
NGC2955,Sb–Sbc,16.88,8.413e-11,+10246,42049,43822,40555,85871,0.756,0.881,0.374,hayir,hayir
NGC2955,Sb–Sbc,19.49,7.078e-11,+10370,43981,42566,38023,86546,0.764,0.880,0.364,hayir,hayir
NGC2955,Sb–Sbc,22.19,5.812e-11,+14425,45920,39794,33826,85714,0.686,0.832,0.287,hayir,hayir
NGC2955,Sb–Sbc,24.80,4.824e-11,+17917,47049,36918,30526,83966,0.619,0.787,0.207,hayir,hayir
NGC2955,Sb–Sbc,27.51,3.985e-11,+16945,47635,33826,27709,81461,0.644,0.792,0.194,hayir,hayir
NGC2955,Sb–Sbc,30.12,3.359e-11,+17680,47969,31216,25514,79184,0.631,0.777,0.154,hayir,hayir
NGC2955,Sb–Sbc,35.43,2.531e-11,+25648,49502,27676,21618,77177,0.482,0.668,-0.093,hayir,hayir
NGC3521,Sb–Sbc,0.69,1.069e-09,+1599,4438,22761,22761,27199,0.640,0.941,0.465,hayir,hayir
NGC3521,Sb–Sbc,0.86,9.849e-10,+704,6252,26136,26136,32388,0.887,0.978,0.487,hayir,hayir
NGC3521,Sb–Sbc,1.03,9.237e-10,+1640,7627,29357,29357,36984,0.785,0.956,0.472,hayir,hayir
NGC3521,Sb–Sbc,1.20,8.105e-10,+3724,8683,30010,30010,38693,0.571,0.904,0.438,hayir,hayir
NGC3521,Sb–Sbc,1.38,7.226e-10,+2400,9653,30772,30772,40425,0.751,0.941,0.461,hayir,hayir
NGC3521,Sb–Sbc,1.55,6.626e-10,+2618,10530,31689,31689,42219,0.751,0.938,0.459,hayir,hayir
NGC3521,Sb–Sbc,1.71,6.325e-10,+3463,11299,33372,33372,44672,0.694,0.922,0.448,hayir,hayir
NGC3521,Sb–Sbc,1.89,5.927e-10,+4232,12104,34563,34563,46668,0.650,0.909,0.439,hayir,hayir
NGC3521,Sb–Sbc,2.06,5.745e-10,+4812,12816,36518,36518,49333,0.624,0.902,0.434,hayir,hayir
NGC3521,Sb–Sbc,2.23,5.499e-10,+3344,13465,37840,37840,51305,0.752,0.935,0.456,hayir,hayir
NGC3521,Sb–Sbc,2.41,5.153e-10,+5710,14049,38317,38317,52366,0.594,0.891,0.425,hayir,hayir
NGC3521,Sb–Sbc,2.58,4.734e-10,+6419,14527,37689,37689,52215,0.558,0.877,0.415,hayir,hayir
NGC3521,Sb–Sbc,2.75,4.426e-10,+7162,14977,37554,37554,52531,0.522,0.864,0.405,hayir,hayir
NGC3521,Sb–Sbc,2.92,4.158e-10,+8778,15412,37467,37467,52878,0.430,0.834,0.383,hayir,hayir
NGC3521,Sb–Sbc,3.09,3.972e-10,+7914,15834,37876,37876,53710,0.500,0.853,0.396,hayir,hayir
NGC3521,Sb–Sbc,3.26,3.795e-10,+9050,16240,38179,38179,54419,0.443,0.834,0.381,hayir,hayir
NGC3521,Sb–Sbc,3.43,3.663e-10,+10449,16623,38770,38770,55393,0.371,0.811,0.365,hayir,hayir
NGC3521,Sb–Sbc,3.61,3.494e-10,+9697,17004,38918,38912,55922,0.430,0.827,0.375,hayir,hayir
NGC3521,Sb–Sbc,3.78,3.387e-10,+9774,17357,39506,39444,56863,0.437,0.828,0.376,hayir,hayir
NGC3521,Sb–Sbc,3.95,3.266e-10,+9530,17686,39805,39694,57491,0.461,0.834,0.380,hayir,hayir
NGC3521,Sb–Sbc,4.12,3.157e-10,+9715,17982,40133,39982,58115,0.460,0.833,0.379,hayir,hayir
NGC3521,Sb–Sbc,4.29,3.009e-10,+10555,18244,39835,39641,58079,0.421,0.818,0.367,hayir,hayir
NGC3521,Sb–Sbc,4.46,2.865e-10,+9495,18473,39422,39178,57895,0.486,0.836,0.379,hayir,hayir
NGC3521,Sb–Sbc,4.64,2.687e-10,+8751,18686,38466,38160,57151,0.532,0.847,0.385,hayir,hayir
NGC3521,Sb–Sbc,4.81,2.524e-10,+9664,18861,37459,37095,56320,0.488,0.828,0.370,hayir,hayir
NGC3521,Sb–Sbc,4.98,2.365e-10,+6960,19013,36347,35947,55360,0.634,0.874,0.403,hayir,hayir
NGC3521,Sb–Sbc,5.15,2.228e-10,+7026,19149,35401,34983,54550,0.633,0.871,0.400,hayir,hayir
NGC3521,Sb–Sbc,5.32,2.098e-10,+8341,19273,34437,34011,53710,0.567,0.845,0.377,hayir,hayir
NGC3521,Sb–Sbc,5.49,1.981e-10,+6722,19387,33560,33130,52947,0.653,0.873,0.399,hayir,hayir
NGC3521,Sb–Sbc,5.67,1.869e-10,+5553,19504,32705,32263,52209,0.715,0.894,0.414,hayir,hayir
NGC3521,Sb–Sbc,5.84,1.774e-10,+8323,19610,31977,31523,51587,0.576,0.839,0.368,hayir,hayir
NGC3521,Sb–Sbc,6.01,1.687e-10,+6057,19713,31289,30819,51001,0.693,0.881,0.402,hayir,hayir
NGC3521,Sb–Sbc,6.19,1.605e-10,+5108,19817,30660,30174,50477,0.742,0.899,0.415,hayir,hayir
NGC3521,Sb–Sbc,6.35,1.537e-10,+3362,19907,30111,29605,50018,0.831,0.933,0.443,hayir,hayir
NGC3521,Sb–Sbc,6.64,1.419e-10,+5037,20061,29076,28517,49137,0.749,0.897,0.412,hayir,hayir
NGC3521,Sb–Sbc,8.82,8.524e-11,+300,21201,23199,21977,44400,0.986,0.993,0.493,hayir,hayir
NGC3521,Sb–Sbc,11.07,5.729e-11,-2323,22209,19568,17681,41777,1.105,1.056,0.566,hayir,hayir
NGC3521,Sb–Sbc,13.32,4.113e-11,-2683,22846,16907,14795,39753,1.117,1.067,0.591,hayir,hayir
NGC3521,Sb–Sbc,15.49,3.086e-11,-4516,23170,14750,12690,37920,1.195,1.119,0.678,hayir,hayir
NGC3521,Sb–Sbc,17.74,2.310e-11,-6610,23182,12644,10860,35826,1.285,1.185,0.804,hayir,hayir
NGC3769,Sb–Sbc,1.74,1.510e-10,+1265,814,8107,7967,8921,-0.554,0.858,0.421,evet,hayir
NGC3769,Sb–Sbc,3.50,9.040e-11,+5181,6653,9763,9275,16417,0.221,0.684,0.221,hayir,hayir
NGC3769,Sb–Sbc,5.24,5.260e-11,+3483,8434,8505,7664,16939,0.587,0.794,0.273,hayir,hayir
NGC3769,Sb–Sbc,6.98,3.367e-11,+1165,9538,7252,6040,16790,0.878,0.931,0.404,hayir,hayir
NGC3769,Sb–Sbc,8.72,2.315e-11,+558,10205,6229,4863,16434,0.945,0.966,0.443,hayir,hayir
NGC3769,Sb–Sbc,10.47,1.667e-11,+849,10593,5385,4035,15978,0.920,0.947,0.395,hayir,hayir
NGC3769,Sb–Sbc,12.31,1.227e-11,+1488,10751,4660,3456,15412,0.862,0.903,0.285,hayir,hayir
NGC3769,Sb–Sbc,14.52,9.081e-12,+1909,11066,4069,2902,15134,0.827,0.874,0.171,hayir,hayir
NGC3769,Sb–Sbc,17.07,6.993e-12,+362,11563,3683,2464,15246,0.969,0.976,0.427,hayir,hayir
NGC3769,Sb–Sbc,31.82,2.465e-12,+1125,13346,2420,1282,15766,0.916,0.929,0.061,hayir,hayir
NGC3769,Sb–Sbc,34.61,2.093e-12,+1703,13391,2235,1177,15627,0.873,0.891,-0.224,hayir,hayir
NGC3769,Sb–Sbc,37.16,1.822e-12,+2751,13431,2089,1093,15520,0.795,0.823,-0.759,hayir,hayir
NGC3949,Sb–Sbc,2.61,2.149e-10,+3077,6794,17307,17105,24102,0.547,0.872,0.410,hayir,hayir
NGC3949,Sb–Sbc,3.50,1.901e-10,+6865,9437,20532,19934,29969,0.273,0.771,0.328,hayir,hayir
NGC3949,Sb–Sbc,4.37,1.393e-10,+4974,10842,18781,17728,29623,0.541,0.832,0.360,hayir,hayir
NGC3949,Sb–Sbc,5.24,1.075e-10,+3192,11739,17374,15976,29113,0.728,0.890,0.400,hayir,hayir
NGC3949,Sb–Sbc,6.11,8.256e-11,+766,12426,15565,13853,27991,0.938,0.973,0.472,hayir,hayir
NGC3949,Sb–Sbc,7.07,6.517e-11,-1182,13163,14217,12050,27379,1.090,1.043,0.549,hayir,hayir
NGC3953,Sb–Sbc,5.24,1.482e-10,-6391,10853,23965,23965,34818,1.589,1.184,0.633,hayir,hayir
NGC3953,Sb–Sbc,6.98,1.219e-10,-4995,15415,26246,26246,41661,1.324,1.120,0.595,hayir,hayir
NGC3953,Sb–Sbc,8.72,1.112e-10,-1039,18771,29918,29836,48690,1.055,1.021,0.517,hayir,hayir
NGC3953,Sb–Sbc,10.47,9.591e-11,+2107,21297,30986,30618,52283,0.901,0.960,0.466,hayir,hayir
NGC3953,Sb–Sbc,12.19,8.061e-11,+3731,23140,30320,29486,53460,0.839,0.930,0.437,hayir,hayir
NGC3953,Sb–Sbc,13.94,6.636e-11,+2798,24430,28544,27280,52974,0.885,0.947,0.449,hayir,hayir
NGC3953,Sb–Sbc,15.68,5.236e-11,+4258,25149,25334,23928,50483,0.831,0.916,0.411,hayir,hayir
NGC3972,Sb–Sbc,1.74,3.552e-11,-470,2952,1907,1872,4859,1.159,1.097,0.626,hayir,hayir
NGC3972,Sb–Sbc,2.61,3.487e-11,-824,4359,2808,2755,7168,1.189,1.115,0.650,hayir,hayir
NGC3972,Sb–Sbc,3.50,3.401e-11,-1119,5613,3673,3491,9285,1.199,1.121,0.660,hayir,hayir
NGC3972,Sb–Sbc,4.37,3.090e-11,-1324,6610,4167,3888,10776,1.200,1.123,0.670,hayir,hayir
NGC3972,Sb–Sbc,5.24,3.322e-11,-470,7614,5371,4934,12986,1.062,1.036,0.548,hayir,hayir
NGC3972,Sb–Sbc,6.11,3.328e-11,-399,8456,6274,5665,14730,1.047,1.027,0.535,hayir,hayir
NGC3972,Sb–Sbc,6.98,2.817e-11,-1745,9089,6067,5263,15155,1.192,1.115,0.666,hayir,hayir
NGC3972,Sb–Sbc,7.85,2.333e-11,-2763,9543,5651,4714,15193,1.290,1.182,0.793,hayir,hayir
NGC3972,Sb–Sbc,8.72,1.923e-11,-3028,9754,5174,4270,14928,1.310,1.203,0.855,hayir,hayir
NGC3992,Sb–Sbc,13.79,7.158e-11,-21168,18070,30459,30416,48528,2.171,1.436,0.848,hayir,hayir
NGC3992,Sb–Sbc,18.35,5.397e-11,-18779,24645,30560,29566,55205,1.762,1.340,0.818,hayir,hayir
NGC3992,Sb–Sbc,22.94,4.101e-11,-15885,28526,29030,26891,57556,1.557,1.276,0.795,hayir,hayir
NGC3992,Sb–Sbc,27.52,2.844e-11,-14899,30647,24150,21414,54797,1.486,1.272,0.848,hayir,hayir
NGC3992,Sb–Sbc,32.11,2.015e-11,-7518,31081,19966,17531,51046,1.242,1.147,0.714,hayir,hayir
NGC3992,Sb–Sbc,36.70,1.518e-11,-11008,31335,17192,15008,48528,1.351,1.227,0.867,hayir,hayir
NGC3992,Sb–Sbc,41.44,1.176e-11,-11427,31622,15032,12983,46654,1.361,1.245,0.940,hayir,hayir
NGC3992,Sb–Sbc,46.02,9.466e-12,-10746,31981,13441,11426,45423,1.336,1.237,0.970,hayir,hayir
NGC4013,Sb–Sbc,6.17,1.417e-10,-4987,6069,26969,26866,33038,1.822,1.151,0.593,hayir,hayir
NGC4013,Sb–Sbc,6.92,1.295e-10,-1312,8675,27650,27286,36324,1.151,1.036,0.524,hayir,hayir
NGC4013,Sb–Sbc,7.69,1.172e-10,+186,10406,27806,27228,38211,0.982,0.995,0.497,hayir,hayir
NGC4013,Sb–Sbc,8.36,1.062e-10,+849,11468,27406,26697,38874,0.926,0.978,0.484,hayir,hayir
NGC4013,Sb–Sbc,9.12,9.402e-11,+746,12312,26458,25636,38771,0.939,0.981,0.485,hayir,hayir
NGC4013,Sb–Sbc,9.88,8.095e-11,+634,12820,24678,23794,37498,0.951,0.983,0.487,hayir,hayir
NGC4013,Sb–Sbc,10.56,6.895e-11,+149,13027,22466,21588,35493,0.989,0.996,0.497,hayir,hayir
NGC4013,Sb–Sbc,11.31,5.845e-11,-1034,13163,20399,19533,33562,1.079,1.031,0.526,hayir,hayir
NGC4013,Sb–Sbc,12.08,5.009e-11,-2613,13310,18672,17781,31983,1.196,1.082,0.573,hayir,hayir
NGC4013,Sb–Sbc,12.77,4.419e-11,-3733,13451,17413,16482,30863,1.277,1.121,0.613,hayir,hayir
NGC4013,Sb–Sbc,13.47,3.943e-11,-4211,13625,16389,15392,30014,1.309,1.140,0.637,hayir,hayir
NGC4013,Sb–Sbc,14.17,3.544e-11,-3120,13786,15494,14442,29280,1.226,1.107,0.608,hayir,hayir
NGC4013,Sb–Sbc,14.98,3.154e-11,+1938,13931,14577,13489,28507,0.861,0.932,0.428,hayir,hayir
NGC4013,Sb–Sbc,15.68,2.856e-11,+1529,13955,13818,12765,27773,0.890,0.945,0.440,hayir,hayir
NGC4013,Sb–Sbc,16.37,2.597e-11,+184,13961,13119,12108,27080,0.987,0.993,0.492,hayir,hayir
NGC4013,Sb–Sbc,17.19,2.333e-11,-1243,13940,12372,11422,26313,1.089,1.047,0.554,hayir,hayir
NGC4013,Sb–Sbc,17.88,2.137e-11,-1888,13879,11789,10911,25668,1.136,1.074,0.587,hayir,hayir
NGC4013,Sb–Sbc,18.58,1.964e-11,-2471,13826,11259,10443,25085,1.179,1.099,0.618,hayir,hayir
NGC4013,Sb–Sbc,19.39,1.794e-11,-3003,13821,10732,9953,24553,1.217,1.122,0.651,hayir,hayir
NGC4013,Sb–Sbc,20.09,1.663e-11,-4110,13804,10311,9568,24114,1.298,1.170,0.715,hayir,hayir
NGC4013,Sb–Sbc,20.79,1.545e-11,-5913,13760,9910,9213,23671,1.430,1.250,0.821,hayir,hayir
NGC4013,Sb–Sbc,21.48,1.443e-11,-6605,13760,9564,8890,23324,1.480,1.283,0.871,hayir,hayir
NGC4013,Sb–Sbc,22.30,1.339e-11,-6198,13827,9216,8536,23043,1.448,1.269,0.863,hayir,hayir
NGC4013,Sb–Sbc,22.99,1.263e-11,-6032,13911,8958,8261,22868,1.434,1.264,0.865,hayir,hayir
NGC4013,Sb–Sbc,23.69,1.195e-11,-6797,14051,8736,7998,22787,1.484,1.298,0.925,hayir,hayir
NGC4013,Sb–Sbc,24.39,1.141e-11,-7017,14325,8587,7753,22912,1.490,1.306,0.953,hayir,hayir
NGC4013,Sb–Sbc,25.20,1.080e-11,-8008,14569,8399,7488,22968,1.550,1.349,1.035,hayir,hayir
NGC4013,Sb–Sbc,25.90,1.023e-11,-8914,14598,8173,7275,22770,1.611,1.391,1.113,hayir,hayir
NGC4013,Sb–Sbc,26.59,9.694e-12,-9840,14607,7954,7076,22560,1.674,1.436,1.195,hayir,hayir
NGC4013,Sb–Sbc,27.41,9.104e-12,-10106,14594,7700,6853,22294,1.692,1.453,1.237,hayir,hayir
NGC4013,Sb–Sbc,28.10,8.634e-12,-10363,14551,7486,6677,22037,1.712,1.470,1.276,hayir,hayir
NGC4013,Sb–Sbc,28.80,8.205e-12,-10570,14538,7292,6507,21830,1.727,1.484,1.312,hayir,hayir
NGC4013,Sb–Sbc,29.61,7.752e-12,-10070,14532,7082,6321,21614,1.693,1.466,1.297,hayir,hayir
NGC4013,Sb–Sbc,30.31,7.411e-12,-8764,14581,6931,6170,21512,1.601,1.407,1.210,hayir,hayir
NGC4013,Sb–Sbc,31.01,7.013e-12,-7776,14413,6711,6025,21124,1.540,1.368,1.145,hayir,hayir
NGC4051,Sb–Sbc,3.50,8.912e-11,+3582,7413,9624,9624,17038,0.517,0.790,0.314,hayir,hayir
NGC4051,Sb–Sbc,5.24,7.112e-11,+3231,11331,11500,11417,22831,0.715,0.858,0.359,hayir,hayir
NGC4051,Sb–Sbc,6.98,7.777e-11,+5975,14824,16751,16411,31575,0.597,0.811,0.318,hayir,hayir
NGC4051,Sb–Sbc,8.72,7.426e-11,+11382,17321,19982,19136,37303,0.343,0.695,0.203,hayir,hayir
NGC4051,Sb–Sbc,10.47,5.477e-11,+12845,18865,17696,16477,36561,0.319,0.649,0.110,hayir,hayir
NGC4051,Sb–Sbc,12.19,4.204e-11,+12410,20005,15814,14309,35819,0.380,0.654,0.066,hayir,hayir
NGC4088,Sb–Sbc,3.50,1.505e-10,+8792,11040,16249,16249,27288,0.204,0.678,0.229,hayir,hayir
NGC4088,Sb–Sbc,5.24,1.813e-10,+19867,16799,29312,29026,46111,-0.183,0.569,0.158,evet,hayir
NGC4088,Sb–Sbc,6.98,1.666e-10,+24540,20699,35882,34885,56581,-0.186,0.566,0.148,evet,hayir
NGC4088,Sb–Sbc,8.72,1.169e-10,+21278,22960,31443,29658,54402,0.073,0.609,0.141,hayir,hayir
NGC4088,Sb–Sbc,10.47,8.941e-11,+21294,24448,28887,26514,53335,0.129,0.601,0.098,hayir,hayir
NGC4088,Sb–Sbc,12.19,7.145e-11,+22135,25534,26876,23996,52411,0.133,0.578,0.039,hayir,hayir
NGC4088,Sb–Sbc,13.94,5.307e-11,+19689,26103,22827,19830,48930,0.246,0.598,0.004,hayir,hayir
NGC4088,Sb–Sbc,15.68,4.123e-11,+18163,26441,19947,16961,46387,0.313,0.608,-0.035,hayir,hayir
NGC4088,Sb–Sbc,17.42,3.320e-11,+17292,26674,17844,14952,44517,0.352,0.612,-0.078,hayir,hayir
NGC4088,Sb–Sbc,19.28,2.686e-11,+13568,26831,15978,13236,42809,0.494,0.683,-0.013,hayir,hayir
NGC4088,Sb–Sbc,21.48,2.134e-11,+10775,26910,14141,11619,41051,0.600,0.738,0.036,hayir,hayir
NGC4100,Sb–Sbc,3.50,8.535e-11,-6764,5923,9218,9131,15140,2.142,1.447,0.870,hayir,hayir
NGC4100,Sb–Sbc,4.37,8.754e-11,-7643,8777,11804,11631,20581,1.871,1.371,0.829,hayir,hayir
NGC4100,Sb–Sbc,5.24,9.962e-11,-5881,11137,16107,15838,27243,1.528,1.216,0.686,hayir,hayir
NGC4100,Sb–Sbc,6.11,1.047e-10,-3286,13066,19749,19381,32814,1.251,1.100,0.585,hayir,hayir
NGC4100,Sb–Sbc,6.98,1.017e-10,-1292,14444,21900,21431,36344,1.089,1.036,0.530,hayir,hayir
NGC4100,Sb–Sbc,7.85,8.391e-11,-2414,15286,20325,19779,35611,1.158,1.068,0.561,hayir,hayir
NGC4100,Sb–Sbc,8.72,7.019e-11,-2550,15812,18887,18288,34699,1.161,1.073,0.570,hayir,hayir
NGC4100,Sb–Sbc,9.60,5.696e-11,-3829,16164,16872,16247,33035,1.237,1.116,0.618,hayir,hayir
NGC4100,Sb–Sbc,10.47,4.658e-11,-5398,16417,15048,14391,31466,1.329,1.172,0.688,hayir,hayir
NGC4100,Sb–Sbc,11.35,3.952e-11,-5972,16668,13841,13127,30509,1.358,1.196,0.727,hayir,hayir
NGC4100,Sb–Sbc,12.19,3.502e-11,-5614,16936,13172,12368,30107,1.331,1.186,0.727,hayir,hayir
NGC4100,Sb–Sbc,13.12,3.090e-11,-4471,17246,12508,11572,29754,1.259,1.150,0.693,hayir,hayir
NGC4100,Sb–Sbc,13.94,2.745e-11,-3812,17503,11809,10750,29312,1.218,1.130,0.677,hayir,hayir
NGC4100,Sb–Sbc,14.86,2.426e-11,-3150,17767,11124,9942,28891,1.177,1.109,0.658,hayir,hayir
NGC4100,Sb–Sbc,15.68,2.195e-11,-2312,18043,10621,9294,28664,1.128,1.081,0.624,hayir,hayir
NGC4100,Sb–Sbc,16.61,1.979e-11,-1792,18342,10143,8671,28484,1.098,1.063,0.603,hayir,hayir
NGC4100,Sb–Sbc,17.42,1.810e-11,-3455,18502,9727,8214,28229,1.187,1.122,0.710,hayir,hayir
NGC4100,Sb–Sbc,18.35,1.626e-11,-3601,18523,9205,7766,27728,1.194,1.130,0.732,hayir,hayir
NGC4100,Sb–Sbc,19.16,1.477e-11,-1313,18515,8733,7367,27248,1.071,1.048,0.589,hayir,hayir
NGC4100,Sb–Sbc,20.09,1.329e-11,+1798,18521,8242,6938,26762,0.903,0.933,0.370,hayir,hayir
NGC4100,Sb–Sbc,21.02,1.202e-11,+1316,18484,7796,6577,26280,0.929,0.950,0.400,hayir,hayir
NGC4100,Sb–Sbc,21.95,1.092e-11,+873,18438,7399,6261,25837,0.953,0.966,0.430,hayir,hayir
NGC4100,Sb–Sbc,22.76,1.005e-11,+161,18387,7056,5990,25442,0.991,0.994,0.487,hayir,hayir
NGC4157,Sb–Sbc,3.50,2.370e-10,+13322,12373,25598,25326,37971,-0.077,0.649,0.237,evet,hayir
NGC4157,Sb–Sbc,5.24,1.846e-10,+10249,17259,29853,29394,47113,0.406,0.782,0.326,hayir,hayir
NGC4157,Sb–Sbc,6.98,1.476e-10,+11628,20246,31783,31190,52029,0.426,0.777,0.314,hayir,hayir
NGC4157,Sb–Sbc,8.72,1.231e-10,+15035,22304,33133,32202,55436,0.326,0.729,0.267,hayir,hayir
NGC4157,Sb–Sbc,10.47,8.963e-11,+15149,23828,28956,27199,52785,0.364,0.713,0.222,hayir,hayir
NGC4157,Sb–Sbc,12.19,6.624e-11,+13738,24924,24914,22249,49838,0.449,0.724,0.191,hayir,hayir
NGC4157,Sb–Sbc,13.94,5.006e-11,+12173,25236,21533,19022,46769,0.518,0.740,0.180,hayir,hayir
NGC4157,Sb–Sbc,15.68,3.886e-11,+10380,25437,18800,16458,44236,0.592,0.765,0.185,hayir,hayir
NGC4157,Sb–Sbc,17.42,3.233e-11,+10311,26056,17379,14670,43435,0.604,0.763,0.149,hayir,hayir
NGC4157,Sb–Sbc,19.16,2.653e-11,+9103,26181,15683,13128,41864,0.652,0.783,0.153,hayir,hayir
NGC4157,Sb–Sbc,20.90,2.183e-11,+6747,26161,14075,11765,40236,0.742,0.832,0.213,hayir,hayir
NGC4157,Sb–Sbc,22.65,1.933e-11,+6156,26868,13513,10781,40381,0.771,0.848,0.214,hayir,hayir
NGC4157,Sb–Sbc,24.39,1.652e-11,+4702,26868,12430,9897,39298,0.825,0.880,0.262,hayir,hayir
NGC4157,Sb–Sbc,26.13,1.415e-11,+3529,26716,11408,9160,38125,0.868,0.907,0.307,hayir,hayir
NGC4157,Sb–Sbc,27.87,1.226e-11,+3263,26578,10542,8532,37119,0.877,0.912,0.309,hayir,hayir
NGC4157,Sb–Sbc,29.61,1.077e-11,+2126,26513,9838,7989,36351,0.920,0.942,0.367,hayir,hayir
NGC4217,Sb–Sbc,1.74,6.351e-10,+38248,13930,34099,33953,48029,-1.746,0.204,-0.063,evet,hayir
NGC4217,Sb–Sbc,2.61,6.054e-10,+47008,19570,48754,48551,68324,-1.402,0.312,0.016,evet,hayir
NGC4217,Sb–Sbc,3.50,5.092e-10,+50407,22313,54991,54806,77303,-1.259,0.348,0.040,evet,hayir
NGC4217,Sb–Sbc,4.37,3.643e-10,+42038,23191,49123,48886,72314,-0.813,0.419,0.070,evet,hayir
NGC4217,Sb–Sbc,5.24,2.677e-10,+36306,23640,43290,42884,66931,-0.536,0.458,0.077,evet,hayir
NGC4217,Sb–Sbc,6.11,2.071e-10,+29198,24011,39043,38481,63054,-0.216,0.537,0.121,evet,hayir
NGC4217,Sb–Sbc,6.98,1.653e-10,+25623,24254,35595,35135,59848,-0.056,0.572,0.135,evet,hayir
NGC4217,Sb–Sbc,7.85,1.379e-10,+22593,24531,33406,32808,57937,0.079,0.610,0.156,hayir,hayir
NGC4217,Sb–Sbc,8.72,1.119e-10,+18764,24749,30115,29336,54864,0.242,0.658,0.180,hayir,hayir
NGC4217,Sb–Sbc,9.60,9.178e-11,+15614,24909,27186,26243,52095,0.373,0.700,0.203,hayir,hayir
NGC4217,Sb–Sbc,10.47,7.727e-11,+13540,25058,24963,23883,50021,0.460,0.729,0.217,hayir,hayir
NGC4217,Sb–Sbc,11.35,6.606e-11,+12595,25179,23137,21985,48316,0.500,0.739,0.214,hayir,hayir
NGC4217,Sb–Sbc,12.19,5.728e-11,+12155,25204,21547,20467,46751,0.518,0.740,0.203,hayir,hayir
NGC4217,Sb–Sbc,13.12,4.952e-11,+11812,25255,20046,18994,45301,0.532,0.739,0.189,hayir,hayir
NGC4217,Sb–Sbc,13.94,4.376e-11,+12044,25261,18823,17840,44085,0.523,0.727,0.162,hayir,hayir
NGC4217,Sb–Sbc,14.86,3.846e-11,+11581,25276,17633,16703,42910,0.542,0.730,0.153,hayir,hayir
NGC4217,Sb–Sbc,15.79,3.420e-11,+10706,25374,16661,15678,42035,0.578,0.745,0.159,hayir,hayir
NGC4217,Sb–Sbc,16.72,3.079e-11,+9749,25546,15887,14771,41433,0.618,0.765,0.170,hayir,hayir
NGC5005,Sb–Sbc,0.49,2.981e-09,+2896,2346,45071,40928,47417,-0.234,0.939,0.465,evet,hayir
NGC5005,Sb–Sbc,0.98,2.194e-09,+25009,12943,66355,60639,79298,-0.932,0.685,0.294,evet,hayir
NGC5005,Sb–Sbc,1.47,1.384e-09,+27072,15821,62780,58141,78601,-0.711,0.656,0.267,evet,hayir
NGC5005,Sb–Sbc,1.97,9.612e-10,+21591,17916,58432,54595,76347,-0.205,0.717,0.302,evet,hayir
NGC5005,Sb–Sbc,2.46,7.765e-10,+18796,19882,58939,55277,78821,0.055,0.762,0.330,hayir,hayir
NGC5005,Sb–Sbc,2.95,6.630e-10,+22630,21812,60353,55533,82166,-0.037,0.725,0.296,evet,hayir
NGC5005,Sb–Sbc,3.44,5.777e-10,+16618,23419,61321,55635,84739,0.290,0.804,0.351,hayir,hayir
NGC5005,Sb–Sbc,3.93,4.908e-10,+16985,24551,59515,54132,84066,0.308,0.798,0.343,hayir,hayir
NGC5005,Sb–Sbc,4.42,4.190e-10,+16026,25442,57148,52412,82590,0.370,0.806,0.347,hayir,hayir
NGC5005,Sb–Sbc,4.92,3.682e-10,+15660,26322,55901,51574,82224,0.405,0.810,0.348,hayir,hayir
NGC5005,Sb–Sbc,5.74,3.079e-10,+14062,27646,54538,50713,82183,0.491,0.829,0.361,hayir,hayir
NGC5005,Sb–Sbc,6.56,2.642e-10,+13102,28794,53477,49947,82271,0.545,0.841,0.369,hayir,hayir
NGC5005,Sb–Sbc,7.37,2.261e-10,+11462,29734,51423,48049,81158,0.615,0.859,0.381,hayir,hayir
NGC5005,Sb–Sbc,8.19,1.977e-10,+10316,30591,49951,46576,80541,0.663,0.872,0.389,hayir,hayir
NGC5005,Sb–Sbc,9.01,1.755e-10,+9892,31329,48788,45402,80117,0.684,0.877,0.391,hayir,hayir
NGC5005,Sb–Sbc,9.83,1.541e-10,+8909,31863,46742,43461,78605,0.720,0.887,0.398,hayir,hayir
NGC5005,Sb–Sbc,10.65,1.333e-10,+6272,32177,43791,40759,75968,0.805,0.917,0.423,hayir,hayir
NGC5005,Sb–Sbc,11.47,1.147e-10,+2693,32322,40597,37912,72918,0.917,0.963,0.464,hayir,hayir
NGC5055,Sb–Sbc,1.43,6.537e-10,+11890,9289,28845,28831,38134,-0.280,0.688,0.294,evet,hayir
NGC5055,Sb–Sbc,2.16,5.202e-10,+16117,13129,34672,34656,47801,-0.228,0.663,0.267,evet,hayir
NGC5055,Sb–Sbc,2.87,4.453e-10,+18024,15837,39436,39407,55273,-0.138,0.674,0.271,evet,hayir
NGC5055,Sb–Sbc,3.59,3.375e-10,+18288,17763,37388,37352,55152,-0.030,0.668,0.255,evet,hayir
NGC5055,Sb–Sbc,4.30,2.794e-10,+20300,19333,37067,37041,56400,-0.050,0.640,0.226,evet,hayir
NGC5055,Sb–Sbc,5.03,2.418e-10,+20315,20805,37535,37464,58340,0.024,0.652,0.229,hayir,hayir
NGC5055,Sb–Sbc,5.75,2.162e-10,+20076,22125,38351,38143,60477,0.093,0.668,0.237,hayir,hayir
NGC5055,Sb–Sbc,6.46,1.981e-10,+21132,23261,39487,39122,62748,0.092,0.663,0.230,hayir,hayir
NGC5055,Sb–Sbc,7.18,1.737e-10,+21094,24220,38490,37983,62710,0.129,0.664,0.222,hayir,hayir
NGC5055,Sb–Sbc,7.91,1.537e-10,+20127,25060,37503,36837,62563,0.197,0.678,0.227,hayir,hayir
NGC5055,Sb–Sbc,8.62,1.372e-10,+19810,25765,36480,35669,62246,0.231,0.682,0.222,hayir,hayir
NGC5055,Sb–Sbc,11.49,8.814e-11,+16651,27839,31248,30155,59087,0.402,0.718,0.224,hayir,hayir
NGC5055,Sb–Sbc,14.30,6.212e-11,+14532,29557,27410,25319,56968,0.508,0.745,0.213,hayir,hayir
NGC5055,Sb–Sbc,17.19,4.520e-11,+13187,30422,23974,21740,54396,0.567,0.758,0.197,hayir,hayir
NGC5055,Sb–Sbc,20.07,3.248e-11,+10810,30696,20114,18128,50810,0.648,0.787,0.202,hayir,hayir
NGC5055,Sb–Sbc,22.96,2.414e-11,+10159,30695,17100,15463,47795,0.669,0.787,0.172,hayir,hayir
NGC5055,Sb–Sbc,25.85,1.866e-11,+10225,30683,14885,13486,45569,0.667,0.776,0.121,hayir,hayir
NGC5055,Sb–Sbc,28.74,1.511e-11,+10519,30979,13396,11917,44375,0.660,0.763,0.059,hayir,hayir
NGC5055,Sb–Sbc,31.62,1.261e-11,+10542,31361,12305,10687,43666,0.664,0.759,0.007,hayir,hayir
NGC5055,Sb–Sbc,34.51,1.081e-11,+10968,31853,11514,9702,43368,0.656,0.747,-0.065,hayir,hayir
NGC5055,Sb–Sbc,37.40,9.129e-12,+9588,31813,10536,8890,42349,0.699,0.774,-0.039,hayir,hayir
NGC5055,Sb–Sbc,40.29,8.011e-12,+9756,32196,9960,8207,42156,0.697,0.769,-0.094,hayir,hayir
NGC5055,Sb–Sbc,43.17,7.110e-12,+10000,32570,9471,7629,42041,0.693,0.762,-0.155,hayir,hayir
NGC5055,Sb–Sbc,45.92,6.456e-12,+10178,33072,9147,7151,42219,0.692,0.759,-0.212,hayir,hayir
NGC5055,Sb–Sbc,48.81,5.772e-12,+9939,33286,8694,6708,41980,0.701,0.763,-0.241,hayir,hayir
NGC5055,Sb–Sbc,51.70,5.161e-12,+11325,33368,8233,6320,41601,0.661,0.728,-0.396,hayir,hayir
NGC5055,Sb–Sbc,54.59,4.582e-12,+11346,33213,7718,5975,40930,0.658,0.723,-0.449,hayir,hayir
NGC5371,Sb–Sbc,2.88,3.043e-10,-7751,11432,27042,27042,38474,1.678,1.201,0.643,hayir,hayir
NGC5371,Sb–Sbc,4.33,2.076e-10,-2477,16009,27740,27740,43748,1.155,1.057,0.545,hayir,hayir
NGC5371,Sb–Sbc,5.78,1.666e-10,+3736,19822,29709,29709,49532,0.812,0.925,0.437,hayir,hayir
NGC5371,Sb–Sbc,7.22,1.351e-10,+6842,22976,30091,30091,53067,0.702,0.871,0.386,hayir,hayir
NGC5371,Sb–Sbc,8.66,1.198e-10,+9070,25907,32004,32004,57911,0.650,0.843,0.358,hayir,hayir
NGC5371,Sb–Sbc,11.55,1.116e-10,+16882,31401,39770,39644,71171,0.462,0.763,0.287,hayir,hayir
NGC5371,Sb–Sbc,14.48,1.023e-10,+25521,35994,45697,44943,81690,0.291,0.688,0.216,hayir,hayir
NGC5371,Sb–Sbc,17.28,8.480e-11,+26008,39356,45217,43557,84572,0.339,0.692,0.201,hayir,hayir
NGC5371,Sb–Sbc,20.20,7.330e-11,+29786,42178,45689,43065,87867,0.294,0.661,0.154,hayir,hayir
NGC5371,Sb–Sbc,23.12,6.157e-11,+30573,44250,43923,40581,88173,0.309,0.653,0.123,hayir,hayir
NGC5371,Sb–Sbc,26.04,4.851e-11,+29370,45150,38976,35733,84126,0.350,0.651,0.089,hayir,hayir
NGC5371,Sb–Sbc,28.84,3.847e-11,+28737,45581,34232,31183,79813,0.370,0.640,0.039,hayir,hayir
NGC5371,Sb–Sbc,31.76,3.109e-11,+30904,45805,30468,27676,76273,0.325,0.595,-0.058,hayir,hayir
NGC5371,Sb–Sbc,34.68,2.579e-11,+30679,45925,27603,25034,73528,0.332,0.583,-0.113,hayir,hayir
NGC5371,Sb–Sbc,37.48,2.112e-11,+27061,45894,24431,22109,70325,0.410,0.615,-0.112,hayir,hayir
NGC5371,Sb–Sbc,40.40,1.768e-11,+24119,45758,22042,20002,67800,0.473,0.644,-0.103,hayir,hayir
NGC5371,Sb–Sbc,43.32,1.507e-11,+22937,45641,20145,18332,65786,0.497,0.651,-0.126,hayir,hayir
NGC5371,Sb–Sbc,46.24,1.306e-11,+18880,45613,18636,16959,64249,0.586,0.706,-0.057,hayir,hayir
NGC5985,Sb–Sbc,4.23,1.152e-10,-32267,5601,15031,15031,20633,6.761,2.564,1.573,hayir,hayir
NGC5985,Sb–Sbc,4.97,9.652e-11,-38464,8238,14802,14802,23040,5.669,2.669,1.799,hayir,hayir
NGC5985,Sb–Sbc,5.74,8.691e-11,-40679,10491,15394,15394,25885,4.877,2.572,1.821,hayir,hayir
NGC5985,Sb–Sbc,6.47,8.147e-11,-40515,12390,16264,16264,28654,4.270,2.414,1.746,hayir,hayir
NGC5985,Sb–Sbc,7.22,7.910e-11,-42184,14178,17622,17622,31800,3.975,2.327,1.697,hayir,hayir
NGC5985,Sb–Sbc,8.02,7.621e-11,-47600,15909,18860,18860,34769,3.992,2.369,1.762,hayir,hayir
NGC5985,Sb–Sbc,8.79,7.381e-11,-46069,17431,20021,20021,37452,3.643,2.230,1.651,hayir,hayir
NGC5985,Sb–Sbc,9.50,7.265e-11,-45213,18755,21295,21295,40051,3.411,2.129,1.562,hayir,hayir
NGC5985,Sb–Sbc,10.27,7.280e-11,-48021,20113,23070,23070,43183,3.387,2.112,1.541,hayir,hayir
NGC5985,Sb–Sbc,11.08,7.229e-11,-45079,21409,24715,24715,46125,3.106,1.977,1.412,hayir,hayir
NGC5985,Sb–Sbc,11.82,6.997e-11,-44442,22453,25521,25521,47974,2.979,1.926,1.371,hayir,hayir
NGC5985,Sb–Sbc,12.56,6.733e-11,-42300,23414,26095,26063,49509,2.807,1.854,1.311,hayir,hayir
NGC5985,Sb–Sbc,13.39,6.467e-11,-41831,24473,26721,26542,51194,2.709,1.817,1.288,hayir,hayir
NGC5985,Sb–Sbc,14.10,6.252e-11,-37493,25307,27200,26889,52507,2.482,1.714,1.197,hayir,hayir
NGC5985,Sb–Sbc,14.93,5.909e-11,-33614,26187,27224,26755,53411,2.284,1.629,1.128,hayir,hayir
NGC5985,Sb–Sbc,15.64,5.601e-11,-32538,26866,27032,26438,53898,2.211,1.604,1.115,hayir,hayir
NGC5985,Sb–Sbc,16.35,5.353e-11,-29609,27485,27006,26317,54491,2.077,1.543,1.063,hayir,hayir
NGC5985,Sb–Sbc,17.18,5.090e-11,-29554,28144,26983,26200,55127,2.050,1.536,1.064,hayir,hayir
NGC5985,Sb–Sbc,17.89,4.814e-11,-26559,28662,26575,25691,55237,1.927,1.481,1.017,hayir,hayir
NGC5985,Sb–Sbc,18.72,4.463e-11,-27380,29210,25779,24782,54989,1.937,1.498,1.052,hayir,hayir
NGC5985,Sb–Sbc,19.44,4.207e-11,-31533,29670,25234,24131,54903,2.063,1.574,1.153,hayir,hayir
NGC5985,Sb–Sbc,20.26,3.983e-11,-29006,30192,24902,23666,55094,1.961,1.526,1.113,hayir,hayir
NGC5985,Sb–Sbc,20.98,3.803e-11,-27677,30649,24619,23249,55267,1.903,1.501,1.095,hayir,hayir
NGC5985,Sb–Sbc,21.69,3.627e-11,-28747,31076,24278,22784,55353,1.925,1.519,1.131,hayir,hayir
NGC5985,Sb–Sbc,22.52,3.437e-11,-30990,31560,23887,22246,55446,1.982,1.559,1.197,hayir,hayir
NGC5985,Sb–Sbc,23.23,3.287e-11,-32690,31955,23565,21808,55519,2.023,1.589,1.249,hayir,hayir
NGC5985,Sb–Sbc,24.06,3.137e-11,-30178,32385,23286,21418,55671,1.932,1.542,1.204,hayir,hayir
NGC5985,Sb–Sbc,24.77,3.019e-11,-28870,32736,23075,21121,55811,1.882,1.517,1.183,hayir,hayir
NGC5985,Sb–Sbc,25.95,2.847e-11,-32165,33248,22796,20755,56044,1.967,1.574,1.275,hayir,hayir
NGC5985,Sb–Sbc,28.92,2.426e-11,-29684,33935,21645,19767,55580,1.875,1.534,1.251,hayir,hayir
NGC5985,Sb–Sbc,31.76,2.053e-11,-28036,34788,20120,18029,54908,1.806,1.511,1.278,hayir,hayir
NGC5985,Sb–Sbc,34.72,1.811e-11,-26307,35511,19407,17144,54918,1.741,1.479,1.267,hayir,hayir
NGC6195,Sb–Sbc,2.34,6.976e-10,+9630,15427,50372,50372,65799,0.376,0.854,0.404,hayir,hayir
NGC6195,Sb–Sbc,3.33,5.157e-10,+12640,20656,52993,52993,73649,0.388,0.828,0.381,hayir,hayir
NGC6195,Sb–Sbc,4.34,4.072e-10,+20356,24391,54528,54528,78920,0.165,0.742,0.313,hayir,hayir
NGC6195,Sb–Sbc,5.35,3.310e-10,+24296,27254,54643,54643,81896,0.109,0.703,0.278,hayir,hayir
NGC6195,Sb–Sbc,6.34,2.837e-10,+30763,29554,55498,55498,85052,-0.041,0.638,0.223,evet,hayir
NGC6195,Sb–Sbc,7.34,2.454e-10,+32704,31407,55586,55586,86993,-0.041,0.624,0.206,evet,hayir
NGC6195,Sb–Sbc,8.32,2.125e-10,+26378,32835,54551,54548,87387,0.197,0.698,0.258,hayir,hayir
NGC6195,Sb–Sbc,9.34,1.834e-10,+25536,34173,52867,52632,87040,0.253,0.707,0.257,hayir,hayir
NGC6195,Sb–Sbc,10.38,1.626e-10,+29012,35501,52074,51442,87576,0.183,0.669,0.218,hayir,hayir
NGC6195,Sb–Sbc,11.36,1.459e-10,+24347,36719,51131,49999,87851,0.337,0.723,0.257,hayir,hayir
NGC6195,Sb–Sbc,12.34,1.314e-10,+27913,37919,50019,48292,87938,0.264,0.683,0.211,hayir,hayir
NGC6195,Sb–Sbc,13.32,1.209e-10,+27846,39151,49704,47324,88855,0.289,0.687,0.206,hayir,hayir
NGC6195,Sb–Sbc,14.30,1.134e-10,+33789,40380,50052,47068,90433,0.163,0.626,0.141,hayir,hayir
NGC6195,Sb–Sbc,15.47,1.066e-10,+30690,41801,50890,47235,92691,0.266,0.669,0.175,hayir,hayir
NGC6195,Sb–Sbc,16.35,1.009e-10,+31162,42776,50887,46812,93662,0.271,0.667,0.167,hayir,hayir
NGC6195,Sb–Sbc,17.92,9.150e-11,+30915,44331,50593,45958,94924,0.303,0.674,0.164,hayir,hayir
NGC6195,Sb–Sbc,19.10,8.568e-11,+29226,45293,50497,45699,95790,0.355,0.695,0.180,hayir,hayir
NGC6195,Sb–Sbc,22.52,6.847e-11,+30231,47168,47579,42997,94747,0.359,0.681,0.148,hayir,hayir
NGC6195,Sb–Sbc,26.05,5.208e-11,+24711,48384,41863,37454,90247,0.489,0.726,0.170,hayir,hayir
NGC6195,Sb–Sbc,29.48,4.013e-11,+20426,48943,36508,32521,85451,0.583,0.761,0.186,hayir,hayir
NGC6195,Sb–Sbc,33.00,3.181e-11,+22354,49503,32387,28598,81890,0.548,0.727,0.109,hayir,hayir
NGC6195,Sb–Sbc,36.43,2.689e-11,+20420,50710,30226,25882,80936,0.597,0.748,0.106,hayir,hayir
NGC6674,Sb–Sbc,7.49,1.330e-10,-29469,21027,30729,30729,51756,2.402,1.569,0.980,hayir,hayir
NGC6674,Sb–Sbc,12.54,8.150e-11,-24820,28325,31536,31536,59861,1.876,1.415,0.894,hayir,hayir
NGC6674,Sb–Sbc,17.45,5.111e-11,-15926,31631,27519,27519,59150,1.503,1.269,0.789,hayir,hayir
NGC6674,Sb–Sbc,22.47,3.450e-11,-13007,33826,23923,23375,57749,1.385,1.225,0.778,hayir,hayir
NGC6674,Sb–Sbc,27.48,2.503e-11,-8178,35620,21227,19968,56847,1.230,1.144,0.705,hayir,hayir
NGC6674,Sb–Sbc,32.50,1.850e-11,-6999,36947,18553,16771,55501,1.189,1.126,0.709,hayir,hayir
NGC6674,Sb–Sbc,37.51,1.415e-11,-4295,37896,16372,14294,54269,1.113,1.079,0.650,hayir,hayir
NGC6674,Sb–Sbc,42.42,1.136e-11,-2358,38946,14864,12396,53811,1.061,1.044,0.595,hayir,hayir
NGC6674,Sb–Sbc,47.44,9.208e-12,-2118,39629,13478,10887,53107,1.053,1.040,0.597,hayir,hayir
NGC6674,Sb–Sbc,52.45,7.456e-12,-3933,39696,12067,9700,51763,1.099,1.076,0.703,hayir,hayir
NGC6674,Sb–Sbc,57.47,6.382e-12,-6743,40503,11318,8747,51821,1.166,1.130,0.885,hayir,hayir
NGC6674,Sb–Sbc,62.48,5.484e-12,-8939,41003,10573,7971,51577,1.218,1.173,1.061,hayir,hayir
NGC6674,Sb–Sbc,67.40,4.653e-12,-8047,40840,9677,7340,50517,1.197,1.159,1.048,hayir,hayir
NGC6674,Sb–Sbc,72.41,3.938e-12,-9340,40426,8798,6794,49224,1.231,1.190,1.187,hayir,hayir
NGC7331,Sb–Sbc,3.21,7.075e-10,+24321,10407,70082,70082,80490,-1.337,0.698,0.326,evet,hayir
NGC7331,Sb–Sbc,3.74,6.599e-10,+28520,14363,76158,76158,90521,-0.986,0.685,0.313,evet,hayir
NGC7331,Sb–Sbc,4.27,5.786e-10,+30695,16957,76238,76238,93195,-0.810,0.671,0.299,evet,hayir
NGC7331,Sb–Sbc,4.81,5.047e-10,+29851,18955,74904,74904,93860,-0.575,0.682,0.301,evet,hayir
NGC7331,Sb–Sbc,5.35,4.570e-10,+29978,20579,75449,75449,96027,-0.457,0.688,0.301,evet,hayir
NGC7331,Sb–Sbc,5.88,4.000e-10,+28365,21830,72584,72584,94414,-0.299,0.700,0.305,evet,hayir
NGC7331,Sb–Sbc,6.41,3.555e-10,+27113,22841,70321,70298,93162,-0.187,0.709,0.307,evet,hayir
NGC7331,Sb–Sbc,7.48,2.796e-10,+22906,24427,64528,64378,88955,0.062,0.742,0.322,hayir,hayir
NGC7331,Sb–Sbc,8.55,2.158e-10,+17417,25509,56932,56657,82442,0.317,0.789,0.346,hayir,hayir
NGC7331,Sb–Sbc,9.62,1.772e-10,+17533,26443,52594,52090,79037,0.337,0.778,0.332,hayir,hayir
NGC7331,Sb–Sbc,10.66,1.491e-10,+15353,27304,49058,48263,76362,0.438,0.799,0.341,hayir,hayir
NGC7331,Sb–Sbc,11.74,1.264e-10,+13400,28137,45778,44638,73916,0.524,0.819,0.350,hayir,hayir
NGC7331,Sb–Sbc,12.83,1.100e-10,+12984,28958,43562,42046,72520,0.552,0.821,0.346,hayir,hayir
NGC7331,Sb–Sbc,13.91,9.650e-11,+12564,29709,41420,39544,71128,0.577,0.823,0.341,hayir,hayir
NGC7331,Sb–Sbc,15.00,8.467e-11,+12865,30317,39192,37113,69509,0.576,0.815,0.327,hayir,hayir
NGC7331,Sb–Sbc,16.08,7.518e-11,+12474,30867,37303,35058,68170,0.596,0.817,0.322,hayir,hayir
NGC7331,Sb–Sbc,17.07,6.831e-11,+13101,31408,35982,33516,67390,0.583,0.806,0.305,hayir,hayir
NGC7331,Sb–Sbc,18.15,6.262e-11,+12457,32145,35068,32160,67213,0.612,0.815,0.306,hayir,hayir
NGC7331,Sb–Sbc,19.24,5.800e-11,+11603,32867,34432,31101,67299,0.647,0.828,0.313,hayir,hayir
NGC7331,Sb–Sbc,20.32,5.353e-11,+10845,33448,33565,29954,67014,0.676,0.838,0.319,hayir,hayir
NGC7331,Sb–Sbc,21.41,4.866e-11,+9432,33930,32146,28329,66076,0.722,0.857,0.334,hayir,hayir
NGC7331,Sb–Sbc,22.49,4.439e-11,+7620,34412,30808,26754,65220,0.779,0.883,0.358,hayir,hayir
NGC7331,Sb–Sbc,23.48,4.108e-11,+7878,34759,29762,25594,64522,0.773,0.878,0.346,hayir,hayir
NGC7331,Sb–Sbc,24.57,3.741e-11,+7017,34824,28363,24397,63186,0.798,0.889,0.356,hayir,hayir
NGC7331,Sb–Sbc,25.65,3.428e-11,+6314,34875,27135,23356,62010,0.819,0.898,0.365,hayir,hayir
NGC7331,Sb–Sbc,26.74,3.158e-11,+4422,35006,26060,22364,61066,0.874,0.928,0.401,hayir,hayir
NGC7331,Sb–Sbc,27.82,2.910e-11,+2886,35030,24977,21449,60007,0.918,0.952,0.433,hayir,hayir
NGC7331,Sb–Sbc,28.91,2.676e-11,+1696,34947,23870,20586,58817,0.951,0.971,0.459,hayir,hayir
NGC7331,Sb–Sbc,29.89,2.483e-11,-362,34819,22900,19861,57719,1.010,1.006,0.509,hayir,hayir
NGC7331,Sb–Sbc,30.98,2.292e-11,+889,34679,21906,19114,56585,0.974,0.984,0.477,hayir,hayir
NGC7331,Sb–Sbc,32.06,2.131e-11,+41,34652,21084,18427,55737,0.999,0.999,0.499,hayir,hayir
NGC7331,Sb–Sbc,33.15,1.996e-11,-1944,34760,20417,17780,55177,1.056,1.035,0.555,hayir,hayir
NGC7331,Sb–Sbc,34.23,1.873e-11,-1561,34821,19788,17201,54608,1.045,1.029,0.545,hayir,hayir
NGC7331,Sb–Sbc,35.32,1.755e-11,-4231,34719,19131,16704,53850,1.122,1.079,0.627,hayir,hayir
NGC7331,Sb–Sbc,36.31,1.639e-11,-3645,34634,18365,16064,52999,1.105,1.069,0.613,hayir,hayir
F571-8,Sc–Scd,0.78,1.528e-10,+5892,3620,3679,3671,7298,-0.628,0.193,-0.302,evet,hayir
F571-8,Sc–Scd,1.33,1.321e-10,+7224,4993,5423,5408,10416,-0.447,0.306,-0.168,evet,hayir
F571-8,Sc–Scd,2.33,9.149e-11,+8332,6529,6578,6549,13107,-0.276,0.364,-0.136,evet,hayir
F571-8,Sc–Scd,3.44,5.473e-11,+5720,7221,5809,5759,13030,0.208,0.561,0.003,hayir,hayir
F571-8,Sc–Scd,3.78,4.655e-11,+5164,7320,5430,5377,12750,0.295,0.595,0.020,hayir,hayir
F571-8,Sc–Scd,4.77,2.925e-11,+801,7521,4306,4235,11826,0.893,0.932,0.405,hayir,hayir
F571-8,Sc–Scd,5.44,2.273e-11,-1128,7601,3815,3735,11416,1.148,1.099,0.651,hayir,hayir
F571-8,Sc–Scd,6.11,1.805e-11,-2372,7680,3404,3315,11084,1.309,1.214,0.858,hayir,hayir
F571-8,Sc–Scd,7.22,1.353e-11,-4537,7824,3015,2906,10839,1.580,1.419,1.281,hayir,hayir
F571-8,Sc–Scd,9.33,8.579e-12,-7698,8057,2470,2343,10527,1.956,1.731,2.143,hayir,hayir
F571-8,Sc–Scd,11.10,6.431e-12,-9188,8209,2203,2063,10412,2.119,1.882,2.726,hayir,hayir
F571-8,Sc–Scd,15.55,3.467e-12,-10677,8396,1663,1536,10059,2.272,2.061,3.975,hayir,hayir
F583-4,Sc–Scd,0.76,6.776e-12,+345,796,159,155,955,0.567,0.639,-0.609,hayir,hayir
F583-4,Sc–Scd,1.31,9.043e-12,+167,1315,366,355,1680,0.873,0.900,0.264,hayir,hayir
F583-4,Sc–Scd,1.94,9.094e-12,+506,1785,544,521,2330,0.716,0.783,0.014,hayir,hayir
F583-4,Sc–Scd,3.92,6.648e-12,+635,2856,804,732,3660,0.778,0.827,0.066,hayir,hayir
F583-4,Sc–Scd,4.35,6.128e-12,+547,2996,823,738,3819,0.818,0.857,0.130,hayir,hayir
F583-4,Sc–Scd,5.00,5.640e-12,+497,3203,870,764,4073,0.845,0.878,0.175,hayir,hayir
F583-4,Sc–Scd,5.05,5.590e-12,+184,3219,871,763,4090,0.943,0.955,0.380,hayir,hayir
F583-4,Sc–Scd,5.83,4.908e-12,+523,3459,883,737,4342,0.849,0.880,0.145,hayir,hayir
F583-4,Sc–Scd,6.09,4.729e-12,+281,3539,889,727,4428,0.921,0.937,0.307,hayir,hayir
F583-4,Sc–Scd,6.74,4.667e-12,+199,3744,971,769,4715,0.947,0.958,0.371,hayir,hayir
F583-4,Sc–Scd,7.29,4.081e-12,-70,3898,918,683,4816,1.018,1.015,0.551,hayir,hayir
NGC0024,Sc–Scd,0.32,3.384e-11,-4,623,334,329,957,1.007,1.004,0.506,hayir,hayir
NGC0024,Sc–Scd,0.43,3.366e-11,+54,911,447,437,1357,0.941,0.960,0.438,hayir,hayir
NGC0024,Sc–Scd,0.54,3.549e-11,-368,1157,591,577,1748,1.318,1.210,0.819,hayir,hayir
NGC0024,Sc–Scd,0.64,3.538e-11,-1304,1362,699,678,2060,1.958,1.633,1.461,hayir,hayir
NGC0024,Sc–Scd,0.74,3.559e-11,-1650,1557,813,785,2370,2.060,1.696,1.551,hayir,hayir
NGC0024,Sc–Scd,0.85,3.682e-11,-2437,1767,966,929,2732,2.379,1.892,1.811,hayir,hayir
NGC0024,Sc–Scd,0.96,3.845e-11,-2728,1970,1139,1093,3109,2.384,1.877,1.748,hayir,hayir
NGC0024,Sc–Scd,1.07,3.968e-11,-2624,2166,1310,1252,3476,2.212,1.755,1.548,hayir,hayir
NGC0024,Sc–Scd,1.17,4.046e-11,-2684,2335,1461,1392,3796,2.149,1.707,1.464,hayir,hayir
NGC0024,Sc–Scd,1.28,4.139e-11,-2706,2515,1635,1552,4150,2.076,1.652,1.372,hayir,hayir
NGC0024,Sc–Scd,1.38,4.219e-11,-2856,2675,1796,1700,4471,2.068,1.639,1.340,hayir,hayir
NGC0024,Sc–Scd,1.48,4.329e-11,-2938,2829,1977,1865,4806,2.039,1.611,1.288,hayir,hayir
NGC0024,Sc–Scd,1.59,4.361e-11,-3339,2985,2139,2014,5125,2.118,1.652,1.329,hayir,hayir
NGC0024,Sc–Scd,1.70,4.371e-11,-3112,3133,2293,2151,5426,1.993,1.574,1.223,hayir,hayir
NGC0024,Sc–Scd,1.80,4.304e-11,-3397,3256,2390,2233,5647,2.043,1.602,1.261,hayir,hayir
NGC0024,Sc–Scd,1.91,4.225e-11,-3439,3383,2490,2314,5873,2.017,1.586,1.243,hayir,hayir
NGC0024,Sc–Scd,2.02,4.083e-11,-4157,3499,2545,2352,6044,2.188,1.688,1.384,hayir,hayir
NGC0024,Sc–Scd,2.13,3.947e-11,-3776,3610,2594,2380,6204,2.046,1.609,1.293,hayir,hayir
NGC0024,Sc–Scd,2.23,3.814e-11,-4279,3706,2624,2392,6330,2.155,1.676,1.394,hayir,hayir
NGC0024,Sc–Scd,2.34,3.703e-11,-4333,3809,2674,2419,6483,2.138,1.668,1.396,hayir,hayir
NGC0024,Sc–Scd,2.44,3.596e-11,-4844,3898,2707,2433,6605,2.243,1.733,1.496,hayir,hayir
NGC0024,Sc–Scd,2.54,3.480e-11,-4735,3986,2728,2428,6714,2.188,1.705,1.475,hayir,hayir
NGC0024,Sc–Scd,2.65,3.359e-11,-4414,4076,2747,2426,6822,2.083,1.647,1.410,hayir,hayir
NGC0024,Sc–Scd,2.76,3.242e-11,-4526,4163,2761,2417,6923,2.087,1.654,1.436,hayir,hayir
NGC0024,Sc–Scd,7.07,9.423e-12,-2132,6628,2056,1363,8684,1.322,1.246,1.282,hayir,hayir
NGC0024,Sc–Scd,8.49,6.590e-12,-2786,6724,1727,1113,8450,1.414,1.330,1.751,hayir,hayir
NGC0024,Sc–Scd,9.91,4.708e-12,-3736,6706,1440,929,8145,1.557,1.459,2.510,hayir,hayir
NGC0024,Sc–Scd,11.27,3.517e-12,-4231,6646,1223,802,7869,1.637,1.538,3.138,hayir,hayir
NGC0100,Sc–Scd,0.69,1.327e-11,+880,998,283,283,1280,0.118,0.312,-1.058,hayir,hayir
NGC0100,Sc–Scd,1.15,1.697e-11,+1126,1613,602,602,2215,0.302,0.492,-0.435,hayir,hayir
NGC0100,Sc–Scd,1.59,1.775e-11,+1146,2098,871,871,2969,0.454,0.614,-0.158,hayir,hayir
NGC0100,Sc–Scd,2.05,1.724e-11,+1113,2513,1090,1090,3603,0.557,0.691,-0.010,hayir,hayir
NGC0100,Sc–Scd,2.51,1.649e-11,+1071,2874,1277,1267,4151,0.627,0.742,0.077,hayir,hayir
NGC0100,Sc–Scd,2.97,1.600e-11,+859,3225,1466,1411,4691,0.734,0.817,0.196,hayir,hayir
NGC0100,Sc–Scd,3.42,1.534e-11,+535,3526,1619,1518,5145,0.848,0.896,0.324,hayir,hayir
NGC0100,Sc–Scd,3.88,1.387e-11,+96,3780,1660,1517,5440,0.975,0.982,0.468,hayir,hayir
NGC0100,Sc–Scd,4.34,1.234e-11,-143,3996,1652,1467,5648,1.036,1.025,0.549,hayir,hayir
NGC0100,Sc–Scd,4.79,1.110e-11,-229,4183,1641,1422,5824,1.055,1.039,0.580,hayir,hayir
NGC0100,Sc–Scd,5.24,1.004e-11,-275,4342,1624,1377,5966,1.063,1.046,0.600,hayir,hayir
NGC0100,Sc–Scd,5.70,8.893e-12,-119,4479,1564,1296,6043,1.027,1.020,0.546,hayir,hayir
NGC0100,Sc–Scd,6.16,7.855e-12,-294,4581,1493,1218,6074,1.064,1.048,0.621,hayir,hayir
NGC0100,Sc–Scd,7.16,6.192e-12,-811,4777,1368,1078,6145,1.170,1.132,0.876,hayir,hayir
NGC0100,Sc–Scd,7.52,5.763e-12,-960,4860,1337,1032,6197,1.198,1.155,0.965,hayir,hayir
NGC0100,Sc–Scd,7.98,5.291e-12,-1145,4966,1303,979,6269,1.230,1.183,1.085,hayir,hayir
NGC0100,Sc–Scd,8.44,4.921e-12,-1285,5089,1282,929,6371,1.253,1.202,1.192,hayir,hayir
NGC0100,Sc–Scd,8.90,4.620e-12,-1415,5237,1269,878,6506,1.270,1.218,1.306,hayir,hayir
NGC0100,Sc–Scd,9.35,4.382e-12,-1507,5401,1264,829,6665,1.279,1.226,1.409,hayir,hayir
NGC0100,Sc–Scd,9.62,4.287e-12,-1529,5515,1273,805,6788,1.277,1.225,1.450,hayir,hayir
NGC0801,Sc–Scd,1.56,4.612e-10,+9167,7131,22201,22189,29331,-0.286,0.687,0.293,evet,hayir
NGC0801,Sc–Scd,1.96,4.467e-10,-4775,10233,27016,26998,37250,1.467,1.128,0.588,hayir,hayir
NGC0801,Sc–Scd,2.73,4.161e-10,-2433,14498,35053,35017,49551,1.168,1.049,0.535,hayir,hayir
NGC0801,Sc–Scd,3.52,3.654e-10,+574,17528,39690,39632,57218,0.967,0.990,0.493,hayir,hayir
NGC0801,Sc–Scd,10.59,1.125e-10,+19282,34958,36764,36226,71723,0.448,0.731,0.234,hayir,hayir
NGC0801,Sc–Scd,17.65,5.706e-11,+21101,40653,31074,29670,71726,0.481,0.706,0.144,hayir,hayir
NGC0801,Sc–Scd,24.61,3.677e-11,+23808,44285,27923,25694,72208,0.462,0.670,0.037,hayir,hayir
NGC0801,Sc–Scd,31.67,2.823e-11,+26281,47974,27591,24079,75565,0.452,0.652,-0.046,hayir,hayir
NGC0801,Sc–Scd,38.74,2.033e-11,+26313,49975,24298,20483,74274,0.473,0.646,-0.142,hayir,hayir
NGC0801,Sc–Scd,45.80,1.431e-11,+25078,50647,20227,16810,70874,0.505,0.646,-0.246,hayir,hayir
NGC0801,Sc–Scd,52.86,1.096e-11,+22798,51578,17875,14399,69454,0.558,0.672,-0.292,hayir,hayir
NGC0801,Sc–Scd,59.82,9.204e-12,+24152,53818,16989,12515,70808,0.551,0.659,-0.465,hayir,hayir
NGC1003,Sc–Scd,2.08,3.311e-11,+1302,2716,2125,2089,4842,0.521,0.731,0.188,hayir,hayir
NGC1003,Sc–Scd,2.90,3.266e-11,+1623,3827,2923,2806,6749,0.576,0.760,0.211,hayir,hayir
NGC1003,Sc–Scd,3.73,2.812e-11,+1874,4659,3237,3019,7896,0.598,0.763,0.190,hayir,hayir
NGC1003,Sc–Scd,4.56,2.455e-11,+1786,5287,3455,3166,8741,0.662,0.796,0.218,hayir,hayir
NGC1003,Sc–Scd,5.39,2.118e-11,+1235,5759,3522,3151,9282,0.785,0.867,0.304,hayir,hayir
NGC1003,Sc–Scd,6.22,1.646e-11,+494,6133,3160,2692,9293,0.919,0.947,0.408,hayir,hayir
NGC1003,Sc–Scd,7.04,1.369e-11,-374,6454,2973,2417,9427,1.058,1.040,0.577,hayir,hayir
NGC1003,Sc–Scd,7.87,1.196e-11,-805,6898,2905,2175,9804,1.117,1.082,0.685,hayir,hayir
NGC1003,Sc–Scd,8.70,1.037e-11,-17,7198,2784,1972,9983,1.002,1.002,0.504,hayir,hayir
NGC1003,Sc–Scd,9.54,8.970e-12,+403,7425,2641,1789,10066,0.946,0.960,0.387,hayir,hayir
NGC1003,Sc–Scd,10.34,7.757e-12,+368,7575,2475,1617,10050,0.951,0.963,0.386,hayir,hayir
NGC1003,Sc–Scd,11.21,6.892e-12,+1286,7832,2384,1468,10216,0.836,0.874,0.062,hayir,hayir
NGC1003,Sc–Scd,11.98,6.329e-12,+1428,8094,2340,1357,10434,0.824,0.863,-0.026,hayir,hayir
NGC1003,Sc–Scd,12.85,5.770e-12,+1565,8359,2288,1249,10647,0.813,0.853,-0.127,hayir,hayir
NGC1003,Sc–Scd,13.72,5.275e-12,+1434,8591,2233,1155,10824,0.833,0.867,-0.121,hayir,hayir
NGC1003,Sc–Scd,14.49,4.865e-12,+1479,8752,2175,1084,10927,0.831,0.865,-0.182,hayir,hayir
NGC1003,Sc–Scd,15.36,4.454e-12,+1023,8912,2111,1014,11023,0.885,0.907,-0.005,hayir,hayir
NGC1003,Sc–Scd,16.13,4.094e-12,+216,8994,2037,960,11032,0.976,0.980,0.388,hayir,hayir
NGC1003,Sc–Scd,17.00,3.866e-12,+462,9250,2028,904,11278,0.950,0.959,0.245,hayir,hayir
NGC1003,Sc–Scd,17.78,3.475e-12,+57,9176,1907,861,11082,0.994,0.995,0.467,hayir,hayir
NGC1003,Sc–Scd,18.65,3.160e-12,-874,9189,1819,817,11007,1.095,1.079,1.035,hayir,hayir
NGC1003,Sc–Scd,19.52,2.772e-12,-1429,9002,1670,777,10671,1.159,1.134,1.419,hayir,hayir
NGC1003,Sc–Scd,20.29,2.570e-12,-824,9016,1609,745,10625,1.091,1.078,1.052,hayir,hayir
NGC1003,Sc–Scd,21.16,2.379e-12,-626,9057,1554,713,10610,1.069,1.059,0.939,hayir,hayir
NGC1003,Sc–Scd,21.93,2.165e-12,-822,8949,1465,686,10414,1.092,1.079,1.099,hayir,hayir
NGC1003,Sc–Scd,22.80,1.974e-12,-1390,8885,1389,658,10274,1.156,1.135,1.555,hayir,hayir
NGC1003,Sc–Scd,23.67,1.767e-12,-1872,8718,1291,633,10009,1.215,1.187,1.979,hayir,hayir
NGC1003,Sc–Scd,24.44,1.725e-12,-1889,8911,1301,612,10211,1.212,1.185,2.043,hayir,hayir
NGC1003,Sc–Scd,25.31,1.611e-12,-1918,8924,1258,590,10182,1.215,1.188,2.126,hayir,hayir
NGC1003,Sc–Scd,26.08,1.504e-12,-2008,8882,1210,572,10092,1.226,1.199,2.255,hayir,hayir
NGC1003,Sc–Scd,26.95,1.530e-12,-2203,9294,1273,553,10566,1.237,1.208,2.492,hayir,hayir
NGC1003,Sc–Scd,27.73,1.733e-12,-1271,10243,1483,537,11725,1.124,1.108,1.684,hayir,hayir
NGC1003,Sc–Scd,28.60,1.731e-12,-436,10580,1528,520,12108,1.041,1.036,0.919,hayir,hayir
NGC1003,Sc–Scd,29.47,1.871e-12,+309,11377,1701,504,13078,0.973,0.976,0.194,hayir,hayir
NGC1003,Sc–Scd,30.24,2.029e-12,+865,12197,1893,491,14090,0.929,0.939,-0.381,hayir,hayir
NGC2403,Sc–Scd,0.26,7.779e-11,+279,901,624,624,1525,0.690,0.817,0.276,hayir,hayir
NGC2403,Sc–Scd,0.36,9.963e-11,+626,1386,1107,1103,2492,0.548,0.749,0.216,hayir,hayir
NGC2403,Sc–Scd,0.46,1.135e-10,+702,1795,1612,1606,3406,0.609,0.794,0.281,hayir,hayir
NGC2403,Sc–Scd,0.56,1.181e-10,+464,2132,2040,2033,4172,0.783,0.889,0.386,hayir,hayir
NGC2403,Sc–Scd,0.66,1.125e-10,+374,2413,2291,2282,4704,0.845,0.920,0.418,hayir,hayir
NGC2403,Sc–Scd,0.76,1.074e-10,+44,2665,2520,2508,5185,0.983,0.992,0.491,hayir,hayir
NGC2403,Sc–Scd,0.86,1.004e-10,-2,2899,2663,2650,5563,1.001,1.000,0.500,hayir,hayir
NGC2403,Sc–Scd,0.96,9.516e-11,+372,3118,2819,2803,5937,0.881,0.937,0.434,hayir,hayir
NGC2403,Sc–Scd,1.06,9.150e-11,+458,3333,2993,2974,6325,0.863,0.928,0.423,hayir,hayir
NGC2403,Sc–Scd,1.16,8.885e-11,+561,3543,3180,3158,6724,0.842,0.917,0.411,hayir,hayir
NGC2403,Sc–Scd,1.27,8.685e-11,+221,3773,3403,3377,7176,0.942,0.969,0.467,hayir,hayir
NGC2403,Sc–Scd,1.36,8.719e-11,+152,3958,3659,3629,7617,0.962,0.980,0.479,hayir,hayir
NGC2403,Sc–Scd,1.47,8.598e-11,+437,4176,3900,3867,8076,0.895,0.946,0.444,hayir,hayir
NGC2403,Sc–Scd,1.57,8.577e-11,+370,4368,4155,4120,8524,0.915,0.957,0.455,hayir,hayir
NGC2403,Sc–Scd,1.67,8.645e-11,+306,4556,4455,4416,9011,0.933,0.966,0.465,hayir,hayir
NGC2403,Sc–Scd,1.77,8.664e-11,+764,4736,4732,4691,9468,0.839,0.919,0.419,hayir,hayir
NGC2403,Sc–Scd,1.87,8.605e-11,+808,4906,4965,4921,9871,0.835,0.918,0.418,hayir,hayir
NGC2403,Sc–Scd,1.97,8.537e-11,+807,5066,5189,5143,10255,0.841,0.921,0.422,hayir,hayir
NGC2403,Sc–Scd,2.08,8.469e-11,+848,5234,5435,5386,10669,0.838,0.920,0.421,hayir,hayir
NGC2403,Sc–Scd,2.18,8.441e-11,+1412,5377,5678,5625,11056,0.737,0.872,0.374,hayir,hayir
NGC2403,Sc–Scd,2.28,8.177e-11,+1611,5501,5752,5696,11254,0.707,0.857,0.359,hayir,hayir
NGC2403,Sc–Scd,2.37,7.793e-11,+1654,5598,5699,5638,11297,0.705,0.854,0.353,hayir,hayir
NGC2403,Sc–Scd,2.47,7.401e-11,+1891,5698,5641,5573,11339,0.668,0.833,0.330,hayir,hayir
NGC2403,Sc–Scd,2.57,7.059e-11,+1750,5795,5598,5521,11393,0.698,0.846,0.342,hayir,hayir
NGC2403,Sc–Scd,2.68,6.694e-11,+1789,5897,5535,5449,11432,0.697,0.844,0.336,hayir,hayir
NGC2403,Sc–Scd,2.78,6.396e-11,+1830,5987,5486,5387,11473,0.694,0.840,0.330,hayir,hayir
NGC2403,Sc–Scd,2.88,6.123e-11,+1700,6080,5441,5321,11521,0.720,0.852,0.340,hayir,hayir
NGC2403,Sc–Scd,2.98,5.888e-11,+1587,6172,5415,5272,11587,0.743,0.863,0.350,hayir,hayir
NGC2403,Sc–Scd,3.08,5.702e-11,+1283,6268,5420,5249,11687,0.795,0.890,0.378,hayir,hayir
NGC2403,Sc–Scd,3.19,5.516e-11,+1598,6370,5429,5232,11799,0.749,0.865,0.347,hayir,hayir
NGC2403,Sc–Scd,3.29,5.399e-11,+1745,6465,5481,5254,11946,0.730,0.854,0.334,hayir,hayir
NGC2403,Sc–Scd,3.39,5.303e-11,+1501,6564,5547,5286,12110,0.771,0.876,0.358,hayir,hayir
NGC2403,Sc–Scd,3.49,5.205e-11,+815,6659,5605,5311,12264,0.878,0.934,0.423,hayir,hayir
NGC2403,Sc–Scd,3.59,5.081e-11,+282,6753,5628,5299,12382,0.958,0.977,0.473,hayir,hayir
NGC2403,Sc–Scd,3.69,4.995e-11,-8,6848,5687,5317,12536,1.001,1.001,0.501,hayir,hayir
NGC2403,Sc–Scd,3.79,4.880e-11,-350,6939,5707,5297,12646,1.050,1.028,0.533,hayir,hayir
NGC2403,Sc–Scd,3.90,4.733e-11,-1200,7029,5695,5253,12724,1.171,1.094,0.614,hayir,hayir
NGC2403,Sc–Scd,3.99,4.611e-11,-1141,7105,5678,5201,12783,1.161,1.089,0.610,hayir,hayir
NGC2403,Sc–Scd,4.47,4.068e-11,-817,7496,5611,4949,13107,1.109,1.062,0.583,hayir,hayir
NGC2403,Sc–Scd,4.97,3.576e-11,-1346,7811,5484,4710,13295,1.172,1.101,0.643,hayir,hayir
NGC2403,Sc–Scd,5.47,3.152e-11,-1972,8083,5321,4456,13404,1.244,1.147,0.721,hayir,hayir
NGC2403,Sc–Scd,5.96,2.770e-11,-2215,8315,5095,4152,13410,1.266,1.165,0.767,hayir,hayir
NGC2403,Sc–Scd,6.46,2.442e-11,-2487,8521,4868,3863,13389,1.292,1.186,0.822,hayir,hayir
NGC2403,Sc–Scd,6.96,2.196e-11,-2399,8760,4716,3608,13477,1.274,1.178,0.832,hayir,hayir
NGC2403,Sc–Scd,7.45,1.994e-11,-2282,9009,4585,3360,13594,1.253,1.168,0.840,hayir,hayir
NGC2403,Sc–Scd,7.95,1.821e-11,-2149,9260,4467,3129,13727,1.232,1.157,0.843,hayir,hayir
NGC2403,Sc–Scd,8.45,1.685e-11,-2197,9539,4393,2920,13932,1.230,1.158,0.876,hayir,hayir
NGC2403,Sc–Scd,8.94,1.574e-11,-2232,9809,4342,2745,14152,1.228,1.158,0.907,hayir,hayir
NGC2403,Sc–Scd,9.44,1.474e-11,-2005,10085,4294,2574,14379,1.199,1.139,0.890,hayir,hayir
NGC2403,Sc–Scd,9.94,1.380e-11,-1568,10328,4233,2421,14561,1.152,1.108,0.824,hayir,hayir
NGC2403,Sc–Scd,10.43,1.311e-11,-1301,10610,4218,2286,14828,1.123,1.088,0.785,hayir,hayir
NGC2403,Sc–Scd,10.93,1.243e-11,-1321,10871,4192,2162,15063,1.122,1.088,0.806,hayir,hayir
NGC2403,Sc–Scd,11.43,1.177e-11,-1662,11089,4150,2056,15238,1.150,1.109,0.904,hayir,hayir
NGC2403,Sc–Scd,11.92,1.111e-11,-1547,11267,4086,1956,15353,1.137,1.101,0.895,hayir,hayir
NGC2403,Sc–Scd,12.42,1.054e-11,-1920,11464,4040,1864,15504,1.167,1.124,1.015,hayir,hayir
NGC2403,Sc–Scd,12.92,9.995e-12,-2070,11635,3985,1780,15619,1.178,1.132,1.081,hayir,hayir
NGC2403,Sc–Scd,13.42,9.392e-12,-2066,11734,3889,1704,15623,1.176,1.132,1.106,hayir,hayir
NGC2403,Sc–Scd,13.91,8.803e-12,-2127,11784,3778,1639,15562,1.181,1.137,1.149,hayir,hayir
NGC2403,Sc–Scd,14.41,8.290e-12,-2142,11861,3686,1575,15547,1.181,1.138,1.180,hayir,hayir
NGC2403,Sc–Scd,14.91,7.825e-12,-2420,11936,3600,1515,15536,1.203,1.156,1.298,hayir,hayir
NGC2403,Sc–Scd,15.40,7.386e-12,-2457,11989,3510,1461,15499,1.205,1.159,1.341,hayir,hayir
NGC2403,Sc–Scd,15.90,6.958e-12,-2251,12024,3414,1410,15438,1.187,1.146,1.298,hayir,hayir
NGC2403,Sc–Scd,16.40,6.552e-12,-2602,12038,3316,1366,15354,1.216,1.169,1.453,hayir,hayir
NGC2403,Sc–Scd,16.89,6.145e-12,-2741,12013,3203,1323,15215,1.228,1.180,1.536,hayir,hayir
NGC2403,Sc–Scd,17.39,5.780e-12,-3392,12002,3101,1281,15104,1.283,1.225,1.824,hayir,hayir
NGC2403,Sc–Scd,17.89,5.426e-12,-3533,11968,2995,1242,14963,1.295,1.236,1.922,hayir,hayir
NGC2403,Sc–Scd,18.38,5.105e-12,-3402,11927,2895,1208,14823,1.285,1.230,1.908,hayir,hayir
NGC2403,Sc–Scd,18.88,4.799e-12,-3010,11884,2796,1174,14679,1.253,1.205,1.782,hayir,hayir
NGC2403,Sc–Scd,19.38,4.567e-12,-3320,11905,2731,1141,14636,1.279,1.227,1.954,hayir,hayir
NGC2403,Sc–Scd,19.87,4.406e-12,-3801,11994,2701,1112,14695,1.317,1.259,2.210,hayir,hayir
NGC2403,Sc–Scd,20.37,4.251e-12,-3470,12083,2672,1082,14755,1.287,1.235,2.104,hayir,hayir
NGC2403,Sc–Scd,20.87,4.109e-12,-3138,12172,2646,1057,14818,1.258,1.212,1.985,hayir,hayir
NGC2976,Sc–Scd,0.17,2.331e-11,+382,350,122,119,472,-0.092,0.191,-1.102,evet,hayir
NGC2976,Sc–Scd,0.24,2.655e-11,+565,565,197,191,761,-0.001,0.257,-0.984,evet,hayir
NGC2976,Sc–Scd,0.31,2.881e-11,+633,750,276,267,1025,0.155,0.382,-0.686,hayir,hayir
NGC2976,Sc–Scd,0.38,3.035e-11,+595,920,356,345,1276,0.354,0.534,-0.362,hayir,hayir
NGC2976,Sc–Scd,0.45,3.181e-11,+702,1084,442,426,1525,0.353,0.540,-0.324,hayir,hayir
NGC2976,Sc–Scd,0.52,3.353e-11,+957,1243,538,518,1781,0.230,0.463,-0.424,hayir,hayir
NGC2976,Sc–Scd,0.59,3.540e-11,+1039,1399,645,620,2044,0.258,0.492,-0.337,hayir,hayir
NGC2976,Sc–Scd,0.66,3.717e-11,+1051,1554,757,722,2311,0.324,0.545,-0.227,hayir,hayir
NGC2976,Sc–Scd,0.73,3.883e-11,+1030,1708,875,827,2582,0.397,0.601,-0.123,hayir,hayir
NGC2976,Sc–Scd,0.80,4.037e-11,+1012,1855,997,940,2852,0.455,0.645,-0.038,hayir,hayir
NGC2976,Sc–Scd,0.87,4.193e-11,+1014,2005,1126,1054,3130,0.494,0.676,0.019,hayir,hayir
NGC2976,Sc–Scd,0.94,4.395e-11,+1018,2154,1275,1189,3428,0.527,0.703,0.072,hayir,hayir
NGC2976,Sc–Scd,1.01,4.706e-11,+1352,2306,1467,1365,3772,0.414,0.642,0.005,hayir,hayir
NGC2976,Sc–Scd,1.08,5.057e-11,+1505,2462,1685,1557,4147,0.389,0.637,0.017,hayir,hayir
NGC2976,Sc–Scd,1.14,5.354e-11,+1216,2604,1884,1713,4488,0.533,0.729,0.145,hayir,hayir
NGC2976,Sc–Scd,1.21,5.781e-11,+869,2781,2159,1919,4940,0.687,0.824,0.273,hayir,hayir
NGC2976,Sc–Scd,1.29,6.263e-11,+871,2975,2493,2183,5468,0.707,0.841,0.300,hayir,hayir
NGC2976,Sc–Scd,1.35,6.623e-11,+1015,3129,2759,2372,5887,0.675,0.828,0.286,hayir,hayir
NGC2976,Sc–Scd,1.42,6.966e-11,+1210,3299,3052,2581,6351,0.633,0.809,0.266,hayir,hayir
NGC2976,Sc–Scd,1.49,7.274e-11,+1321,3467,3344,2781,6812,0.619,0.806,0.263,hayir,hayir
NGC2976,Sc–Scd,1.56,7.551e-11,+1392,3640,3635,2960,7275,0.618,0.809,0.265,hayir,hayir
NGC2976,Sc–Scd,1.63,7.689e-11,+1275,3792,3867,3099,7659,0.664,0.834,0.294,hayir,hayir
NGC2976,Sc–Scd,1.74,7.678e-11,+1142,4009,4123,3214,8131,0.715,0.860,0.322,hayir,hayir
NGC2976,Sc–Scd,1.93,6.632e-11,+1073,4163,3949,3083,8112,0.742,0.868,0.326,hayir,hayir
NGC2976,Sc–Scd,2.10,5.771e-11,+172,4300,3740,2855,8039,0.960,0.979,0.470,hayir,hayir
NGC2976,Sc–Scd,2.27,5.145e-11,+747,4419,3604,2713,8023,0.831,0.907,0.362,hayir,hayir
NGC2998,Sc–Scd,0.99,1.423e-10,-6178,5101,4346,4346,9447,2.211,1.654,1.211,hayir,hayir
NGC2998,Sc–Scd,1.98,1.430e-10,-4111,9057,8736,8729,17793,1.454,1.231,0.735,hayir,hayir
NGC2998,Sc–Scd,2.64,1.470e-10,-9077,11350,11973,11957,23323,1.800,1.389,0.880,hayir,hayir
NGC2998,Sc–Scd,3.63,1.730e-10,-6404,14615,19382,19343,33997,1.438,1.188,0.666,hayir,hayir
NGC2998,Sc–Scd,7.59,1.060e-10,+6550,24154,24832,24549,48986,0.729,0.866,0.367,hayir,hayir
NGC2998,Sc–Scd,12.50,6.158e-11,+6893,28936,23753,22725,52689,0.762,0.869,0.348,hayir,hayir
NGC2998,Sc–Scd,17.48,4.039e-11,+8434,31590,21788,19785,53378,0.733,0.842,0.287,hayir,hayir
NGC2998,Sc–Scd,22.46,2.626e-11,+6315,33486,18198,15449,51684,0.811,0.878,0.296,hayir,hayir
NGC2998,Sc–Scd,27.44,1.965e-11,+6106,35261,16641,13234,51902,0.827,0.882,0.269,hayir,hayir
NGC2998,Sc–Scd,32.32,1.556e-11,+7139,36994,15513,11428,52508,0.807,0.864,0.188,hayir,hayir
NGC2998,Sc–Scd,37.30,1.227e-11,+6992,38244,14117,9755,52361,0.817,0.866,0.142,hayir,hayir
NGC2998,Sc–Scd,42.28,9.667e-12,+10158,38755,12612,8462,51367,0.738,0.802,-0.100,hayir,hayir
NGC3198,Sc–Scd,0.64,1.374e-10,+3009,2171,2713,2713,4884,-0.386,0.384,-0.055,evet,hayir
NGC3198,Sc–Scd,0.96,1.053e-10,+4116,3068,3119,3119,6186,-0.342,0.335,-0.160,evet,hayir
NGC3198,Sc–Scd,1.28,8.658e-11,+3775,3778,3420,3420,7197,0.001,0.475,-0.052,hayir,hayir
NGC3198,Sc–Scd,1.61,7.139e-11,+3228,4415,3547,3547,7962,0.269,0.595,0.045,hayir,hayir
NGC3198,Sc–Scd,1.93,5.808e-11,+2530,4985,3459,3459,8443,0.492,0.700,0.134,hayir,hayir
NGC3198,Sc–Scd,2.24,5.480e-11,+2584,5520,3788,3788,9308,0.532,0.722,0.159,hayir,hayir
NGC3198,Sc–Scd,2.57,4.984e-11,+2464,6063,3952,3952,10016,0.594,0.754,0.188,hayir,hayir
NGC3198,Sc–Scd,2.89,4.439e-11,+1009,6576,3959,3959,10535,0.847,0.904,0.373,hayir,hayir
NGC3198,Sc–Scd,3.21,4.442e-11,+1510,7110,4400,4400,11510,0.788,0.869,0.328,hayir,hayir
NGC3198,Sc–Scd,3.54,4.690e-11,+1359,7685,5123,5123,12808,0.823,0.894,0.367,hayir,hayir
NGC3198,Sc–Scd,3.85,4.958e-11,+1339,8219,5890,5889,14108,0.837,0.905,0.386,hayir,hayir
NGC3198,Sc–Scd,4.17,5.186e-11,+1726,8741,6674,6671,15415,0.803,0.888,0.371,hayir,hayir
NGC3198,Sc–Scd,4.50,5.236e-11,+2357,9248,7271,7261,16518,0.745,0.857,0.338,hayir,hayir
NGC3198,Sc–Scd,4.82,5.303e-11,+1468,9710,7887,7865,17597,0.849,0.917,0.407,hayir,hayir
NGC3198,Sc–Scd,5.15,5.291e-11,+1145,10160,8408,8372,18569,0.887,0.938,0.432,hayir,hayir
NGC3198,Sc–Scd,5.46,5.292e-11,+1516,10556,8916,8864,19472,0.856,0.922,0.414,hayir,hayir
NGC3198,Sc–Scd,5.78,5.258e-11,+1548,10939,9378,9309,20317,0.858,0.924,0.417,hayir,hayir
NGC3198,Sc–Scd,6.10,5.210e-11,+1500,11293,9807,9718,21100,0.867,0.929,0.423,hayir,hayir
NGC3198,Sc–Scd,6.43,5.127e-11,+1633,11624,10173,10061,21797,0.859,0.925,0.419,hayir,hayir
NGC3198,Sc–Scd,6.74,4.936e-11,+1428,11897,10266,10127,22164,0.880,0.936,0.430,hayir,hayir
NGC3198,Sc–Scd,7.06,4.635e-11,+921,12139,10098,9932,22237,0.924,0.959,0.454,hayir,hayir
NGC3198,Sc–Scd,8.04,3.818e-11,+646,12782,9473,9205,22255,0.949,0.971,0.465,hayir,hayir
NGC3198,Sc–Scd,9.04,3.210e-11,+419,13368,8954,8553,22323,0.969,0.981,0.476,hayir,hayir
NGC3198,Sc–Scd,10.04,2.829e-11,-397,13941,8766,8205,22707,1.028,1.017,0.524,hayir,hayir
NGC3198,Sc–Scd,11.04,2.570e-11,-769,14500,8756,8023,23256,1.053,1.033,0.548,hayir,hayir
NGC3198,Sc–Scd,12.05,2.344e-11,-596,15023,8717,7810,23740,1.040,1.025,0.538,hayir,hayir
NGC3198,Sc–Scd,14.05,1.883e-11,-616,15868,8165,6976,24033,1.039,1.026,0.544,hayir,hayir
NGC3198,Sc–Scd,16.07,1.449e-11,+192,16418,7183,5856,23601,0.988,0.992,0.484,hayir,hayir
NGC3198,Sc–Scd,18.13,1.168e-11,+17,16890,6536,5111,23426,0.999,0.999,0.498,hayir,hayir
NGC3198,Sc–Scd,20.05,1.007e-11,-48,17435,6233,4646,23668,1.003,1.002,0.505,hayir,hayir
NGC3198,Sc–Scd,22.12,8.594e-12,+343,17886,5866,4192,23752,0.981,0.986,0.459,hayir,hayir
NGC3198,Sc–Scd,24.03,7.460e-12,+1306,18275,5532,3787,23806,0.929,0.945,0.328,hayir,hayir
NGC3198,Sc–Scd,26.10,6.615e-12,+1992,18865,5328,3417,24193,0.894,0.918,0.209,hayir,hayir
NGC3198,Sc–Scd,28.16,5.970e-12,+2735,19452,5187,3125,24639,0.859,0.889,0.062,hayir,hayir
NGC3198,Sc–Scd,30.08,5.327e-12,+3335,19707,4945,2893,24651,0.831,0.865,-0.076,hayir,hayir
NGC3198,Sc–Scd,32.14,4.709e-12,+2914,19854,4670,2684,24523,0.853,0.881,-0.043,hayir,hayir
NGC3198,Sc–Scd,34.06,4.303e-12,+2782,20164,4522,2514,24686,0.862,0.887,-0.053,hayir,hayir
NGC3198,Sc–Scd,36.12,4.003e-12,+3234,20677,4461,2354,25138,0.844,0.871,-0.187,hayir,hayir
NGC3198,Sc–Scd,38.19,3.736e-12,+3356,21155,4403,2217,25557,0.841,0.869,-0.257,hayir,hayir
NGC3198,Sc–Scd,40.10,3.521e-12,+3451,21594,4356,2102,25951,0.840,0.867,-0.321,hayir,hayir
NGC3198,Sc–Scd,42.17,3.370e-12,+4132,22247,4385,1991,26632,0.814,0.845,-0.538,hayir,hayir
NGC3198,Sc–Scd,44.08,3.079e-12,+4229,22243,4188,1899,26430,0.810,0.840,-0.614,hayir,hayir
NGC3726,Sc–Scd,5.24,8.316e-11,+6719,8897,13446,13446,22344,0.245,0.699,0.250,hayir,hayir
NGC3726,Sc–Scd,6.98,7.387e-11,+7135,12250,15910,15833,28160,0.418,0.747,0.275,hayir,hayir
NGC3726,Sc–Scd,8.72,6.415e-11,+5120,14756,17261,16693,32016,0.653,0.840,0.347,hayir,hayir
NGC3726,Sc–Scd,10.47,4.969e-11,+6092,16284,16052,15082,32336,0.626,0.812,0.298,hayir,hayir
NGC3726,Sc–Scd,12.19,4.051e-11,+7191,17555,15237,13846,32791,0.590,0.781,0.240,hayir,hayir
NGC3726,Sc–Scd,13.94,3.455e-11,+9541,19014,14863,12706,33877,0.498,0.718,0.125,hayir,hayir
NGC3726,Sc–Scd,16.03,2.785e-11,+12844,20383,13776,10953,34160,0.370,0.624,-0.086,hayir,hayir
NGC3726,Sc–Scd,22.30,1.458e-11,+6305,21235,10034,7714,31269,0.703,0.798,0.091,hayir,hayir
NGC3726,Sc–Scd,27.52,9.204e-12,+817,21226,7816,5995,29041,0.961,0.972,0.432,hayir,hayir
NGC3726,Sc–Scd,30.08,7.591e-12,-322,21193,7046,5404,28239,1.015,1.011,0.530,hayir,hayir
NGC3726,Sc–Scd,32.52,6.453e-12,-210,21204,6475,4953,27679,1.010,1.008,0.521,hayir,hayir
NGC3877,Sc–Scd,1.74,1.231e-10,+5245,5051,6610,6610,11661,-0.038,0.550,0.103,evet,hayir
NGC3877,Sc–Scd,2.61,9.241e-11,+195,7394,7442,7442,14836,0.974,0.987,0.487,hayir,hayir
NGC3877,Sc–Scd,3.50,8.227e-11,-1817,9462,8885,8810,18347,1.192,1.099,0.603,hayir,hayir
NGC3877,Sc–Scd,4.37,7.837e-11,-1469,11373,10568,10359,21940,1.129,1.067,0.571,hayir,hayir
NGC3877,Sc–Scd,5.24,8.115e-11,+737,13216,13120,12781,26337,0.944,0.972,0.471,hayir,hayir
NGC3877,Sc–Scd,6.11,8.983e-11,+5655,14963,16936,16448,31899,0.622,0.823,0.328,hayir,hayir
NGC3877,Sc–Scd,6.98,8.991e-11,+7923,16447,19365,18735,35812,0.518,0.779,0.289,hayir,hayir
NGC3877,Sc–Scd,7.85,8.374e-11,+9326,17602,20285,19570,37887,0.470,0.754,0.262,hayir,hayir
NGC3877,Sc–Scd,8.72,7.793e-11,+10283,18554,20969,20172,39524,0.446,0.740,0.245,hayir,hayir
NGC3877,Sc–Scd,9.60,7.163e-11,+11295,19316,21219,20341,40536,0.415,0.721,0.222,hayir,hayir
NGC3877,Sc–Scd,10.47,6.172e-11,+10887,19848,19939,19022,39787,0.451,0.726,0.214,hayir,hayir
NGC3877,Sc–Scd,11.35,5.402e-11,+10587,20229,18919,18003,39148,0.477,0.730,0.206,hayir,hayir
NGC3893,Sc–Scd,1.74,3.866e-10,+958,1229,20754,20434,21983,0.220,0.956,0.477,hayir,hayir
NGC3893,Sc–Scd,3.50,2.079e-10,+3062,10881,22457,22145,33338,0.719,0.908,0.431,hayir,hayir
NGC3893,Sc–Scd,5.24,1.430e-10,-695,13818,23123,22368,36941,1.050,1.019,0.516,hayir,hayir
NGC3893,Sc–Scd,6.98,9.042e-11,-792,15833,19475,17663,35308,1.050,1.022,0.522,hayir,hayir
NGC3893,Sc–Scd,8.81,6.330e-11,-241,17148,17207,14876,34355,1.014,1.007,0.508,hayir,hayir
NGC3893,Sc–Scd,10.90,4.469e-11,-2476,17838,15031,12962,32868,1.139,1.075,0.595,hayir,hayir
NGC3893,Sc–Scd,13.12,3.173e-11,-3852,18272,12845,10968,31117,1.211,1.124,0.676,hayir,hayir
NGC3893,Sc–Scd,15.33,2.318e-11,-2407,18668,10966,9107,29634,1.129,1.081,0.632,hayir,hayir
NGC3893,Sc–Scd,17.30,1.846e-11,-2137,18987,9852,7985,28839,1.113,1.074,0.634,hayir,hayir
NGC3893,Sc–Scd,19.05,1.548e-11,+594,19386,9097,7116,28483,0.969,0.979,0.458,hayir,hayir
NGC3917,Sc–Scd,1.74,2.105e-11,+1330,2660,1130,1130,3790,0.500,0.649,-0.088,hayir,hayir
NGC3917,Sc–Scd,2.61,2.270e-11,+527,4116,1828,1828,5944,0.872,0.911,0.356,hayir,hayir
NGC3917,Sc–Scd,3.50,2.566e-11,-1978,5452,2772,2717,8223,1.363,1.240,0.864,hayir,hayir
NGC3917,Sc–Scd,4.37,2.813e-11,-960,6696,3794,3615,10489,1.143,1.091,0.633,hayir,hayir
NGC3917,Sc–Scd,5.24,2.987e-11,-663,7731,4830,4634,12562,1.086,1.053,0.572,hayir,hayir
NGC3917,Sc–Scd,6.11,2.966e-11,-992,8545,5592,5443,14137,1.116,1.070,0.591,hayir,hayir
NGC3917,Sc–Scd,6.98,2.839e-11,-1367,9420,6114,5778,15533,1.145,1.088,0.618,hayir,hayir
NGC3917,Sc–Scd,7.85,2.653e-11,-1432,10097,6426,5971,16524,1.142,1.087,0.620,hayir,hayir
NGC3917,Sc–Scd,8.72,2.369e-11,-1549,10574,6373,5899,16947,1.146,1.091,0.631,hayir,hayir
NGC3917,Sc–Scd,9.60,2.213e-11,-947,11268,6554,5805,17822,1.084,1.053,0.582,hayir,hayir
NGC3917,Sc–Scd,10.47,2.010e-11,-270,11731,6495,5623,18226,1.023,1.015,0.524,hayir,hayir
NGC3917,Sc–Scd,11.35,1.820e-11,-200,12195,6374,5343,18569,1.016,1.011,0.519,hayir,hayir
NGC3917,Sc–Scd,12.19,1.632e-11,-157,12473,6139,5058,18612,1.013,1.008,0.516,hayir,hayir
NGC3917,Sc–Scd,13.12,1.395e-11,-640,12483,5647,4697,18129,1.051,1.035,0.568,hayir,hayir
NGC3917,Sc–Scd,13.94,1.244e-11,-969,12722,5353,4328,18075,1.076,1.054,0.612,hayir,hayir
NGC3917,Sc–Scd,14.86,1.072e-11,-1028,12825,4916,3906,17741,1.080,1.058,0.632,hayir,hayir
NGC4085,Sc–Scd,1.74,1.582e-10,+7462,5352,8494,8363,13846,-0.394,0.461,0.054,evet,hayir
NGC4085,Sc–Scd,2.71,1.234e-10,+5344,7570,10318,10190,17888,0.294,0.701,0.238,hayir,hayir
NGC4085,Sc–Scd,3.58,1.033e-10,+4309,9027,11411,11068,20438,0.523,0.789,0.305,hayir,hayir
NGC4085,Sc–Scd,4.45,9.174e-11,+5811,10113,12597,12061,22711,0.425,0.744,0.259,hayir,hayir
NGC4085,Sc–Scd,5.32,7.220e-11,+4950,10786,11852,11189,22639,0.541,0.781,0.279,hayir,hayir
NGC4085,Sc–Scd,6.20,5.388e-11,+2879,11067,10308,9683,21375,0.740,0.865,0.351,hayir,hayir
NGC4183,Sc–Scd,1.74,2.278e-11,-780,2340,1223,1190,3563,1.333,1.219,0.828,hayir,hayir
NGC4183,Sc–Scd,2.61,2.173e-11,-576,3465,1750,1615,5215,1.166,1.110,0.678,hayir,hayir
NGC4183,Sc–Scd,3.50,1.817e-11,-1014,4368,1963,1770,6330,1.232,1.160,0.787,hayir,hayir
NGC4183,Sc–Scd,4.37,1.824e-11,-1651,5221,2460,2140,7681,1.316,1.215,0.886,hayir,hayir
NGC4183,Sc–Scd,5.24,1.787e-11,-845,6127,2889,2337,9016,1.138,1.094,0.681,hayir,hayir
NGC4183,Sc–Scd,6.11,1.731e-11,-484,6861,3264,2589,10125,1.071,1.048,0.594,hayir,hayir
NGC4183,Sc–Scd,6.98,1.682e-11,-335,7491,3623,2868,11114,1.045,1.030,0.558,hayir,hayir
NGC4183,Sc–Scd,7.85,1.673e-11,-13,8255,4053,3063,12308,1.002,1.001,0.502,hayir,hayir
NGC4183,Sc–Scd,8.72,1.667e-11,+498,9007,4486,3230,13494,0.945,0.963,0.423,hayir,hayir
NGC4183,Sc–Scd,9.60,1.494e-11,+633,9432,4426,3099,13858,0.933,0.954,0.398,hayir,hayir
NGC4183,Sc–Scd,10.47,1.307e-11,+1741,9839,4223,2793,14062,0.823,0.876,0.188,hayir,hayir
NGC4183,Sc–Scd,11.35,1.216e-11,+2699,10540,4259,2511,14799,0.744,0.818,-0.037,hayir,hayir
NGC4183,Sc–Scd,12.31,1.019e-11,+2138,10588,3871,2255,14459,0.798,0.852,0.026,hayir,hayir
NGC4183,Sc–Scd,13.12,8.816e-12,+2257,10569,3569,2081,14138,0.786,0.840,-0.042,hayir,hayir
NGC4183,Sc–Scd,14.05,7.786e-12,+2424,10713,3376,1920,14088,0.774,0.828,-0.131,hayir,hayir
NGC4183,Sc–Scd,14.98,7.166e-12,+2459,11028,3312,1790,14340,0.777,0.829,-0.187,hayir,hayir
NGC4183,Sc–Scd,16.03,6.339e-12,+1946,11131,3135,1672,14267,0.825,0.864,-0.082,hayir,hayir
NGC4183,Sc–Scd,16.95,5.574e-12,+1858,11043,2915,1581,13958,0.832,0.867,-0.088,hayir,hayir
NGC4183,Sc–Scd,17.88,5.229e-12,+2346,11342,2885,1487,14227,0.793,0.835,-0.289,hayir,hayir
NGC4183,Sc–Scd,18.93,4.709e-12,+2088,11438,2750,1392,14188,0.817,0.853,-0.250,hayir,hayir
NGC4183,Sc–Scd,19.97,4.202e-12,+1453,11408,2589,1317,13997,0.873,0.896,-0.052,hayir,hayir
NGC4183,Sc–Scd,21.02,3.844e-12,+1237,11512,2493,1244,14006,0.893,0.912,0.003,hayir,hayir
NGC4559,Sc–Scd,1.32,7.154e-11,+1938,3145,2914,2914,6059,0.384,0.680,0.168,hayir,hayir
NGC4559,Sc–Scd,1.97,6.461e-11,+3086,4531,3928,3928,8459,0.319,0.635,0.107,hayir,hayir
NGC4559,Sc–Scd,2.62,5.818e-11,+3292,5678,4704,4651,10382,0.420,0.683,0.146,hayir,hayir
NGC4559,Sc–Scd,3.28,5.687e-11,+3238,6736,5756,5589,12492,0.519,0.741,0.210,hayir,hayir
NGC4559,Sc–Scd,3.93,5.555e-11,+3940,7608,6736,6511,14344,0.482,0.725,0.197,hayir,hayir
NGC4559,Sc–Scd,4.58,4.989e-11,+4508,8274,7050,6779,15324,0.455,0.706,0.167,hayir,hayir
NGC4559,Sc–Scd,5.22,4.355e-11,+4603,8825,7014,6651,15839,0.478,0.709,0.154,hayir,hayir
NGC4559,Sc–Scd,5.90,3.844e-11,+5113,9351,6998,6516,16349,0.453,0.687,0.108,hayir,hayir
NGC4559,Sc–Scd,6.54,3.367e-11,+4898,9768,6794,6214,16562,0.499,0.704,0.106,hayir,hayir
NGC4559,Sc–Scd,7.19,2.981e-11,+4481,10188,6614,5907,16802,0.560,0.733,0.121,hayir,hayir
NGC4559,Sc–Scd,7.87,2.761e-11,+4299,10589,6706,5898,17295,0.594,0.751,0.136,hayir,hayir
NGC4559,Sc–Scd,8.51,2.582e-11,+4240,10917,6779,5899,17696,0.612,0.760,0.141,hayir,hayir
NGC4559,Sc–Scd,9.16,2.350e-11,+4147,11194,6642,5698,17836,0.630,0.767,0.136,hayir,hayir
NGC4559,Sc–Scd,9.84,2.101e-11,+4030,11574,6380,5250,17954,0.652,0.776,0.116,hayir,hayir
NGC4559,Sc–Scd,10.48,1.900e-11,+3705,11959,6145,4806,18105,0.690,0.795,0.115,hayir,hayir
NGC4559,Sc–Scd,11.13,1.734e-11,+3599,12285,5956,4463,18240,0.707,0.803,0.097,hayir,hayir
NGC4559,Sc–Scd,11.78,1.572e-11,+3326,12497,5714,4161,18210,0.734,0.817,0.100,hayir,hayir
NGC4559,Sc–Scd,12.43,1.429e-11,+3254,12659,5479,3904,18138,0.743,0.821,0.083,hayir,hayir
NGC4559,Sc–Scd,13.08,1.318e-11,+3308,12871,5321,3684,18192,0.743,0.818,0.051,hayir,hayir
NGC4559,Sc–Scd,13.73,1.238e-11,+3292,13176,5244,3480,18421,0.750,0.821,0.027,hayir,hayir
NGC4559,Sc–Scd,14.38,1.162e-11,+3262,13481,5157,3270,18638,0.758,0.825,0.001,hayir,hayir
NGC4559,Sc–Scd,15.03,1.087e-11,+3375,13711,5040,3085,18751,0.754,0.820,-0.047,hayir,hayir
NGC4559,Sc–Scd,15.68,1.033e-11,+3858,13988,4999,2950,18987,0.724,0.797,-0.154,hayir,hayir
NGC4559,Sc–Scd,16.33,9.939e-12,+4209,14330,5008,2825,19338,0.706,0.782,-0.245,hayir,hayir
NGC4559,Sc–Scd,16.98,9.564e-12,+4552,14670,5011,2700,19681,0.690,0.769,-0.343,hayir,hayir
NGC4559,Sc–Scd,17.72,9.154e-12,+5404,15040,5005,2564,20045,0.641,0.730,-0.554,hayir,hayir
NGC4559,Sc–Scd,18.28,8.915e-12,+5497,15352,5028,2471,20381,0.642,0.730,-0.612,hayir,hayir
NGC4559,Sc–Scd,19.02,8.545e-12,+5813,15682,5015,2360,20697,0.629,0.719,-0.732,hayir,hayir
NGC4559,Sc–Scd,19.67,8.199e-12,+6252,15917,4976,2270,20893,0.607,0.701,-0.877,hayir,hayir
NGC4559,Sc–Scd,20.32,7.821e-12,+6587,16083,4904,2189,20987,0.590,0.686,-1.005,hayir,hayir
NGC4559,Sc–Scd,20.97,7.416e-12,+6816,16178,4798,2113,20977,0.579,0.675,-1.113,hayir,hayir
NGC5033,Sc–Scd,2.28,7.993e-10,+29363,18928,56231,56204,75159,-0.551,0.609,0.239,evet,hayir
NGC5033,Sc–Scd,3.80,4.115e-10,+21085,22120,48249,48177,70369,0.047,0.700,0.281,hayir,hayir
NGC5033,Sc–Scd,5.33,2.392e-10,+12611,23441,39346,39068,62787,0.462,0.799,0.339,hayir,hayir
NGC5033,Sc–Scd,6.85,1.554e-10,+6484,24269,32840,32338,57109,0.733,0.886,0.400,hayir,hayir
NGC5033,Sc–Scd,8.00,1.154e-10,+3892,24698,28477,27873,53176,0.842,0.927,0.430,hayir,hayir
NGC5033,Sc–Scd,10.28,7.553e-11,+1085,25525,23960,23148,49485,0.958,0.978,0.477,hayir,hayir
NGC5033,Sc–Scd,12.56,5.437e-11,-229,26222,21073,20161,47295,1.009,1.005,0.506,hayir,hayir
NGC5033,Sc–Scd,14.91,4.053e-11,-2314,27000,18647,17321,45647,1.086,1.051,0.567,hayir,hayir
NGC5033,Sc–Scd,17.15,3.208e-11,-2375,27738,16976,15238,44714,1.086,1.053,0.578,hayir,hayir
NGC5033,Sc–Scd,19.39,2.649e-11,-3206,28468,15851,13760,44318,1.113,1.072,0.616,hayir,hayir
NGC5033,Sc–Scd,21.64,2.332e-11,-3344,29484,15573,12877,45056,1.113,1.074,0.630,hayir,hayir
NGC5033,Sc–Scd,24.01,2.017e-11,-3869,30469,14946,11727,45415,1.127,1.085,0.665,hayir,hayir
NGC5033,Sc–Scd,26.25,1.728e-11,-2461,31064,13999,10594,45063,1.079,1.055,0.616,hayir,hayir
NGC5033,Sc–Scd,28.50,1.465e-11,-2996,31207,12886,9666,44093,1.096,1.068,0.655,hayir,hayir
NGC5033,Sc–Scd,30.87,1.232e-11,-51,31062,11736,8895,42798,1.002,1.001,0.503,hayir,hayir
NGC5033,Sc–Scd,33.12,1.066e-11,+2357,31067,10891,8255,41958,0.924,0.944,0.357,hayir,hayir
NGC5033,Sc–Scd,35.36,9.225e-12,+4516,30931,10065,7694,40997,0.854,0.890,0.207,hayir,hayir
NGC5033,Sc–Scd,37.73,8.040e-12,+2992,30881,9360,7175,40241,0.903,0.926,0.291,hayir,hayir
NGC5033,Sc–Scd,39.98,7.128e-12,+2792,30863,8793,6745,39656,0.910,0.930,0.293,hayir,hayir
NGC5033,Sc–Scd,42.22,6.372e-12,+1525,30859,8302,6366,39161,0.951,0.961,0.380,hayir,hayir
NGC5033,Sc–Scd,44.59,5.699e-12,+292,30867,7841,6006,38708,0.991,0.992,0.476,hayir,hayir
NGC5907,Sc–Scd,7.55,9.233e-11,-13487,13404,21509,21509,34913,2.006,1.386,0.814,hayir,hayir
NGC5907,Sc–Scd,10.07,8.296e-11,-10815,18632,25778,25778,44410,1.580,1.244,0.710,hayir,hayir
NGC5907,Sc–Scd,12.58,7.055e-11,-5669,22169,27387,27100,49556,1.256,1.114,0.605,hayir,hayir
NGC5907,Sc–Scd,15.10,5.543e-11,-2595,24478,25827,25229,50305,1.106,1.052,0.551,hayir,hayir
NGC5907,Sc–Scd,17.61,4.521e-11,-2540,26255,24566,23599,50821,1.097,1.050,0.554,hayir,hayir
NGC5907,Sc–Scd,20.13,3.801e-11,-2093,28119,23612,21826,51731,1.074,1.040,0.548,hayir,hayir
NGC5907,Sc–Scd,22.65,3.228e-11,+1987,30054,22558,19677,52612,0.934,0.962,0.450,hayir,hayir
NGC5907,Sc–Scd,25.16,2.586e-11,+182,30282,20076,17597,50358,0.994,0.996,0.495,hayir,hayir
NGC5907,Sc–Scd,27.68,2.199e-11,-2289,31367,18785,15837,50152,1.073,1.046,0.572,hayir,hayir
NGC5907,Sc–Scd,30.20,1.983e-11,+4263,33307,18480,14374,51787,0.872,0.918,0.352,hayir,hayir
NGC5907,Sc–Scd,32.71,1.679e-11,+4577,33421,16951,13159,50373,0.863,0.909,0.326,hayir,hayir
NGC5907,Sc–Scd,35.23,1.501e-11,+5428,34483,16315,12095,50797,0.843,0.893,0.276,hayir,hayir
NGC5907,Sc–Scd,37.75,1.287e-11,+4860,34385,14996,11159,49381,0.859,0.902,0.282,hayir,hayir
NGC5907,Sc–Scd,40.26,1.154e-11,+2291,35042,14338,10342,49380,0.935,0.954,0.389,hayir,hayir
NGC5907,Sc–Scd,42.78,1.009e-11,+1602,34939,13319,9634,48258,0.954,0.967,0.417,hayir,hayir
NGC5907,Sc–Scd,45.29,9.074e-12,+1739,35283,12680,9012,47964,0.951,0.964,0.404,hayir,hayir
NGC5907,Sc–Scd,47.81,8.188e-12,+527,35537,12079,8471,47616,0.985,0.989,0.469,hayir,hayir
NGC5907,Sc–Scd,50.33,7.655e-12,+2500,36408,11889,8004,48296,0.931,0.948,0.344,hayir,hayir
NGC6015,Sc–Scd,0.67,9.375e-11,+302,2258,1938,1938,4196,0.866,0.928,0.422,hayir,hayir
NGC6015,Sc–Scd,1.00,1.047e-10,-1580,3415,3232,3232,6647,1.463,1.238,0.744,hayir,hayir
NGC6015,Sc–Scd,1.32,9.236e-11,-2764,4290,3762,3762,8052,1.644,1.343,0.867,hayir,hayir
NGC6015,Sc–Scd,1.65,8.336e-11,-1717,5064,4244,4244,9308,1.339,1.184,0.702,hayir,hayir
NGC6015,Sc–Scd,1.98,7.850e-11,-1061,5807,4796,4796,10603,1.183,1.100,0.611,hayir,hayir
NGC6015,Sc–Scd,2.31,7.726e-11,-1425,6523,5507,5507,12031,1.218,1.118,0.629,hayir,hayir
NGC6015,Sc–Scd,2.63,7.766e-11,-3401,7197,6302,6302,13499,1.473,1.252,0.770,hayir,hayir
NGC6015,Sc–Scd,2.96,8.007e-11,-4693,7875,7313,7313,15188,1.596,1.309,0.821,hayir,hayir
NGC6015,Sc–Scd,3.28,8.264e-11,-4453,8499,8364,8364,16863,1.524,1.264,0.766,hayir,hayir
NGC6015,Sc–Scd,3.61,8.460e-11,-3979,9096,9424,9424,18521,1.437,1.215,0.711,hayir,hayir
NGC6015,Sc–Scd,3.94,8.487e-11,-3153,9633,10318,10318,19951,1.327,1.158,0.653,hayir,hayir
NGC6015,Sc–Scd,4.27,8.337e-11,-2940,10100,10985,10985,21085,1.291,1.139,0.634,hayir,hayir
NGC6015,Sc–Scd,4.60,7.938e-11,-1328,10508,11268,11246,21776,1.126,1.061,0.559,hayir,hayir
NGC6015,Sc–Scd,4.94,7.407e-11,-333,10877,11291,11222,22167,1.031,1.015,0.515,hayir,hayir
NGC6015,Sc–Scd,5.30,6.757e-11,+658,11217,11050,10925,22267,0.941,0.970,0.470,hayir,hayir
NGC6015,Sc–Scd,5.63,6.235e-11,+1316,11509,10831,10643,22341,0.886,0.941,0.438,hayir,hayir
NGC6015,Sc–Scd,5.96,5.911e-11,-440,11793,10871,10617,22664,1.037,1.019,0.521,hayir,hayir
NGC6015,Sc–Scd,6.27,5.618e-11,+721,12052,10870,10544,22922,0.940,0.969,0.466,hayir,hayir
NGC6015,Sc–Scd,8.24,3.986e-11,+1351,13416,10136,9353,23552,0.899,0.943,0.428,hayir,hayir
NGC6015,Sc–Scd,10.30,2.833e-11,+2254,14566,9004,7663,23570,0.845,0.904,0.353,hayir,hayir
NGC6015,Sc–Scd,11.13,2.556e-11,+1614,15036,8779,7186,23815,0.893,0.932,0.388,hayir,hayir
NGC6015,Sc–Scd,11.95,2.344e-11,+1056,15518,8643,6783,24160,0.932,0.956,0.422,hayir,hayir
NGC6015,Sc–Scd,12.72,2.145e-11,+953,15943,8420,6334,24362,0.940,0.961,0.425,hayir,hayir
NGC6015,Sc–Scd,13.58,1.935e-11,+84,16313,8108,5868,24420,0.995,0.997,0.493,hayir,hayir
NGC6015,Sc–Scd,14.43,1.752e-11,-574,16590,7800,5485,24390,1.035,1.024,0.552,hayir,hayir
NGC6015,Sc–Scd,15.29,1.587e-11,-661,16815,7487,5141,24303,1.039,1.027,0.564,hayir,hayir
NGC6015,Sc–Scd,16.02,1.460e-11,-1095,16967,7218,4872,24186,1.065,1.045,0.612,hayir,hayir
NGC6015,Sc–Scd,16.88,1.322e-11,-1940,17097,6884,4570,23981,1.113,1.081,0.712,hayir,hayir
NGC6015,Sc–Scd,17.73,1.202e-11,-2791,17200,6577,4306,23778,1.162,1.117,0.824,hayir,hayir
NGC6015,Sc–Scd,18.59,1.095e-11,-2696,17269,6279,4070,23548,1.156,1.115,0.831,hayir,hayir
NGC6015,Sc–Scd,19.32,1.018e-11,-3476,17352,6068,3890,23420,1.200,1.148,0.947,hayir,hayir
NGC6015,Sc–Scd,20.18,9.416e-12,-3877,17485,5863,3695,23348,1.222,1.166,1.025,hayir,hayir
NGC6015,Sc–Scd,21.04,8.700e-12,-4342,17565,5648,3521,23214,1.247,1.187,1.117,hayir,hayir
NGC6015,Sc–Scd,21.89,8.053e-12,-3510,17620,5439,3364,23059,1.199,1.152,1.022,hayir,hayir
NGC6015,Sc–Scd,22.63,7.582e-12,-2283,17704,5294,3239,22998,1.129,1.099,0.852,hayir,hayir
NGC6015,Sc–Scd,23.48,7.097e-12,-1080,17803,5142,3106,22945,1.061,1.047,0.674,hayir,hayir
NGC6015,Sc–Scd,24.34,6.631e-12,-873,17863,4980,2984,22843,1.049,1.038,0.646,hayir,hayir
NGC6015,Sc–Scd,25.19,6.251e-12,+631,17973,4859,2872,22832,0.965,0.972,0.390,hayir,hayir
NGC6015,Sc–Scd,25.93,6.185e-12,-27,18433,4949,2781,23382,1.001,1.001,0.505,hayir,hayir
NGC6015,Sc–Scd,26.78,5.443e-12,-1976,17862,4498,2685,22360,1.111,1.088,0.868,hayir,hayir
NGC6015,Sc–Scd,27.64,4.984e-12,-900,17650,4251,2594,21901,1.051,1.041,0.673,hayir,hayir
NGC6015,Sc–Scd,28.37,4.642e-12,-3408,17492,4064,2523,21556,1.195,1.158,1.176,hayir,hayir
NGC6015,Sc–Scd,29.23,4.330e-12,-1780,17419,3905,2442,21324,1.102,1.083,0.864,hayir,hayir
NGC6503,Sc–Scd,1.52,1.630e-10,+2379,4735,7643,7585,12379,0.498,0.808,0.343,hayir,hayir
NGC6503,Sc–Scd,2.28,1.459e-10,+4773,6606,10268,10173,16873,0.277,0.717,0.265,hayir,hayir
NGC6503,Sc–Scd,3.04,9.795e-11,+2690,7425,9189,9034,16614,0.638,0.838,0.351,hayir,hayir
NGC6503,Sc–Scd,3.79,6.513e-11,+732,7756,7617,7438,15373,0.906,0.952,0.451,hayir,hayir
NGC6503,Sc–Scd,4.55,4.585e-11,-232,7971,6438,6219,14409,1.029,1.016,0.519,hayir,hayir
NGC6503,Sc–Scd,5.31,3.440e-11,+126,8179,5636,5328,13815,0.985,0.991,0.488,hayir,hayir
NGC6503,Sc–Scd,6.07,2.690e-11,-64,8353,5039,4671,13392,1.008,1.005,0.507,hayir,hayir
NGC6503,Sc–Scd,6.83,2.202e-11,-302,8512,4642,4228,13154,1.036,1.023,0.536,hayir,hayir
NGC6503,Sc–Scd,7.59,1.839e-11,-471,8677,4308,3839,12985,1.054,1.036,0.561,hayir,hayir
NGC6503,Sc–Scd,8.35,1.547e-11,-412,8828,3985,3465,12813,1.047,1.032,0.559,hayir,hayir
NGC6503,Sc–Scd,9.11,1.330e-11,-500,8987,3739,3166,12725,1.056,1.039,0.579,hayir,hayir
NGC6503,Sc–Scd,9.86,1.172e-11,-749,9140,3567,2950,12707,1.082,1.059,0.627,hayir,hayir
NGC6503,Sc–Scd,10.64,1.035e-11,-1011,9279,3400,2751,12678,1.109,1.080,0.684,hayir,hayir
NGC6503,Sc–Scd,11.38,9.261e-12,-999,9438,3252,2556,12690,1.106,1.079,0.695,hayir,hayir
NGC6503,Sc–Scd,12.12,8.377e-12,-1195,9596,3133,2393,12729,1.125,1.094,0.750,hayir,hayir
NGC6503,Sc–Scd,12.86,7.657e-12,-879,9771,3038,2247,12810,1.090,1.069,0.696,hayir,hayir
NGC6503,Sc–Scd,13.70,6.927e-12,-595,9933,2928,2102,12861,1.060,1.046,0.641,hayir,hayir
NGC6503,Sc–Scd,14.44,6.302e-12,-409,10008,2808,1988,12816,1.041,1.032,0.603,hayir,hayir
NGC6503,Sc–Scd,15.18,5.736e-12,-945,10057,2687,1884,12744,1.094,1.074,0.751,hayir,hayir
NGC6503,Sc–Scd,15.91,5.264e-12,-759,10113,2584,1793,12697,1.075,1.060,0.712,hayir,hayir
NGC6503,Sc–Scd,16.65,4.887e-12,-497,10217,2511,1708,12728,1.049,1.039,0.645,hayir,hayir
NGC6503,Sc–Scd,17.49,4.479e-12,-513,10295,2417,1621,12712,1.050,1.040,0.658,hayir,hayir
NGC6503,Sc–Scd,18.23,4.135e-12,-582,10318,2326,1552,12643,1.056,1.046,0.687,hayir,hayir
NGC6503,Sc–Scd,18.97,3.806e-12,-460,10308,2228,1488,12536,1.045,1.037,0.655,hayir,hayir
NGC6503,Sc–Scd,19.71,3.539e-12,-734,10339,2153,1429,12491,1.071,1.059,0.757,hayir,hayir
NGC6503,Sc–Scd,20.45,3.308e-12,-530,10379,2087,1375,12466,1.051,1.043,0.693,hayir,hayir
NGC6503,Sc–Scd,21.29,3.075e-12,-1008,10428,2020,1318,12448,1.097,1.081,0.882,hayir,hayir
NGC6503,Sc–Scd,22.03,2.880e-12,-819,10448,1957,1272,12406,1.078,1.066,0.822,hayir,hayir
NGC6503,Sc–Scd,22.76,2.705e-12,-1558,10466,1900,1231,12366,1.149,1.126,1.133,hayir,hayir
NGC6503,Sc–Scd,23.50,2.535e-12,-921,10466,1838,1190,12304,1.088,1.075,0.887,hayir,hayir
NGC6946,Sc–Scd,0.56,1.264e-09,+10162,5218,21844,21836,27062,-0.947,0.624,0.267,evet,hayir
NGC6946,Sc–Scd,0.94,5.994e-10,+7610,6607,17387,17367,23994,-0.152,0.683,0.281,evet,hayir
NGC6946,Sc–Scd,1.22,4.295e-10,+5648,7437,16167,16139,23604,0.241,0.761,0.325,hayir,hayir
NGC6946,Sc–Scd,1.59,3.261e-10,+7866,8510,15997,15956,24507,0.076,0.679,0.253,hayir,hayir
NGC6946,Sc–Scd,1.96,2.635e-10,+8275,9502,15934,15892,25436,0.129,0.675,0.240,hayir,hayir
NGC6946,Sc–Scd,2.34,2.321e-10,+8208,10493,16760,16717,27252,0.218,0.699,0.254,hayir,hayir
NGC6946,Sc–Scd,2.71,2.210e-10,+10568,11409,18480,18438,29889,0.074,0.646,0.213,hayir,hayir
NGC6946,Sc–Scd,2.99,2.029e-10,+10302,12035,18716,18676,30751,0.144,0.665,0.224,hayir,hayir
NGC6946,Sc–Scd,3.37,1.866e-10,+10914,12822,19407,19350,32230,0.149,0.661,0.218,hayir,hayir
NGC6946,Sc–Scd,3.74,1.711e-10,+9568,13534,19750,19639,33284,0.293,0.713,0.256,hayir,hayir
NGC6946,Sc–Scd,4.12,1.583e-10,+8420,14219,20122,19957,34341,0.408,0.755,0.289,hayir,hayir
NGC6946,Sc–Scd,4.40,1.521e-10,+7461,14698,20652,20469,35350,0.492,0.789,0.318,hayir,hayir
NGC6946,Sc–Scd,4.77,1.458e-10,+6831,15303,21456,21249,36760,0.554,0.814,0.339,hayir,hayir
NGC6946,Sc–Scd,5.15,1.403e-10,+7244,15918,22302,21996,38220,0.545,0.810,0.335,hayir,hayir
NGC6946,Sc–Scd,5.52,1.384e-10,+8379,16488,23575,23142,40063,0.492,0.791,0.319,hayir,hayir
NGC6946,Sc–Scd,5.89,1.301e-10,+8200,16960,23640,23092,40600,0.517,0.798,0.322,hayir,hayir
NGC6946,Sc–Scd,6.17,1.206e-10,+8169,17256,22954,22322,40210,0.527,0.797,0.317,hayir,hayir
NGC6946,Sc–Scd,6.55,1.129e-10,+8086,17659,22827,22062,40486,0.542,0.800,0.317,hayir,hayir
NGC6946,Sc–Scd,6.92,1.078e-10,+8339,18072,23028,22058,41100,0.539,0.797,0.311,hayir,hayir
NGC6946,Sc–Scd,7.30,9.999e-11,+8915,18434,22523,21363,40956,0.516,0.782,0.291,hayir,hayir
NGC6946,Sc–Scd,7.58,9.345e-11,+8443,18627,21857,20638,40484,0.547,0.791,0.295,hayir,hayir
NGC6946,Sc–Scd,7.95,8.512e-11,+7693,18853,20880,19592,39734,0.592,0.806,0.304,hayir,hayir
NGC6946,Sc–Scd,8.33,7.773e-11,+7390,19094,19980,18586,39074,0.613,0.811,0.301,hayir,hayir
NGC6946,Sc–Scd,8.70,7.315e-11,+7651,19343,19637,18126,38980,0.604,0.804,0.289,hayir,hayir
NGC6946,Sc–Scd,9.08,6.894e-11,+7871,19532,19314,17787,38847,0.597,0.797,0.279,hayir,hayir
NGC6946,Sc–Scd,9.36,6.569e-11,+8665,19620,18974,17499,38594,0.558,0.775,0.252,hayir,hayir
NGC6946,Sc–Scd,9.73,6.126e-11,+8540,19731,18393,16970,38124,0.567,0.776,0.248,hayir,hayir
NGC6946,Sc–Scd,10.10,5.739e-11,+8149,19847,17885,16484,37733,0.589,0.784,0.253,hayir,hayir
NGC6946,Sc–Scd,10.48,5.366e-11,+8406,19955,17351,15972,37306,0.579,0.775,0.237,hayir,hayir
NGC6946,Sc–Scd,10.76,5.111e-11,+7742,20013,16970,15626,36983,0.613,0.791,0.252,hayir,hayir
NGC6946,Sc–Scd,11.13,4.784e-11,+6227,20073,16430,15142,36503,0.690,0.829,0.294,hayir,hayir
NGC6946,Sc–Scd,11.51,4.500e-11,+5885,20179,15982,14680,36161,0.708,0.837,0.300,hayir,hayir
NGC6946,Sc–Scd,11.88,4.248e-11,+5251,20304,15572,14221,35876,0.741,0.854,0.315,hayir,hayir
NGC6946,Sc–Scd,12.26,4.020e-11,+5384,20451,15210,13779,35660,0.737,0.849,0.305,hayir,hayir
NGC6946,Sc–Scd,12.54,3.870e-11,+5615,20570,14974,13469,35544,0.727,0.842,0.292,hayir,hayir
NGC6946,Sc–Scd,12.91,3.685e-11,+5484,20734,14679,13068,35413,0.736,0.845,0.290,hayir,hayir
NGC6946,Sc–Scd,13.29,3.519e-11,+5449,20946,14433,12662,35378,0.740,0.846,0.285,hayir,hayir
NGC6946,Sc–Scd,13.66,3.375e-11,+4764,21162,14227,12290,35389,0.775,0.865,0.306,hayir,hayir
NGC6946,Sc–Scd,14.03,3.234e-11,+5075,21349,14002,11935,35351,0.762,0.856,0.287,hayir,hayir
NGC6946,Sc–Scd,14.31,3.135e-11,+6094,21492,13844,11679,35335,0.716,0.828,0.239,hayir,hayir
NGC6946,Sc–Scd,14.69,2.967e-11,+7071,21513,13447,11337,34960,0.671,0.798,0.188,hayir,hayir
NGC6946,Sc–Scd,15.06,2.799e-11,+7245,21464,13006,11018,34470,0.662,0.790,0.171,hayir,hayir
NGC6946,Sc–Scd,15.44,2.655e-11,+7559,21477,12651,10714,34128,0.648,0.779,0.147,hayir,hayir
NGC6946,Sc–Scd,15.72,2.567e-11,+7744,21538,12450,10497,33988,0.640,0.772,0.131,hayir,hayir
NGC6946,Sc–Scd,16.09,2.289e-11,+6206,20764,11363,10217,32127,0.701,0.807,0.196,hayir,hayir
NGC6946,Sc–Scd,16.47,2.182e-11,+6612,20804,11090,9944,31893,0.682,0.793,0.168,hayir,hayir
NGC6946,Sc–Scd,16.84,2.087e-11,+6720,20841,10843,9697,31684,0.678,0.788,0.154,hayir,hayir
NGC6946,Sc–Scd,17.21,1.997e-11,+6832,20877,10604,9458,31481,0.673,0.783,0.139,hayir,hayir
NGC6946,Sc–Scd,17.50,1.930e-11,+6675,20904,10419,9274,31324,0.681,0.787,0.140,hayir,hayir
NGC6946,Sc–Scd,17.87,1.849e-11,+6488,20939,10198,9052,31137,0.690,0.792,0.142,hayir,hayir
NGC6946,Sc–Scd,18.24,1.775e-11,+5363,20972,9991,8845,30963,0.744,0.827,0.197,hayir,hayir
NGC6946,Sc–Scd,18.62,1.703e-11,+5511,21005,9787,8641,30792,0.738,0.821,0.181,hayir,hayir
NGC6946,Sc–Scd,18.90,1.653e-11,+5068,21030,9638,8493,30668,0.759,0.835,0.202,hayir,hayir
NGC6946,Sc–Scd,19.27,1.592e-11,+5563,21061,9467,8321,30527,0.736,0.818,0.166,hayir,hayir
NGC6946,Sc–Scd,19.65,1.535e-11,+6377,21093,9310,8164,30402,0.698,0.790,0.109,hayir,hayir
NGC6946,Sc–Scd,20.02,1.472e-11,+5567,21121,9094,7948,30216,0.736,0.816,0.150,hayir,hayir
NGC6946,Sc–Scd,20.40,1.413e-11,+6326,21149,8893,7747,30042,0.701,0.789,0.092,hayir,hayir
UGC02885,Sc–Scd,3.41,4.827e-10,+1250,16505,50794,50794,67299,0.924,0.981,0.488,hayir,hayir
UGC02885,Sc–Scd,6.82,2.184e-10,+6300,25886,45950,45950,71836,0.757,0.912,0.431,hayir,hayir
UGC02885,Sc–Scd,13.67,9.657e-11,+3318,36025,40734,40734,76759,0.908,0.957,0.459,hayir,hayir
UGC02885,Sc–Scd,19.49,6.063e-11,-2715,40347,36463,36463,76809,1.067,1.035,0.537,hayir,hayir
UGC02885,Sc–Scd,23.36,4.945e-11,-3766,42961,35642,34813,78603,1.088,1.048,0.554,hayir,hayir
UGC02885,Sc–Scd,27.24,4.062e-11,-634,45309,34146,32530,79455,1.014,1.008,0.510,hayir,hayir
UGC02885,Sc–Scd,31.22,3.297e-11,+372,47014,31758,29729,78772,0.992,0.995,0.494,hayir,hayir
UGC02885,Sc–Scd,35.10,2.749e-11,-92,48537,29772,27242,78308,1.002,1.001,0.502,hayir,hayir
UGC02885,Sc–Scd,38.97,2.391e-11,+328,50539,28750,25185,79289,0.994,0.996,0.493,hayir,hayir
UGC02885,Sc–Scd,42.85,2.093e-11,+593,52438,27679,23167,80117,0.989,0.993,0.487,hayir,hayir
UGC02885,Sc–Scd,46.73,1.751e-11,-4209,52910,25249,21018,78160,1.080,1.054,0.600,hayir,hayir
UGC02885,Sc–Scd,50.71,1.594e-11,-5585,54737,24942,19871,79679,1.102,1.070,0.641,hayir,hayir
UGC02885,Sc–Scd,54.58,1.498e-11,-6491,57077,25237,18966,82313,1.114,1.079,0.671,hayir,hayir
UGC02885,Sc–Scd,58.46,1.371e-11,-5310,58754,24740,17796,83494,1.090,1.064,0.649,hayir,hayir
UGC02885,Sc–Scd,62.34,1.218e-11,-5888,59492,23424,16480,82916,1.099,1.071,0.679,hayir,hayir
UGC02885,Sc–Scd,66.21,1.093e-11,-6408,60068,22328,15467,82396,1.107,1.078,0.707,hayir,hayir
UGC02885,Sc–Scd,70.19,1.015e-11,-5284,61546,21974,14602,83520,1.086,1.063,0.681,hayir,hayir
UGC02885,Sc–Scd,74.07,9.242e-12,-5367,62313,21124,13683,83437,1.086,1.064,0.696,hayir,hayir
UGC06667,Sc–Scd,1.74,1.119e-12,-1347,636,60,60,697,3.116,2.933,11.710,hayir,hayir
UGC06667,Sc–Scd,2.61,2.204e-12,-1856,1215,177,103,1393,2.527,2.332,9.539,hayir,hayir
UGC06667,Sc–Scd,3.50,3.692e-12,-2396,2008,399,141,2406,2.194,1.996,9.010,hayir,hayir
UGC06667,Sc–Scd,4.37,3.755e-12,-2974,2495,506,171,3001,2.192,1.991,9.209,hayir,hayir
UGC06667,Sc–Scd,5.24,4.345e-12,-2636,3173,703,200,3876,1.831,1.680,7.078,hayir,hayir
UGC06667,Sc–Scd,6.11,4.137e-12,-2701,3576,780,228,4355,1.755,1.620,6.419,hayir,hayir
UGC06667,Sc–Scd,6.98,4.249e-12,-2210,4100,915,257,5015,1.539,1.441,4.796,hayir,hayir
UGC06667,Sc–Scd,7.85,3.659e-12,-2238,4220,886,288,5106,1.530,1.438,4.386,hayir,hayir
UGC06983,Sc–Scd,2.61,2.477e-11,-3396,2247,1995,1995,4243,2.511,1.801,1.351,hayir,hayir
UGC06983,Sc–Scd,3.50,1.728e-11,-3683,2933,1867,1867,4800,2.255,1.767,1.486,hayir,hayir
UGC06983,Sc–Scd,4.37,1.347e-11,-3443,3483,1817,1741,5299,1.989,1.650,1.489,hayir,hayir
UGC06983,Sc–Scd,5.24,1.198e-11,-3538,4169,1937,1661,6105,1.849,1.579,1.565,hayir,hayir
UGC06983,Sc–Scd,6.11,1.033e-11,-3372,4619,1948,1593,6568,1.730,1.513,1.559,hayir,hayir
UGC06983,Sc–Scd,6.98,9.922e-12,-2969,5298,2137,1570,7435,1.560,1.399,1.446,hayir,hayir
UGC06983,Sc–Scd,7.85,1.003e-11,-2875,6145,2428,1544,8574,1.468,1.335,1.431,hayir,hayir
UGC06983,Sc–Scd,8.72,8.866e-12,-2819,6459,2386,1475,8845,1.436,1.319,1.455,hayir,hayir
UGC06983,Sc–Scd,9.60,8.096e-12,-2798,6903,2398,1381,9302,1.405,1.301,1.513,hayir,hayir
UGC06983,Sc–Scd,10.47,8.049e-12,-2522,7646,2600,1312,10247,1.330,1.246,1.461,hayir,hayir
UGC06983,Sc–Scd,11.35,7.688e-12,-1194,8214,2692,1229,10906,1.145,1.109,0.986,hayir,hayir
UGC06983,Sc–Scd,12.19,7.144e-12,-383,8594,2687,1141,11281,1.045,1.034,0.668,hayir,hayir
UGC06983,Sc–Scd,13.12,6.655e-12,-155,9032,2694,1043,11726,1.017,1.013,0.574,hayir,hayir
UGC06983,Sc–Scd,13.94,6.086e-12,+240,9286,2618,941,11904,0.974,0.980,0.373,hayir,hayir
UGC06983,Sc–Scd,14.86,5.471e-12,+298,9453,2509,858,11962,0.969,0.975,0.326,hayir,hayir
UGC06983,Sc–Scd,15.68,4.974e-12,+75,9549,2407,800,11956,0.992,0.994,0.453,hayir,hayir
UGC07151,Sc–Scd,1.00,2.481e-11,+360,1359,766,766,2124,0.735,0.830,0.265,hayir,hayir
UGC07151,Sc–Scd,1.50,2.273e-11,-534,1942,1052,1052,2994,1.275,1.178,0.754,hayir,hayir
UGC07151,Sc–Scd,2.00,2.086e-11,-402,2394,1287,1228,3681,1.168,1.109,0.664,hayir,hayir
UGC07151,Sc–Scd,2.49,1.875e-11,-42,2874,1440,1199,4314,1.015,1.010,0.518,hayir,hayir
UGC07151,Sc–Scd,3.00,1.655e-11,+298,3282,1532,1159,4814,0.909,0.938,0.371,hayir,hayir
UGC07151,Sc–Scd,3.49,1.388e-11,+294,3519,1494,1099,5014,0.916,0.941,0.366,hayir,hayir
UGC07151,Sc–Scd,4.00,1.361e-11,+639,4043,1680,1051,5723,0.842,0.888,0.196,hayir,hayir
UGC07151,Sc–Scd,4.49,1.257e-11,+756,4270,1742,1099,6012,0.823,0.874,0.156,hayir,hayir
UGC07151,Sc–Scd,5.01,1.185e-11,+881,4525,1832,1152,6357,0.805,0.861,0.118,hayir,hayir
UGC07151,Sc–Scd,5.50,1.146e-11,+1017,4878,1945,1144,6823,0.792,0.851,0.056,hayir,hayir
UGC08286,Sc–Scd,0.95,1.013e-11,-668,919,297,297,1216,1.727,1.549,1.625,hayir,hayir
UGC08286,Sc–Scd,1.42,1.028e-11,-1835,1339,450,450,1789,2.371,2.026,2.538,hayir,hayir
UGC08286,Sc–Scd,1.90,1.152e-11,-2374,1795,675,600,2470,2.323,1.961,2.478,hayir,hayir
UGC08286,Sc–Scd,2.37,1.192e-11,-2225,2159,872,742,3031,2.031,1.734,2.000,hayir,hayir
UGC08286,Sc–Scd,2.84,1.033e-11,-2226,2389,905,772,3294,1.932,1.676,1.942,hayir,hayir
UGC08286,Sc–Scd,3.30,9.622e-12,-2144,2621,980,813,3601,1.818,1.595,1.819,hayir,hayir
UGC08286,Sc–Scd,3.78,9.059e-12,-1964,2940,1057,795,3996,1.668,1.491,1.735,hayir,hayir
UGC08286,Sc–Scd,4.25,8.700e-12,-1915,3233,1141,786,4374,1.592,1.438,1.718,hayir,hayir
UGC08286,Sc–Scd,4.73,8.558e-12,-1670,3691,1249,702,4940,1.452,1.338,1.689,hayir,hayir
UGC08286,Sc–Scd,5.20,7.241e-12,-1713,3784,1162,626,4946,1.453,1.346,1.869,hayir,hayir
UGC08286,Sc–Scd,5.67,6.371e-12,-1718,3908,1115,568,5023,1.440,1.342,2.013,hayir,hayir
UGC08286,Sc–Scd,6.15,5.313e-12,-1979,3885,1008,519,4893,1.509,1.404,2.405,hayir,hayir
UGC08286,Sc–Scd,6.62,4.807e-12,-1934,4006,982,477,4988,1.483,1.388,2.526,hayir,hayir
UGC08286,Sc–Scd,7.10,5.096e-12,-1371,4485,1117,437,5601,1.306,1.245,2.069,hayir,hayir
UGC08286,Sc–Scd,7.57,4.558e-12,-1415,4542,1065,403,5607,1.312,1.252,2.255,hayir,hayir
UGC08286,Sc–Scd,8.04,4.306e-12,-1332,4707,1068,376,5775,1.283,1.231,2.269,hayir,hayir
UGC09037,Sc–Scd,2.43,1.259e-10,+6454,884,9439,9320,10323,-6.302,0.375,0.154,evet,hayir
UGC09037,Sc–Scd,3.65,9.919e-11,+10125,6733,11171,10967,17904,-0.504,0.435,0.038,evet,hayir
UGC09037,Sc–Scd,4.86,7.760e-11,+9303,9114,11638,11358,20752,-0.021,0.552,0.090,evet,hayir
UGC09037,Sc–Scd,6.08,6.440e-11,+8788,11106,12081,11408,23188,0.209,0.621,0.115,hayir,hayir
UGC09037,Sc–Scd,7.29,6.003e-11,+10975,12847,13504,12425,26351,0.146,0.584,0.058,hayir,hayir
UGC09037,Sc–Scd,8.51,5.149e-11,+11433,14296,13521,12062,27817,0.200,0.589,0.026,hayir,hayir
UGC09037,Sc–Scd,9.73,4.442e-11,+11019,15371,13337,11711,28708,0.283,0.616,0.030,hayir,hayir
UGC09037,Sc–Scd,10.96,3.903e-11,+10267,16112,13199,11665,29311,0.363,0.650,0.060,hayir,hayir
UGC09037,Sc–Scd,12.19,3.598e-11,+10462,17378,13533,11384,30911,0.398,0.662,0.041,hayir,hayir
UGC09037,Sc–Scd,13.41,3.259e-11,+10841,18669,13487,10598,32157,0.419,0.663,-0.011,hayir,hayir
UGC09037,Sc–Scd,14.55,2.948e-11,+10826,19493,13237,10027,32730,0.445,0.669,-0.040,hayir,hayir
UGC09037,Sc–Scd,15.78,2.710e-11,+9986,20505,13197,9496,33702,0.513,0.704,-0.026,hayir,hayir
UGC09037,Sc–Scd,17.00,2.422e-11,+8872,21133,12703,8846,33836,0.580,0.738,-0.001,hayir,hayir
UGC09037,Sc–Scd,18.23,2.125e-11,+8065,21394,11952,8238,33346,0.623,0.758,0.010,hayir,hayir
UGC09037,Sc–Scd,19.46,1.881e-11,+7350,21656,11294,7687,32950,0.661,0.777,0.022,hayir,hayir
UGC09037,Sc–Scd,20.69,1.772e-11,+8992,22643,11313,7211,33956,0.603,0.735,-0.124,hayir,hayir
UGC09037,Sc–Scd,21.92,1.602e-11,+9684,22875,10835,6844,33709,0.577,0.713,-0.207,hayir,hayir
UGC09037,Sc–Scd,23.14,1.434e-11,+8800,22898,10238,6489,33136,0.616,0.734,-0.178,hayir,hayir
UGC09037,Sc–Scd,24.28,1.338e-11,+9711,23404,10023,6129,33427,0.585,0.709,-0.292,hayir,hayir
UGC09037,Sc–Scd,25.51,1.196e-11,+10236,23324,9412,5793,32736,0.561,0.687,-0.383,hayir,hayir
UGC09037,Sc–Scd,26.73,1.174e-11,+14253,24448,9686,5521,34134,0.417,0.582,-0.791,hayir,hayir
UGC09037,Sc–Scd,27.96,1.126e-11,+11791,25179,9716,5283,34895,0.532,0.662,-0.616,hayir,hayir
UGC11455,Sc–Scd,1.23,1.672e-10,+7983,5811,6345,6344,12156,-0.374,0.343,-0.129,evet,hayir
UGC11455,Sc–Scd,1.83,1.729e-10,+12076,8728,9764,9759,18492,-0.384,0.347,-0.119,evet,hayir
UGC11455,Sc–Scd,2.47,1.662e-10,+11209,11314,12665,12653,23978,0.009,0.533,0.057,hayir,hayir
UGC11455,Sc–Scd,3.08,1.543e-10,+9646,13477,14665,14660,28142,0.284,0.657,0.171,hayir,hayir
UGC11455,Sc–Scd,3.68,1.441e-10,+9318,15456,16362,16362,31818,0.397,0.707,0.215,hayir,hayir
UGC11455,Sc–Scd,4.32,1.357e-10,+6315,17466,18090,18090,35556,0.638,0.822,0.325,hayir,hayir
UGC11455,Sc–Scd,4.91,1.302e-10,+2141,19282,19723,19723,39005,0.889,0.945,0.446,hayir,hayir
UGC11455,Sc–Scd,5.53,1.331e-10,+5099,21205,22704,22704,43908,0.760,0.884,0.388,hayir,hayir
UGC11455,Sc–Scd,6.17,1.392e-10,+11693,23212,26505,26505,49718,0.496,0.765,0.279,hayir,hayir
UGC11455,Sc–Scd,6.78,1.532e-10,+18774,25142,32048,32048,57190,0.253,0.672,0.207,hayir,hayir
UGC11455,Sc–Scd,7.38,1.667e-10,+18254,26945,37965,37958,64910,0.323,0.719,0.260,hayir,hayir
UGC11455,Sc–Scd,8.00,1.680e-10,+19409,28574,41460,41460,70034,0.321,0.723,0.266,hayir,hayir
UGC11455,Sc–Scd,8.62,1.590e-10,+14690,29990,42300,42300,72290,0.510,0.797,0.326,hayir,hayir
UGC11455,Sc–Scd,9.23,1.537e-10,+14066,31313,43761,43699,75075,0.551,0.813,0.339,hayir,hayir
UGC11455,Sc–Scd,9.85,1.510e-10,+14037,32663,45890,45632,78553,0.570,0.821,0.346,hayir,hayir
UGC11455,Sc–Scd,10.43,1.486e-10,+15639,33863,47825,47373,81688,0.538,0.809,0.335,hayir,hayir
UGC11455,Sc–Scd,11.05,1.448e-10,+9869,35022,49376,48825,84398,0.718,0.883,0.399,hayir,hayir
UGC11455,Sc–Scd,11.67,1.403e-10,+12626,36075,50535,49950,86610,0.650,0.854,0.374,hayir,hayir
UGC11455,Sc–Scd,12.19,1.371e-10,+15571,36885,51586,51021,88471,0.578,0.824,0.347,hayir,hayir
UGC11455,Sc–Scd,12.91,1.324e-10,+12804,37911,52734,52229,90645,0.662,0.859,0.377,hayir,hayir
UGC11455,Sc–Scd,14.56,1.200e-10,+11485,39962,53892,53340,93854,0.713,0.878,0.392,hayir,hayir
UGC11455,Sc–Scd,16.63,9.863e-11,+7781,41852,50610,50010,92462,0.814,0.916,0.422,hayir,hayir
UGC11455,Sc–Scd,17.77,8.879e-11,+9548,42657,48687,48087,91344,0.776,0.895,0.401,hayir,hayir
UGC11455,Sc–Scd,18.49,8.390e-11,+8102,43175,47871,47189,91046,0.812,0.911,0.414,hayir,hayir
UGC11455,Sc–Scd,20.24,7.552e-11,+8477,44832,47166,45463,91998,0.811,0.908,0.407,hayir,hayir
UGC11455,Sc–Scd,22.62,6.656e-11,+10472,46959,46458,43333,93416,0.777,0.888,0.379,hayir,hayir
UGC11455,Sc–Scd,24.89,5.712e-11,+19200,47692,43869,40990,91561,0.597,0.790,0.266,hayir,hayir
UGC11455,Sc–Scd,27.06,4.789e-11,+16864,48164,39989,37270,88153,0.650,0.809,0.274,hayir,hayir
UGC11455,Sc–Scd,29.13,4.048e-11,+10554,48157,36381,34168,84538,0.781,0.875,0.346,hayir,hayir
UGC11455,Sc–Scd,31.30,3.461e-11,+6697,48342,33431,31358,81773,0.861,0.918,0.393,hayir,hayir
UGC11455,Sc–Scd,33.46,3.037e-11,+13322,49046,31357,28764,80403,0.728,0.834,0.268,hayir,hayir
UGC11455,Sc–Scd,35.53,2.625e-11,+3873,49080,28777,26337,77857,0.921,0.950,0.426,hayir,hayir
UGC11455,Sc–Scd,37.70,2.261e-11,+137,48909,26304,24185,75213,0.997,0.998,0.497,hayir,hayir
UGC11455,Sc–Scd,39.87,2.026e-11,+311,49376,24919,22500,74295,0.994,0.996,0.493,hayir,hayir
UGC11455,Sc–Scd,41.93,1.818e-11,+2267,49505,23519,21109,73023,0.954,0.969,0.446,hayir,hayir
UGC12506,Sc–Scd,2.46,4.867e-11,-15352,6235,3695,3181,9929,3.462,2.546,2.913,hayir,hayir
UGC12506,Sc–Scd,4.10,5.366e-11,-20884,9963,6789,5786,16752,3.096,2.247,2.305,hayir,hayir
UGC12506,Sc–Scd,5.74,5.031e-11,-17380,12913,8911,7705,21824,2.346,1.796,1.628,hayir,hayir
UGC12506,Sc–Scd,7.38,4.601e-11,-18735,15310,10477,9467,25786,2.224,1.727,1.489,hayir,hayir
UGC12506,Sc–Scd,9.02,4.559e-11,-19277,17318,12689,12118,30007,2.113,1.642,1.295,hayir,hayir
UGC12506,Sc–Scd,10.65,4.390e-11,-19461,19014,14425,14210,33439,2.024,1.582,1.185,hayir,hayir
UGC12506,Sc–Scd,12.29,4.110e-11,-20919,20614,15588,15363,36202,2.015,1.578,1.181,hayir,hayir
UGC12506,Sc–Scd,13.93,3.766e-11,-17678,22304,16186,15472,38491,1.793,1.459,1.071,hayir,hayir
UGC12506,Sc–Scd,15.57,3.561e-11,-16328,24163,17108,15518,41272,1.676,1.396,1.026,hayir,hayir
UGC12506,Sc–Scd,17.21,3.375e-11,-16106,25998,17922,15370,43919,1.619,1.367,1.024,hayir,hayir
UGC12506,Sc–Scd,18.85,3.112e-11,-16388,27510,18103,14844,45613,1.596,1.359,1.052,hayir,hayir
UGC12506,Sc–Scd,20.49,2.805e-11,-15164,28606,17735,14132,46340,1.530,1.327,1.036,hayir,hayir
UGC12506,Sc–Scd,22.13,2.521e-11,-15936,29353,17212,13560,46564,1.543,1.342,1.088,hayir,hayir
UGC12506,Sc–Scd,23.77,2.244e-11,-18775,29789,16461,12991,46250,1.630,1.406,1.223,hayir,hayir
UGC12506,Sc–Scd,25.41,1.997e-11,-13743,30134,15659,12376,45793,1.456,1.300,1.055,hayir,hayir
UGC12506,Sc–Scd,27.05,1.817e-11,-13638,30732,15167,11803,45898,1.444,1.297,1.078,hayir,hayir
UGC12506,Sc–Scd,28.68,1.701e-11,-15173,31776,15052,11216,46828,1.477,1.324,1.176,hayir,hayir
UGC12506,Sc–Scd,30.32,1.606e-11,-15089,32889,15023,10668,47912,1.459,1.315,1.207,hayir,hayir
UGC12506,Sc–Scd,31.96,1.499e-11,-13650,33564,14787,10270,48351,1.407,1.282,1.165,hayir,hayir
UGC12506,Sc–Scd,33.60,1.362e-11,-11801,33618,14116,9894,47735,1.351,1.247,1.096,hayir,hayir
UGC12506,Sc–Scd,35.24,1.232e-11,-10180,33544,13397,9522,46941,1.303,1.217,1.035,hayir,hayir
UGC12506,Sc–Scd,36.88,1.142e-11,-9838,33816,12990,9191,46806,1.291,1.210,1.035,hayir,hayir
UGC12506,Sc–Scd,38.52,1.089e-11,-10633,34509,12939,8924,47448,1.308,1.224,1.096,hayir,hayir
UGC12506,Sc–Scd,40.16,1.041e-11,-8078,35195,12896,8674,48091,1.230,1.168,0.966,hayir,hayir
UGC12506,Sc–Scd,41.80,9.818e-12,-3787,35534,12663,8454,48197,1.107,1.079,0.724,hayir,hayir
UGC12506,Sc–Scd,43.44,9.317e-12,-6132,35667,12489,8410,48157,1.172,1.127,0.865,hayir,hayir
UGC12506,Sc–Scd,45.08,9.102e-12,-5535,36093,12661,8505,48754,1.153,1.114,0.825,hayir,hayir
UGC12506,Sc–Scd,46.71,8.622e-12,-3081,37392,12427,7662,49819,1.082,1.062,0.701,hayir,hayir
UGC12506,Sc–Scd,48.35,8.683e-12,+1325,39447,12954,7146,52401,0.966,0.975,0.407,hayir,hayir
UGC12506,Sc–Scd,49.99,8.815e-12,+4436,41463,13598,6777,55061,0.893,0.919,0.173,hayir,hayir
ESO116-G012,Sd,0.83,2.386e-11,+611,1599,611,611,2211,0.618,0.724,0.000,hayir,hayir
ESO116-G012,Sd,1.38,3.095e-11,+1117,2451,1318,1318,3769,0.544,0.704,0.076,hayir,hayir
ESO116-G012,Sd,1.85,3.382e-11,+357,3037,1930,1905,4968,0.882,0.928,0.406,hayir,hayir
ESO116-G012,Sd,2.68,2.402e-11,-621,3824,1987,1830,5811,1.162,1.107,0.670,hayir,hayir
ESO116-G012,Sd,3.19,2.310e-11,-390,4276,2273,1995,6549,1.091,1.059,0.598,hayir,hayir
ESO116-G012,Sd,3.68,2.227e-11,-1118,4707,2529,2122,7236,1.238,1.155,0.764,hayir,hayir
ESO116-G012,Sd,4.13,2.116e-11,-2666,5041,2697,2199,7738,1.529,1.345,1.106,hayir,hayir
ESO116-G012,Sd,5.23,1.697e-11,-2601,5686,2738,2081,8424,1.457,1.309,1.125,hayir,hayir
ESO116-G012,Sd,6.05,1.366e-11,-3304,6027,2550,1805,8577,1.548,1.385,1.415,hayir,hayir
ESO116-G012,Sd,6.81,1.128e-11,-2988,6306,2370,1553,8676,1.474,1.344,1.462,hayir,hayir
ESO116-G012,Sd,7.56,1.020e-11,-2832,6669,2380,1437,9049,1.425,1.313,1.485,hayir,hayir
ESO116-G012,Sd,8.32,9.559e-12,-2481,7165,2454,1310,9619,1.346,1.258,1.447,hayir,hayir
ESO116-G012,Sd,9.09,8.785e-12,-2321,7537,2464,1204,10000,1.308,1.232,1.463,hayir,hayir
ESO116-G012,Sd,9.86,7.271e-12,-2830,7502,2212,1074,9714,1.377,1.291,1.818,hayir,hayir
F568-3,Sd,1.18,6.220e-12,+805,1059,226,224,1285,0.239,0.373,-1.297,hayir,hayir
F568-3,Sd,1.80,6.963e-12,+1034,1691,387,384,2077,0.388,0.502,-0.846,hayir,hayir
F568-3,Sd,2.03,7.107e-12,+903,1894,445,443,2339,0.523,0.614,-0.520,hayir,hayir
F568-3,Sd,2.78,7.748e-12,+354,2509,665,662,3173,0.859,0.889,0.233,hayir,hayir
F568-3,Sd,3.00,7.861e-12,-492,2674,728,725,3402,1.184,1.145,0.839,hayir,hayir
F568-3,Sd,3.64,8.081e-12,-589,3127,908,899,4035,1.189,1.146,0.828,hayir,hayir
F568-3,Sd,4.19,8.197e-12,-1532,3493,1060,1032,4552,1.439,1.336,1.242,hayir,hayir
F568-3,Sd,4.60,7.925e-12,-1907,3741,1125,1078,4866,1.510,1.392,1.385,hayir,hayir
F568-3,Sd,5.14,7.522e-12,-2092,4059,1193,1113,5252,1.515,1.398,1.439,hayir,hayir
F568-3,Sd,5.39,7.496e-12,-1851,4213,1247,1148,5460,1.439,1.339,1.306,hayir,hayir
F568-3,Sd,6.31,7.621e-12,-1705,4822,1484,1274,6305,1.354,1.270,1.169,hayir,hayir
F568-3,Sd,9.10,7.225e-12,-233,6802,2029,1316,8830,1.034,1.026,0.588,hayir,hayir
F568-3,Sd,10.17,7.159e-12,+232,7492,2247,1353,9738,0.969,0.976,0.414,hayir,hayir
F568-3,Sd,11.99,6.672e-12,+787,8520,2468,1331,10988,0.908,0.928,0.204,hayir,hayir
F568-3,Sd,14.02,5.969e-12,+603,9470,2582,1257,12052,0.936,0.950,0.260,hayir,hayir
F568-3,Sd,15.94,5.511e-12,-640,10339,2711,1214,13049,1.062,1.049,0.763,hayir,hayir
F568-3,Sd,17.98,4.903e-12,-775,10905,2720,1199,13625,1.071,1.057,0.823,hayir,hayir
F568-V1,Sd,1.18,1.154e-11,-373,1351,420,420,1771,1.276,1.210,0.944,hayir,hayir
F568-V1,Sd,1.95,1.005e-11,-2190,1980,605,605,2585,2.106,1.847,2.310,hayir,hayir
F568-V1,Sd,2.74,8.131e-12,-4122,2450,687,687,3137,2.682,2.314,3.498,hayir,hayir
F568-V1,Sd,3.53,7.927e-12,-4924,2899,863,849,3762,2.699,2.309,3.401,hayir,hayir
F568-V1,Sd,4.30,7.825e-12,-5635,3327,1038,984,4365,2.694,2.291,3.362,hayir,hayir
F568-V1,Sd,5.09,7.174e-12,-6833,3704,1127,1028,4831,2.845,2.414,3.822,hayir,hayir
F568-V1,Sd,5.87,6.390e-12,-7343,4043,1157,1010,5201,2.816,2.412,4.136,hayir,hayir
F568-V1,Sd,6.40,6.098e-12,-7290,4274,1204,1018,5479,2.706,2.331,4.081,hayir,hayir
F568-V1,Sd,7.44,5.828e-12,-6657,4774,1338,1047,6112,2.394,2.089,3.679,hayir,hayir
F568-V1,Sd,8.21,5.737e-12,-5907,5184,1453,1058,6637,2.140,1.890,3.290,hayir,hayir
F568-V1,Sd,9.00,5.472e-12,-5154,5647,1520,991,7167,1.913,1.719,3.100,hayir,hayir
F568-V1,Sd,9.72,5.453e-12,-4552,6134,1636,954,7769,1.742,1.586,2.885,hayir,hayir
F568-V1,Sd,11.79,5.505e-12,-3111,7655,2003,831,9658,1.406,1.322,2.372,hayir,hayir
F568-V1,Sd,17.63,3.395e-12,-2856,9221,1847,548,11068,1.310,1.258,3.104,hayir,hayir
F571-V1,Sd,1.95,5.739e-12,-108,571,345,284,916,1.189,1.118,0.690,hayir,hayir
F571-V1,Sd,3.88,7.188e-12,-23,2434,861,633,3294,1.010,1.007,0.518,hayir,hayir
F571-V1,Sd,5.83,5.480e-12,-438,3603,986,551,4588,1.122,1.096,0.898,hayir,hayir
F571-V1,Sd,7.78,4.958e-12,-97,4641,1190,531,5832,1.021,1.017,0.592,hayir,hayir
F571-V1,Sd,9.72,4.605e-12,+196,5621,1381,511,7003,0.965,0.972,0.308,hayir,hayir
F571-V1,Sd,11.66,3.814e-12,+536,6270,1372,423,7642,0.915,0.930,-0.134,hayir,hayir
F571-V1,Sd,13.59,2.820e-12,+474,6330,1183,353,7513,0.925,0.937,-0.171,hayir,hayir
F574-1,Sd,1.41,1.244e-11,+538,1678,541,541,2219,0.679,0.757,0.002,hayir,hayir
F574-1,Sd,2.35,1.171e-11,-332,2503,849,846,3353,1.133,1.099,0.696,hayir,hayir
F574-1,Sd,3.29,8.981e-12,-1641,3057,912,900,3969,1.537,1.414,1.412,hayir,hayir
F574-1,Sd,4.22,7.786e-12,-2336,3539,1014,984,4553,1.660,1.513,1.687,hayir,hayir
F574-1,Sd,5.17,7.214e-12,-2365,4018,1151,1090,5169,1.589,1.458,1.585,hayir,hayir
F574-1,Sd,6.11,6.907e-12,-2211,4479,1302,1193,5781,1.494,1.382,1.427,hayir,hayir
F574-1,Sd,7.05,6.390e-12,-2236,4931,1390,1217,6321,1.453,1.354,1.418,hayir,hayir
F574-1,Sd,7.99,6.148e-12,-2059,5393,1516,1258,6909,1.382,1.298,1.319,hayir,hayir
F574-1,Sd,8.92,5.701e-12,-1836,5868,1569,1209,7437,1.313,1.247,1.260,hayir,hayir
F574-1,Sd,9.87,5.653e-12,-1454,6389,1722,1238,8111,1.228,1.179,1.087,hayir,hayir
F574-1,Sd,10.79,5.681e-12,-928,6942,1892,1267,8833,1.134,1.105,0.866,hayir,hayir
F574-1,Sd,11.80,5.653e-12,-317,7525,2058,1284,9583,1.042,1.033,0.624,hayir,hayir
F574-1,Sd,12.60,5.557e-12,+218,7997,2161,1260,10158,0.973,0.979,0.414,hayir,hayir
NGC0247,Sd,1.61,9.194e-12,-468,1284,457,439,1741,1.364,1.269,1.033,hayir,hayir
NGC0247,Sd,2.15,9.452e-12,-972,1894,627,597,2521,1.513,1.386,1.315,hayir,hayir
NGC0247,Sd,2.70,9.335e-12,-965,2405,778,728,3182,1.401,1.303,1.162,hayir,hayir
NGC0247,Sd,3.22,9.431e-12,-760,2846,937,861,3783,1.267,1.201,0.942,hayir,hayir
NGC0247,Sd,3.77,9.438e-12,-487,3287,1098,983,4385,1.148,1.111,0.748,hayir,hayir
NGC0247,Sd,4.31,9.427e-12,-123,3707,1254,1088,4961,1.033,1.025,0.556,hayir,hayir
NGC0247,Sd,4.85,9.241e-12,+95,4070,1383,1186,5453,0.977,0.983,0.460,hayir,hayir
NGC0247,Sd,5.38,8.862e-12,+193,4362,1471,1268,5833,0.956,0.967,0.424,hayir,hayir
NGC0247,Sd,5.92,8.606e-12,+91,4681,1572,1335,6253,0.981,0.985,0.466,hayir,hayir
NGC0247,Sd,6.46,8.471e-12,+103,5040,1689,1383,6729,0.980,0.985,0.463,hayir,hayir
NGC0247,Sd,6.99,8.445e-12,+285,5436,1822,1417,7257,0.948,0.961,0.399,hayir,hayir
NGC0247,Sd,7.53,8.543e-12,+294,5895,1985,1440,7880,0.950,0.963,0.398,hayir,hayir
NGC0247,Sd,8.07,8.513e-12,+193,6300,2120,1463,8420,0.969,0.977,0.434,hayir,hayir
NGC0247,Sd,8.62,8.449e-12,+249,6669,2247,1499,8916,0.963,0.972,0.417,hayir,hayir
NGC0247,Sd,9.14,8.466e-12,+244,7053,2388,1528,9441,0.965,0.974,0.420,hayir,hayir
NGC0247,Sd,9.69,8.462e-12,+327,7480,2530,1538,10010,0.956,0.967,0.394,hayir,hayir
NGC0247,Sd,10.23,8.397e-12,+334,7884,2651,1532,10535,0.958,0.968,0.391,hayir,hayir
NGC0247,Sd,10.76,8.280e-12,+406,8266,2749,1511,11015,0.951,0.963,0.366,hayir,hayir
NGC0247,Sd,11.30,8.060e-12,+590,8596,2810,1482,11406,0.931,0.948,0.301,hayir,hayir
NGC0247,Sd,11.84,7.713e-12,+628,8835,2818,1448,11653,0.929,0.946,0.283,hayir,hayir
NGC0247,Sd,12.38,7.290e-12,+753,8993,2785,1415,11778,0.916,0.936,0.234,hayir,hayir
NGC0247,Sd,12.91,6.778e-12,+719,9044,2700,1380,11744,0.920,0.939,0.239,hayir,hayir
NGC0247,Sd,13.48,6.207e-12,+389,9044,2582,1336,11625,0.957,0.967,0.354,hayir,hayir
NGC0247,Sd,14.01,5.675e-12,-221,8990,2453,1295,11443,1.025,1.019,0.585,hayir,hayir
NGC0247,Sd,14.54,5.182e-12,-215,8909,2325,1259,11234,1.024,1.019,0.585,hayir,hayir
NGC0300,Sd,1.36,1.675e-11,-263,1215,703,703,1918,1.216,1.137,0.687,hayir,hayir
NGC0300,Sd,1.82,1.574e-11,-262,1760,884,884,2644,1.149,1.099,0.648,hayir,hayir
NGC0300,Sd,2.27,1.533e-11,-202,2182,1074,1065,3255,1.093,1.062,0.595,hayir,hayir
NGC0300,Sd,2.72,1.459e-11,-503,2575,1225,1170,3800,1.195,1.132,0.715,hayir,hayir
NGC0300,Sd,3.17,1.338e-11,-838,2865,1309,1239,4174,1.293,1.201,0.838,hayir,hayir
NGC0300,Sd,3.63,1.201e-11,-2304,3091,1345,1274,4436,1.746,1.520,1.404,hayir,hayir
NGC0300,Sd,4.08,1.086e-11,-2410,3295,1367,1283,4663,1.731,1.517,1.439,hayir,hayir
NGC0300,Sd,4.54,1.009e-11,-1987,3555,1414,1270,4969,1.559,1.400,1.282,hayir,hayir
NGC0300,Sd,4.99,9.161e-12,-1499,3733,1410,1242,5143,1.402,1.291,1.103,hayir,hayir
NGC0300,Sd,5.45,8.248e-12,-1262,3880,1387,1203,5267,1.325,1.240,1.024,hayir,hayir
NGC0300,Sd,5.90,7.669e-12,-1373,4087,1396,1158,5483,1.336,1.250,1.093,hayir,hayir
NGC0300,Sd,6.36,7.716e-12,-1752,4513,1514,1108,6027,1.388,1.291,1.291,hayir,hayir
NGC0300,Sd,6.81,7.817e-12,-1234,4955,1643,1057,6598,1.249,1.187,1.084,hayir,hayir
NGC0300,Sd,7.26,7.758e-12,-742,5335,1738,1006,7073,1.139,1.105,0.869,hayir,hayir
NGC0300,Sd,7.71,7.369e-12,-460,5566,1753,956,7319,1.083,1.063,0.741,hayir,hayir
NGC0300,Sd,8.17,6.672e-12,-697,5631,1682,907,7313,1.124,1.095,0.884,hayir,hayir
NGC0300,Sd,8.62,5.968e-12,-830,5629,1587,861,7216,1.147,1.115,0.982,hayir,hayir
NGC0300,Sd,9.07,5.425e-12,-1599,5663,1518,818,7181,1.282,1.223,1.477,hayir,hayir
NGC0300,Sd,9.53,4.986e-12,-2217,5726,1466,777,7192,1.387,1.308,1.927,hayir,hayir
NGC0300,Sd,9.96,4.474e-12,-2207,5673,1375,741,7048,1.389,1.313,1.989,hayir,hayir
NGC0300,Sd,10.45,3.982e-12,-2082,5621,1284,703,6905,1.370,1.302,1.981,hayir,hayir
NGC0300,Sd,10.93,3.559e-12,-1797,5559,1200,671,6760,1.323,1.266,1.840,hayir,hayir
NGC0300,Sd,11.32,3.241e-12,-1990,5490,1132,647,6622,1.362,1.300,2.038,hayir,hayir
NGC0300,Sd,11.80,2.999e-12,-2138,5512,1092,619,6604,1.388,1.324,2.227,hayir,hayir
NGC4010,Sd,1.74,3.933e-11,+2386,3256,2112,1979,5368,0.267,0.555,-0.103,hayir,hayir
NGC4010,Sd,2.61,4.511e-11,+4293,4950,3633,3454,8583,0.133,0.500,-0.121,hayir,hayir
NGC4010,Sd,3.50,4.300e-11,+3812,6208,4644,4396,10851,0.386,0.649,0.066,hayir,hayir
NGC4010,Sd,4.37,3.817e-11,+3438,7184,5147,4758,12330,0.521,0.721,0.139,hayir,hayir
NGC4010,Sd,5.24,3.286e-11,+2464,7966,5313,4816,13280,0.691,0.814,0.244,hayir,hayir
NGC4010,Sd,6.11,2.931e-11,+999,8698,5527,4858,14224,0.885,0.930,0.397,hayir,hayir
NGC4010,Sd,6.98,2.686e-11,-935,9409,5785,4907,15194,1.099,1.062,0.595,hayir,hayir
NGC4010,Sd,7.85,2.489e-11,-537,10074,6030,4928,16104,1.053,1.033,0.555,hayir,hayir
NGC4010,Sd,8.72,2.232e-11,+560,10684,6005,4671,16689,0.948,0.966,0.440,hayir,hayir
NGC4010,Sd,9.60,1.899e-11,+1157,10908,5625,4361,16533,0.894,0.930,0.367,hayir,hayir
NGC4010,Sd,10.47,1.612e-11,+1324,11001,5208,4070,16208,0.880,0.918,0.337,hayir,hayir
NGC5585,Sd,0.26,4.535e-11,+419,757,364,363,1121,0.447,0.627,-0.077,hayir,hayir
NGC5585,Sd,0.43,4.726e-11,+625,1134,627,624,1761,0.449,0.645,-0.000,hayir,hayir
NGC5585,Sd,0.60,4.355e-11,+1158,1421,806,801,2227,0.185,0.480,-0.223,hayir,hayir
NGC5585,Sd,0.77,3.973e-11,+1464,1656,944,936,2600,0.116,0.437,-0.282,hayir,hayir
NGC5585,Sd,0.94,3.667e-11,+1659,1870,1064,1051,2933,0.113,0.434,-0.289,hayir,hayir
NGC5585,Sd,1.11,3.422e-11,+1805,2062,1172,1154,3234,0.125,0.442,-0.282,hayir,hayir
NGC5585,Sd,1.28,3.092e-11,+1705,2232,1221,1198,3453,0.236,0.506,-0.212,hayir,hayir
NGC5585,Sd,1.46,2.854e-11,+1758,2399,1286,1259,3685,0.267,0.523,-0.198,hayir,hayir
NGC5585,Sd,1.63,2.673e-11,+1875,2547,1345,1316,3891,0.264,0.518,-0.213,hayir,hayir
NGC5585,Sd,2.05,2.351e-11,+1535,2878,1487,1455,4365,0.467,0.648,-0.027,hayir,hayir
NGC5585,Sd,2.74,2.001e-11,+942,3384,1692,1602,5076,0.722,0.815,0.206,hayir,hayir
NGC5585,Sd,3.42,1.659e-11,+180,3773,1751,1615,5524,0.952,0.967,0.444,hayir,hayir
NGC5585,Sd,4.11,1.516e-11,+285,4168,1923,1691,6092,0.932,0.953,0.416,hayir,hayir
NGC5585,Sd,4.79,1.359e-11,+464,4602,2009,1619,6611,0.899,0.930,0.357,hayir,hayir
NGC5585,Sd,5.48,1.172e-11,+53,4977,1982,1452,6959,0.989,0.992,0.482,hayir,hayir
NGC5585,Sd,6.16,1.034e-11,-437,5342,1965,1288,7307,1.082,1.060,0.670,hayir,hayir
NGC5585,Sd,6.85,8.862e-12,-609,5600,1873,1119,7473,1.109,1.081,0.772,hayir,hayir
NGC5585,Sd,7.53,7.792e-12,-512,5886,1811,963,7696,1.087,1.067,0.766,hayir,hayir
NGC5585,Sd,8.21,7.185e-12,-343,6227,1820,857,8047,1.055,1.043,0.700,hayir,hayir
NGC5585,Sd,8.90,6.574e-12,-217,6497,1805,775,8302,1.033,1.026,0.640,hayir,hayir
NGC5585,Sd,9.57,5.957e-12,+171,6674,1759,711,8434,0.974,0.980,0.380,hayir,hayir
NGC5585,Sd,10.31,5.425e-12,+580,6882,1726,652,8608,0.916,0.933,0.055,hayir,hayir
NGC5585,Sd,10.96,4.918e-12,+649,6978,1663,608,8641,0.907,0.925,-0.033,hayir,hayir
NGC7793,Sd,0.14,1.036e-10,+528,390,448,447,838,-0.354,0.370,-0.090,evet,hayir
NGC7793,Sd,0.17,9.965e-11,+713,563,523,522,1086,-0.267,0.343,-0.183,evet,hayir
NGC7793,Sd,0.21,9.797e-11,+772,752,635,634,1387,-0.026,0.444,-0.108,evet,hayir
NGC7793,Sd,0.24,9.746e-11,+698,876,722,721,1598,0.203,0.563,0.016,hayir,hayir
NGC7793,Sd,0.28,9.582e-11,+629,1026,828,827,1854,0.387,0.661,0.120,hayir,hayir
NGC7793,Sd,0.32,9.461e-11,+633,1166,934,933,2100,0.457,0.698,0.161,hayir,hayir
NGC7793,Sd,0.35,9.405e-11,+458,1266,1016,1014,2281,0.638,0.799,0.274,hayir,hayir
NGC7793,Sd,0.39,9.323e-11,+305,1392,1122,1120,2514,0.781,0.879,0.364,hayir,hayir
NGC7793,Sd,0.42,9.240e-11,+199,1482,1197,1195,2679,0.865,0.926,0.417,hayir,hayir
NGC7793,Sd,0.46,9.182e-11,+178,1599,1303,1300,2902,0.889,0.939,0.432,hayir,hayir
NGC7793,Sd,0.49,9.172e-11,+220,1685,1387,1383,3072,0.869,0.928,0.420,hayir,hayir
NGC7793,Sd,0.53,9.206e-11,+322,1797,1505,1502,3303,0.821,0.903,0.393,hayir,hayir
NGC7793,Sd,0.56,9.175e-11,+383,1878,1585,1581,3463,0.796,0.889,0.379,hayir,hayir
NGC7793,Sd,0.60,8.978e-11,+515,1978,1662,1657,3640,0.740,0.858,0.345,hayir,hayir
NGC7793,Sd,0.63,8.840e-11,+370,2051,1718,1713,3769,0.820,0.902,0.392,hayir,hayir
NGC7793,Sd,0.66,8.748e-11,+388,2123,1782,1775,3904,0.817,0.901,0.391,hayir,hayir
NGC7793,Sd,0.70,8.667e-11,+550,2218,1872,1865,4090,0.752,0.866,0.353,hayir,hayir
NGC7793,Sd,0.87,8.173e-11,+1297,2596,2194,2184,4790,0.500,0.729,0.203,hayir,hayir
NGC7793,Sd,1.05,7.535e-11,+1471,2949,2441,2426,5390,0.501,0.727,0.197,hayir,hayir
NGC7793,Sd,1.22,7.031e-11,+1600,3256,2647,2617,5903,0.509,0.729,0.194,hayir,hayir
NGC7793,Sd,1.40,6.704e-11,+1469,3572,2896,2846,6468,0.589,0.773,0.242,hayir,hayir
NGC7793,Sd,1.57,6.583e-11,+1593,3865,3189,3116,7054,0.588,0.774,0.244,hayir,hayir
NGC7793,Sd,1.75,6.523e-11,+1529,4169,3522,3420,7691,0.633,0.801,0.277,hayir,hayir
NGC7793,Sd,1.92,6.694e-11,+1629,4453,3966,3833,8419,0.634,0.807,0.288,hayir,hayir
NGC7793,Sd,2.10,6.848e-11,+1591,4739,4438,4267,9177,0.664,0.827,0.314,hayir,hayir
NGC7793,Sd,2.27,6.885e-11,+1784,4990,4823,4604,9812,0.642,0.818,0.306,hayir,hayir
NGC7793,Sd,2.45,6.508e-11,+1128,5214,4920,4651,10134,0.784,0.889,0.379,hayir,hayir
NGC7793,Sd,2.62,6.104e-11,+720,5409,4935,4606,10344,0.867,0.930,0.422,hayir,hayir
NGC7793,Sd,2.79,5.856e-11,+793,5612,5042,4630,10654,0.859,0.926,0.414,hayir,hayir
NGC7793,Sd,2.97,5.640e-11,+1264,5817,5169,4670,10986,0.783,0.885,0.365,hayir,hayir
NGC7793,Sd,3.16,5.386e-11,+1076,6025,5252,4651,11277,0.821,0.905,0.384,hayir,hayir
NGC7793,Sd,3.33,5.108e-11,+836,6197,5249,4561,11445,0.865,0.927,0.408,hayir,hayir
NGC7793,Sd,3.51,4.833e-11,+158,6372,5235,4454,11607,0.975,0.986,0.482,hayir,hayir
NGC7793,Sd,3.68,4.609e-11,-1222,6541,5233,4352,11774,1.187,1.104,0.640,hayir,hayir
NGC7793,Sd,3.85,4.331e-11,-766,6633,5145,4258,11778,1.116,1.065,0.590,hayir,hayir
NGC7793,Sd,4.03,4.064e-11,-1213,6729,5054,4154,11783,1.180,1.103,0.646,hayir,hayir
NGC7793,Sd,4.20,3.812e-11,-1707,6808,4940,4034,11749,1.251,1.145,0.712,hayir,hayir
NGC7793,Sd,4.38,3.572e-11,-1261,6908,4827,3888,11735,1.183,1.107,0.662,hayir,hayir
NGC7793,Sd,4.73,3.200e-11,-1222,7104,4670,3657,11774,1.172,1.104,0.667,hayir,hayir
NGC7793,Sd,5.25,2.782e-11,+2,7376,4507,3395,11883,1.000,1.000,0.500,hayir,hayir
NGC7793,Sd,5.78,2.359e-11,+378,7619,4208,3008,11827,0.950,0.968,0.437,hayir,hayir
NGC7793,Sd,6.30,2.036e-11,+703,7770,3958,2751,11728,0.910,0.940,0.372,hayir,hayir
NGC7793,Sd,6.82,1.779e-11,+1389,7847,3743,2588,11590,0.823,0.880,0.232,hayir,hayir
NGC7793,Sd,7.35,1.524e-11,+2388,7862,3456,2387,11318,0.696,0.789,-0.000,hayir,hayir
NGC7793,Sd,7.87,1.317e-11,+2770,7816,3198,2239,11015,0.646,0.749,-0.119,hayir,hayir
UGC04278,Sd,0.42,4.965e-12,+286,458,64,64,523,0.377,0.454,-1.720,hayir,hayir
UGC04278,Sd,0.69,7.934e-12,+344,771,169,155,940,0.553,0.633,-0.613,hayir,hayir
UGC04278,Sd,0.97,1.014e-11,+338,1065,303,276,1368,0.683,0.753,-0.112,hayir,hayir
UGC04278,Sd,1.25,1.083e-11,+518,1298,418,391,1715,0.601,0.698,-0.163,hayir,hayir
UGC04278,Sd,1.52,9.787e-12,+455,1433,459,459,1892,0.682,0.759,0.004,hayir,hayir
UGC04278,Sd,1.80,8.457e-12,+398,1568,470,470,2038,0.746,0.805,0.076,hayir,hayir
UGC04278,Sd,2.07,7.436e-12,+309,1683,475,475,2158,0.816,0.857,0.174,hayir,hayir
UGC04278,Sd,2.35,6.656e-12,+241,1792,483,483,2275,0.866,0.894,0.250,hayir,hayir
UGC04278,Sd,2.63,6.032e-12,+307,1896,490,490,2386,0.838,0.872,0.187,hayir,hayir
UGC04278,Sd,2.91,5.688e-12,+87,1997,511,511,2507,0.957,0.965,0.415,hayir,hayir
UGC04278,Sd,3.19,5.418e-12,+95,2092,533,533,2625,0.954,0.964,0.411,hayir,hayir
UGC04278,Sd,3.46,5.206e-12,-150,2178,556,556,2734,1.069,1.055,0.635,hayir,hayir
UGC04278,Sd,3.74,4.947e-12,-534,2259,571,571,2830,1.236,1.189,0.968,hayir,hayir
UGC04278,Sd,4.01,4.652e-12,-1242,2329,576,576,2905,1.533,1.428,1.579,hayir,hayir
UGC04278,Sd,4.29,4.397e-12,-1577,2397,582,582,2980,1.658,1.529,1.854,hayir,hayir
UGC04278,Sd,4.57,4.223e-12,-2026,2462,595,595,3058,1.823,1.663,2.201,hayir,hayir
UGC04278,Sd,4.85,4.104e-12,-2574,2528,614,612,3142,2.018,1.819,2.602,hayir,hayir
UGC04278,Sd,5.13,4.502e-12,-2878,2810,713,622,3522,2.024,1.817,2.813,hayir,hayir
UGC04278,Sd,5.40,5.481e-12,-2602,3340,913,620,4254,1.779,1.612,2.599,hayir,hayir
UGC04278,Sd,5.68,6.828e-12,-2003,3991,1197,622,5188,1.502,1.386,2.111,hayir,hayir
UGC04278,Sd,5.86,7.586e-12,-1711,4365,1372,626,5737,1.392,1.298,1.867,hayir,hayir
UGC04278,Sd,6.36,1.002e-11,-616,5554,1966,609,7520,1.111,1.082,1.006,hayir,hayir
UGC04278,Sd,6.51,1.055e-11,-353,5863,2119,597,7982,1.060,1.044,0.796,hayir,hayir
UGC04278,Sd,6.69,1.004e-11,-656,5884,2072,579,7956,1.111,1.082,1.066,hayir,hayir
UGC05721,Sd,0.27,6.392e-11,-186,764,533,519,1297,1.243,1.143,0.679,hayir,hayir
UGC05721,Sd,0.45,6.098e-11,-305,1095,847,811,1942,1.278,1.157,0.688,hayir,hayir
UGC05721,Sd,0.63,5.203e-11,-734,1334,1012,945,2346,1.550,1.313,0.888,hayir,hayir
UGC05721,Sd,0.81,4.292e-11,-595,1514,1073,971,2586,1.393,1.230,0.806,hayir,hayir
UGC05721,Sd,0.99,3.577e-11,-823,1660,1093,955,2753,1.496,1.299,0.931,hayir,hayir
UGC05721,Sd,1.17,3.185e-11,-1655,1792,1150,974,2942,1.924,1.563,1.350,hayir,hayir
UGC05721,Sd,1.35,2.769e-11,-2758,1925,1153,917,3078,2.433,1.896,2.004,hayir,hayir
UGC05721,Sd,1.53,2.499e-11,-3324,2090,1180,840,3270,2.590,2.017,2.479,hayir,hayir
UGC05721,Sd,1.71,2.289e-11,-3281,2268,1208,753,3476,2.447,1.944,2.677,hayir,hayir
UGC05721,Sd,1.89,2.007e-11,-3289,2364,1171,683,3534,2.391,1.931,2.909,hayir,hayir
UGC05721,Sd,2.07,1.617e-11,-3406,2334,1033,618,3367,2.459,2.011,3.254,hayir,hayir
UGC05721,Sd,2.25,1.285e-11,-3586,2262,892,570,3154,2.585,2.137,3.648,hayir,hayir
UGC05721,Sd,2.67,9.888e-12,-3434,2378,815,475,3192,2.444,2.076,4.117,hayir,hayir
UGC05721,Sd,3.15,8.295e-12,-2884,2598,806,392,3405,2.110,1.847,4.181,hayir,hayir
UGC05721,Sd,3.61,6.797e-12,-2694,2711,757,335,3468,1.994,1.777,4.522,hayir,hayir
UGC05721,Sd,4.04,5.821e-12,-2574,2816,726,295,3542,1.914,1.727,4.855,hayir,hayir
UGC05721,Sd,4.49,5.304e-12,-2372,2993,735,264,3728,1.793,1.636,5.000,hayir,hayir
UGC05721,Sd,4.93,5.147e-12,-2092,3240,783,238,4023,1.646,1.520,4.890,hayir,hayir
UGC05721,Sd,5.38,4.952e-12,-1839,3470,822,217,4292,1.530,1.429,4.731,hayir,hayir
UGC05721,Sd,5.86,4.495e-12,-1763,3602,813,199,4415,1.489,1.399,4.934,hayir,hayir
UGC05721,Sd,6.28,4.076e-12,-1759,3676,790,185,4466,1.479,1.394,5.253,hayir,hayir
UGC05721,Sd,6.74,3.735e-12,-1766,3777,777,172,4554,1.468,1.388,5.633,hayir,hayir
UGC06446,Sd,1.16,1.225e-11,-1551,1013,439,431,1452,2.531,2.069,2.300,hayir,hayir
UGC06446,Sd,1.74,9.546e-12,-1802,1419,513,474,1931,2.270,1.933,2.400,hayir,hayir
UGC06446,Sd,2.33,7.809e-12,-1820,1702,561,506,2263,2.069,1.804,2.299,hayir,hayir
UGC06446,Sd,2.91,7.846e-12,-1633,2179,705,501,2883,1.749,1.566,2.128,hayir,hayir
UGC06446,Sd,3.49,7.394e-12,-1635,2525,796,511,3321,1.648,1.492,2.100,hayir,hayir
UGC06446,Sd,4.07,5.982e-12,-2089,2592,751,517,3343,1.806,1.625,2.521,hayir,hayir
UGC06446,Sd,4.65,5.887e-12,-2250,2990,845,490,3834,1.752,1.587,2.795,hayir,hayir
UGC06446,Sd,5.23,6.116e-12,-2030,3512,987,447,4499,1.578,1.451,2.769,hayir,hayir
UGC06446,Sd,5.81,6.064e-12,-1443,3950,1087,404,5037,1.365,1.286,2.284,hayir,hayir
UGC06446,Sd,6.40,6.166e-12,-973,4419,1218,380,5637,1.220,1.173,1.782,hayir,hayir
UGC06446,Sd,6.98,6.213e-12,-528,4875,1338,352,6213,1.108,1.085,1.250,hayir,hayir
UGC06446,Sd,7.62,6.305e-12,+24,5397,1482,323,6879,0.996,0.997,0.464,hayir,hayir
UGC06446,Sd,8.28,5.817e-12,-70,5651,1486,297,7138,1.012,1.010,0.619,hayir,hayir
UGC06446,Sd,8.90,4.736e-12,-326,5480,1301,275,6781,1.059,1.048,1.093,hayir,hayir
UGC06446,Sd,9.52,4.423e-12,+53,5676,1299,257,6975,0.991,0.992,0.397,hayir,hayir
UGC06446,Sd,10.22,4.211e-12,+882,5970,1328,234,7298,0.852,0.879,-1.386,hayir,hayir
UGC06930,Sd,3.50,1.689e-11,-2125,3343,1824,1797,5168,1.636,1.411,1.091,hayir,hayir
UGC06930,Sd,5.24,1.412e-11,-1552,4963,2283,1963,7246,1.313,1.214,0.895,hayir,hayir
UGC06930,Sd,6.98,1.297e-11,-529,6420,2793,2118,9213,1.082,1.057,0.625,hayir,hayir
UGC06930,Sd,8.72,1.165e-11,+59,7533,3135,2244,10668,0.992,0.995,0.487,hayir,hayir
UGC06930,Sd,10.47,1.066e-11,+635,8640,3444,2255,12084,0.927,0.947,0.359,hayir,hayir
UGC06930,Sd,12.19,9.751e-12,+1670,9883,3668,2044,13551,0.831,0.877,0.091,hayir,hayir
UGC06930,Sd,13.94,8.353e-12,+2604,10675,3593,1781,14268,0.756,0.817,-0.231,hayir,hayir
UGC06930,Sd,15.68,6.464e-12,+2270,10806,3128,1460,13934,0.790,0.837,-0.277,hayir,hayir
UGC06930,Sd,16.61,5.726e-12,+2126,10856,2935,1336,13790,0.804,0.846,-0.296,hayir,hayir
UGC07603,Sd,0.34,2.031e-11,-41,130,213,195,343,1.314,1.119,0.605,hayir,hayir
UGC07603,Sd,0.68,2.050e-11,+161,787,430,392,1217,0.795,0.868,0.294,hayir,hayir
UGC07603,Sd,1.02,1.695e-11,-150,1072,534,498,1605,1.140,1.094,0.651,hayir,hayir
UGC07603,Sd,1.37,1.393e-11,-671,1301,589,511,1890,1.516,1.355,1.156,hayir,hayir
UGC07603,Sd,1.71,1.375e-11,-873,1651,726,494,2376,1.529,1.367,1.383,hayir,hayir
UGC07603,Sd,2.05,1.200e-11,-1011,1891,759,440,2650,1.534,1.381,1.649,hayir,hayir
UGC07603,Sd,2.39,9.407e-12,-1000,1967,694,389,2660,1.508,1.376,1.785,hayir,hayir
UGC07603,Sd,2.74,7.054e-12,-1044,1960,596,342,2556,1.532,1.408,2.027,hayir,hayir
UGC07603,Sd,3.08,5.723e-12,-1238,2000,544,302,2544,1.619,1.487,2.549,hayir,hayir
UGC07603,Sd,3.42,5.063e-12,-1136,2112,534,269,2647,1.538,1.429,2.612,hayir,hayir
UGC07603,Sd,3.76,4.563e-12,-1216,2224,529,242,2753,1.547,1.442,3.014,hayir,hayir
UGC07603,Sd,4.11,4.048e-12,-1277,2306,513,217,2819,1.554,1.453,3.440,hayir,hayir
UGC08550,Sd,0.49,1.038e-11,-343,125,157,145,282,3.755,2.220,1.683,hayir,hayir
UGC08550,Sd,0.97,1.247e-11,-631,802,373,356,1175,1.787,1.537,1.385,hayir,hayir
UGC08550,Sd,1.47,1.151e-11,-543,1239,522,418,1761,1.439,1.309,1.150,hayir,hayir
UGC08550,Sd,1.95,9.107e-12,-388,1485,548,389,2033,1.261,1.191,0.998,hayir,hayir
UGC08550,Sd,2.44,6.287e-12,-455,1611,473,303,2085,1.283,1.218,1.251,hayir,hayir
UGC08550,Sd,2.92,4.341e-12,-638,1633,391,244,2025,1.391,1.315,1.808,hayir,hayir
UGC08550,Sd,3.41,3.644e-12,-666,1781,383,204,2164,1.374,1.308,2.129,hayir,hayir
UGC08550,Sd,3.89,3.317e-12,-668,1970,398,175,2368,1.339,1.282,2.413,hayir,hayir
UGC08550,Sd,4.39,3.600e-12,-503,2350,488,152,2838,1.214,1.177,2.157,hayir,hayir
UGC08550,Sd,4.88,3.892e-12,+41,2739,586,134,3325,0.985,0.988,0.346,hayir,hayir
UGC08550,Sd,5.36,3.670e-12,+231,2930,607,121,3537,0.921,0.935,-0.452,hayir,hayir
F583-1,Sdm–Sm,0.44,2.458e-12,+209,276,33,33,309,0.241,0.323,-2.637,hayir,hayir
F583-1,Sdm–Sm,0.77,3.633e-12,+508,536,86,86,622,0.053,0.184,-2.442,hayir,hayir
F583-1,Sdm–Sm,0.89,3.854e-12,+417,614,106,106,720,0.321,0.421,-1.471,hayir,hayir
F583-1,Sdm–Sm,1.22,3.971e-12,+395,798,149,149,947,0.505,0.583,-0.821,hayir,hayir
F583-1,Sdm–Sm,1.55,3.528e-12,+144,937,169,169,1105,0.846,0.869,0.072,hayir,hayir
F583-1,Sdm–Sm,1.80,2.998e-12,+145,1022,167,167,1189,0.858,0.878,0.064,hayir,hayir
F583-1,Sdm–Sm,2.21,2.664e-12,-327,1164,182,182,1346,1.281,1.243,1.400,hayir,hayir
F583-1,Sdm–Sm,2.31,2.637e-12,-531,1199,188,188,1387,1.443,1.383,1.913,hayir,hayir
F583-1,Sdm–Sm,2.54,2.593e-12,-526,1278,203,203,1481,1.411,1.355,1.793,hayir,hayir
F583-1,Sdm–Sm,3.10,2.567e-12,-962,1465,246,246,1711,1.656,1.562,2.459,hayir,hayir
F583-1,Sdm–Sm,3.43,2.656e-12,-1251,1570,281,281,1852,1.797,1.676,2.725,hayir,hayir
F583-1,Sdm–Sm,3.86,2.611e-12,-1527,1691,311,311,2002,1.903,1.763,2.955,hayir,hayir
F583-1,Sdm–Sm,4.09,2.558e-12,-1769,1752,323,321,2075,2.010,1.853,3.255,hayir,hayir
F583-1,Sdm–Sm,4.37,2.602e-12,-1747,1872,351,331,2222,1.933,1.786,3.136,hayir,hayir
F583-1,Sdm–Sm,4.76,2.663e-12,-1993,2052,391,340,2443,1.971,1.816,3.427,hayir,hayir
F583-1,Sdm–Sm,5.40,2.815e-12,-2206,2409,469,342,2878,1.916,1.766,3.721,hayir,hayir
F583-1,Sdm–Sm,5.86,2.923e-12,-2007,2692,529,336,3220,1.746,1.623,3.487,hayir,hayir
F583-1,Sdm–Sm,6.08,2.954e-12,-2012,2822,554,331,3376,1.713,1.596,3.539,hayir,hayir
F583-1,Sdm–Sm,6.43,3.034e-12,-1591,3049,602,322,3651,1.522,1.436,2.968,hayir,hayir
F583-1,Sdm–Sm,6.97,3.222e-12,-1798,3453,693,306,4146,1.521,1.434,3.438,hayir,hayir
F583-1,Sdm–Sm,7.96,3.512e-12,-1411,4175,863,282,5038,1.338,1.280,2.999,hayir,hayir
F583-1,Sdm–Sm,10.29,3.925e-12,-151,5777,1246,244,7023,1.026,1.021,0.809,hayir,hayir
F583-1,Sdm–Sm,15.49,3.569e-12,+2572,8418,1706,158,10123,0.694,0.746,-7.635,hayir,hayir
F583-1,Sdm–Sm,16.26,3.409e-12,+2998,8650,1710,146,10360,0.653,0.711,-9.766,hayir,hayir
IC2574,Sdm–Sm,1.14,2.043e-12,+315,409,72,72,481,0.231,0.346,-1.688,hayir,hayir
IC2574,Sdm–Sm,1.42,2.203e-12,+423,595,97,96,692,0.290,0.389,-1.711,hayir,hayir
IC2574,Sdm–Sm,1.71,2.434e-12,+564,782,128,117,910,0.278,0.380,-1.919,hayir,hayir
IC2574,Sdm–Sm,1.99,2.718e-12,+729,954,167,140,1121,0.236,0.350,-2.096,hayir,hayir
IC2574,Sdm–Sm,2.28,2.726e-12,+608,1098,192,158,1289,0.446,0.528,-1.426,hayir,hayir
IC2574,Sdm–Sm,2.55,2.822e-12,+693,1238,222,175,1460,0.440,0.525,-1.481,hayir,hayir
IC2574,Sdm–Sm,2.84,2.794e-12,+732,1369,245,187,1614,0.465,0.546,-1.453,hayir,hayir
IC2574,Sdm–Sm,3.13,2.746e-12,+670,1494,265,198,1759,0.551,0.619,-1.193,hayir,hayir
IC2574,Sdm–Sm,3.41,2.670e-12,+678,1608,281,204,1889,0.578,0.641,-1.164,hayir,hayir
IC2574,Sdm–Sm,3.70,2.432e-12,+738,1686,278,203,1963,0.562,0.624,-1.318,hayir,hayir
IC2574,Sdm–Sm,3.98,2.211e-12,+485,1734,272,208,2006,0.720,0.758,-0.666,hayir,hayir
IC2574,Sdm–Sm,4.26,2.206e-12,+819,1818,290,226,2108,0.549,0.611,-1.310,hayir,hayir
IC2574,Sdm–Sm,4.55,2.552e-12,+784,2026,358,258,2384,0.613,0.671,-1.019,hayir,hayir
IC2574,Sdm–Sm,4.84,2.899e-12,+1145,2210,433,303,2643,0.482,0.567,-1.393,hayir,hayir
IC2574,Sdm–Sm,5.12,3.048e-12,+1115,2380,482,321,2862,0.532,0.611,-1.236,hayir,hayir
IC2574,Sdm–Sm,5.41,3.017e-12,+1156,2493,504,331,2997,0.536,0.614,-1.245,hayir,hayir
IC2574,Sdm–Sm,5.68,3.107e-12,+1201,2627,545,351,3172,0.543,0.621,-1.212,hayir,hayir
IC2574,Sdm–Sm,5.97,3.142e-12,+1201,2747,579,369,3326,0.563,0.639,-1.129,hayir,hayir
IC2574,Sdm–Sm,6.26,3.264e-12,+1176,2946,630,375,3577,0.601,0.671,-1.067,hayir,hayir
IC2574,Sdm–Sm,6.54,3.379e-12,+1149,3160,682,373,3842,0.637,0.701,-1.040,hayir,hayir
IC2574,Sdm–Sm,6.83,3.301e-12,+1177,3301,696,358,3997,0.643,0.705,-1.145,hayir,hayir
IC2574,Sdm–Sm,7.10,3.271e-12,+1253,3452,717,345,4169,0.637,0.700,-1.318,hayir,hayir
IC2574,Sdm–Sm,7.39,3.216e-12,+1183,3574,733,339,4308,0.669,0.725,-1.244,hayir,hayir
IC2574,Sdm–Sm,7.68,3.274e-12,+1084,3766,776,334,4542,0.712,0.761,-1.121,hayir,hayir
IC2574,Sdm–Sm,7.96,3.289e-12,+1444,3919,808,332,4727,0.632,0.695,-1.674,hayir,hayir
IC2574,Sdm–Sm,8.25,3.271e-12,+1980,4063,833,327,4896,0.513,0.596,-2.528,hayir,hayir
IC2574,Sdm–Sm,8.52,3.139e-12,+860,4106,825,324,4931,0.790,0.826,-0.826,hayir,hayir
IC2574,Sdm–Sm,8.81,3.066e-12,+1366,4192,834,323,5026,0.674,0.728,-1.615,hayir,hayir
IC2574,Sdm–Sm,9.10,3.023e-12,+1424,4296,849,322,5145,0.669,0.723,-1.710,hayir,hayir
IC2574,Sdm–Sm,9.38,3.053e-12,+970,4442,884,325,5326,0.782,0.818,-0.991,hayir,hayir
IC2574,Sdm–Sm,9.67,3.186e-12,+1374,4674,951,331,5625,0.706,0.756,-1.574,hayir,hayir
IC2574,Sdm–Sm,9.96,3.170e-12,+1331,4860,974,309,5834,0.726,0.772,-1.658,hayir,hayir
IC2574,Sdm–Sm,10.23,3.249e-12,+1580,5110,1025,287,6136,0.691,0.743,-2.249,hayir,hayir
NGC0055,Sdm–Sm,1.23,1.487e-11,+529,788,564,378,1353,0.329,0.609,-0.200,hayir,hayir
NGC0055,Sdm–Sm,1.84,1.550e-11,+1305,1839,880,532,2719,0.290,0.520,-0.726,hayir,hayir
NGC0055,Sdm–Sm,2.46,1.501e-11,+1827,2545,1139,662,3685,0.282,0.504,-0.880,hayir,hayir
NGC0055,Sdm–Sm,3.07,1.452e-11,+2043,3177,1376,749,4553,0.357,0.551,-0.864,hayir,hayir
NGC0055,Sdm–Sm,3.68,1.420e-11,+2051,3813,1613,787,5426,0.462,0.622,-0.802,hayir,hayir
NGC0055,Sdm–Sm,4.30,1.388e-11,+2116,4448,1841,799,6289,0.524,0.664,-0.824,hayir,hayir
NGC0055,Sdm–Sm,4.91,1.317e-11,+2284,4980,1996,800,6976,0.541,0.673,-0.928,hayir,hayir
NGC0055,Sdm–Sm,5.52,1.243e-11,+2354,5464,2118,795,7581,0.569,0.690,-0.981,hayir,hayir
NGC0055,Sdm–Sm,6.14,1.168e-11,+2616,5910,2212,788,8122,0.557,0.678,-1.159,hayir,hayir
NGC0055,Sdm–Sm,6.75,1.098e-11,+2367,6306,2286,790,8593,0.625,0.724,-0.998,hayir,hayir
NGC0055,Sdm–Sm,7.37,1.037e-11,+2238,6669,2359,814,9027,0.664,0.752,-0.874,hayir,hayir
NGC0055,Sdm–Sm,7.98,9.827e-12,+2310,6997,2420,842,9416,0.670,0.755,-0.871,hayir,hayir
NGC0055,Sdm–Sm,8.59,9.414e-12,+2549,7347,2495,864,9843,0.653,0.741,-0.975,hayir,hayir
NGC0055,Sdm–Sm,9.21,8.863e-12,+2856,7614,2519,883,10132,0.625,0.718,-1.117,hayir,hayir
NGC0055,Sdm–Sm,9.82,8.237e-12,+2752,7790,2496,901,10286,0.647,0.732,-1.028,hayir,hayir
NGC0055,Sdm–Sm,10.43,7.618e-12,+3071,7912,2452,919,10364,0.612,0.704,-1.171,hayir,hayir
NGC0055,Sdm–Sm,11.05,6.923e-12,+2997,7930,2360,938,10290,0.622,0.709,-1.097,hayir,hayir
NGC0055,Sdm–Sm,11.66,6.333e-12,+2769,7921,2278,966,10199,0.650,0.729,-0.933,hayir,hayir
NGC0055,Sdm–Sm,12.28,5.947e-12,+2835,7995,2253,999,10248,0.645,0.723,-0.918,hayir,hayir
NGC0055,Sdm–Sm,12.89,5.668e-12,+2681,8065,2254,1052,10320,0.668,0.740,-0.774,hayir,hayir
NGC0055,Sdm–Sm,13.50,5.477e-12,+2850,8051,2282,1152,10333,0.646,0.724,-0.737,hayir,hayir
NGC3109,Sdm–Sm,0.52,9.773e-13,+96,205,16,11,221,0.534,0.567,-3.778,hayir,hayir
NGC3109,Sdm–Sm,0.77,1.895e-12,+183,360,45,24,405,0.492,0.548,-3.231,hayir,hayir
NGC3109,Sdm–Sm,1.03,2.507e-12,+240,525,80,37,605,0.543,0.603,-2.757,hayir,hayir
NGC3109,Sdm–Sm,1.29,3.117e-12,+222,688,124,56,812,0.678,0.727,-1.463,hayir,hayir
NGC3109,Sdm–Sm,1.55,3.552e-12,+144,862,170,69,1032,0.833,0.861,-0.546,hayir,hayir
NGC3109,Sdm–Sm,1.81,3.876e-12,+75,1035,216,79,1252,0.927,0.940,0.024,hayir,hayir
NGC3109,Sdm–Sm,2.06,4.036e-12,-18,1185,257,90,1442,1.015,1.012,0.599,hayir,hayir
NGC3109,Sdm–Sm,2.32,3.954e-12,-207,1317,283,94,1600,1.157,1.129,1.602,hayir,hayir
NGC3109,Sdm–Sm,2.58,3.803e-12,-50,1437,303,94,1739,1.035,1.029,0.764,hayir,hayir
NGC3109,Sdm–Sm,2.84,3.658e-12,-365,1552,321,94,1872,1.235,1.195,2.432,hayir,hayir
NGC3109,Sdm–Sm,3.10,3.542e-12,-443,1649,339,103,1988,1.269,1.223,2.659,hayir,hayir
NGC3109,Sdm–Sm,3.35,3.500e-12,-452,1747,362,114,2109,1.259,1.214,2.487,hayir,hayir
NGC3109,Sdm–Sm,3.61,3.438e-12,-569,1857,383,118,2240,1.306,1.254,2.918,hayir,hayir
NGC3109,Sdm–Sm,3.87,3.157e-12,-692,1923,377,109,2300,1.360,1.301,3.672,hayir,hayir
NGC3109,Sdm–Sm,4.13,2.902e-12,-694,1983,370,100,2353,1.350,1.295,3.960,hayir,hayir
NGC3109,Sdm–Sm,4.38,2.820e-12,-845,2080,381,96,2461,1.406,1.343,4.892,hayir,hayir
NGC3109,Sdm–Sm,4.64,2.752e-12,-929,2170,394,97,2564,1.428,1.362,5.268,hayir,hayir
NGC3109,Sdm–Sm,4.90,2.712e-12,-1066,2270,410,98,2680,1.469,1.398,5.929,hayir,hayir
NGC3109,Sdm–Sm,5.16,2.672e-12,-1136,2370,425,98,2795,1.480,1.407,6.290,hayir,hayir
NGC3109,Sdm–Sm,5.42,2.680e-12,-1206,2493,448,97,2941,1.484,1.410,6.689,hayir,hayir
NGC3109,Sdm–Sm,5.67,2.688e-12,-1356,2609,470,98,3079,1.520,1.440,7.430,hayir,hayir
NGC3109,Sdm–Sm,5.93,2.579e-12,-1256,2668,472,97,3139,1.471,1.400,6.974,hayir,hayir
NGC3109,Sdm–Sm,6.19,2.429e-12,-1193,2725,464,86,3189,1.438,1.374,7.401,hayir,hayir
NGC3109,Sdm–Sm,6.45,2.293e-12,-1302,2771,456,80,3227,1.470,1.403,8.675,hayir,hayir
UGC00128,Sdm–Sm,3.75,1.060e-11,-1357,3563,1226,1208,4789,1.381,1.283,1.062,hayir,hayir
UGC00128,Sdm–Sm,6.25,6.888e-12,-3216,4845,1328,1276,6174,1.664,1.521,1.760,hayir,hayir
UGC00128,Sdm–Sm,8.76,5.396e-12,-4294,5912,1458,1325,7370,1.726,1.583,2.121,hayir,hayir
UGC00128,Sdm–Sm,11.25,4.658e-12,-4369,6783,1617,1438,8400,1.644,1.520,2.019,hayir,hayir
UGC00128,Sdm–Sm,13.74,4.520e-12,-3384,7696,1916,1639,9612,1.440,1.352,1.532,hayir,hayir
UGC00128,Sdm–Sm,16.22,4.403e-12,-3553,8885,2203,1668,11088,1.400,1.320,1.565,hayir,hayir
UGC00128,Sdm–Sm,18.71,4.235e-12,-3110,10321,2445,1525,12766,1.301,1.244,1.520,hayir,hayir
UGC00128,Sdm–Sm,21.30,4.024e-12,-2076,11663,2645,1383,14308,1.178,1.145,1.250,hayir,hayir
UGC00128,Sdm–Sm,23.79,3.865e-12,-918,12886,2837,1276,15723,1.071,1.058,0.860,hayir,hayir
UGC00128,Sdm–Sm,26.28,3.581e-12,+143,13879,2904,1140,16784,0.990,0.992,0.438,hayir,hayir
UGC00128,Sdm–Sm,28.77,3.456e-12,+922,15014,3068,1052,18083,0.939,0.949,0.062,hayir,hayir
UGC00128,Sdm–Sm,31.25,3.110e-12,+1373,15536,2998,964,18534,0.912,0.926,-0.212,hayir,hayir
UGC00128,Sdm–Sm,33.74,2.627e-12,+1027,15453,2735,886,18188,0.934,0.944,-0.079,hayir,hayir
UGC00128,Sdm–Sm,36.23,2.332e-12,+2157,15680,2607,817,18286,0.862,0.882,-0.820,hayir,hayir
UGC00128,Sdm–Sm,38.82,2.130e-12,+2789,16113,2552,754,18665,0.827,0.851,-1.350,hayir,hayir
UGC00128,Sdm–Sm,41.31,1.914e-12,+1830,16291,2439,701,18730,0.888,0.902,-0.806,hayir,hayir
UGC00128,Sdm–Sm,43.80,1.681e-12,+1058,16211,2271,654,18482,0.935,0.943,-0.308,hayir,hayir
UGC00128,Sdm–Sm,46.28,1.484e-12,+284,16121,2119,613,18240,0.982,0.984,0.268,hayir,hayir
UGC00128,Sdm–Sm,48.77,1.299e-12,+1221,15908,1954,577,17862,0.923,0.932,-0.558,hayir,hayir
UGC00128,Sdm–Sm,51.26,1.152e-12,+156,15758,1822,546,17580,0.990,0.991,0.357,hayir,hayir
UGC00128,Sdm–Sm,53.75,1.037e-12,+1802,15707,1721,515,17427,0.885,0.897,-1.249,hayir,hayir
UGC00191,Sdm–Sm,0.87,1.529e-11,+8,781,411,402,1191,0.990,0.993,0.490,hayir,hayir
UGC00191,Sdm–Sm,1.12,1.523e-11,-488,1130,526,509,1656,1.432,1.295,0.979,hayir,hayir
UGC00191,Sdm–Sm,1.37,1.457e-11,-468,1396,616,588,2012,1.335,1.232,0.898,hayir,hayir
UGC00191,Sdm–Sm,1.62,1.354e-11,-1015,1626,677,633,2302,1.625,1.441,1.302,hayir,hayir
UGC00191,Sdm–Sm,2.30,1.253e-11,-1995,2199,889,786,3088,1.907,1.646,1.769,hayir,hayir
UGC00191,Sdm–Sm,4.97,9.376e-12,-151,4287,1438,863,5724,1.035,1.026,0.587,hayir,hayir
UGC00191,Sdm–Sm,7.45,7.743e-12,+1096,5877,1780,686,7657,0.813,0.857,-0.299,hayir,hayir
UGC00191,Sdm–Sm,9.98,5.349e-12,+1226,6609,1647,510,8256,0.815,0.852,-0.701,hayir,hayir
UGC01281,Sdm–Sm,0.23,8.879e-13,+128,142,6,6,148,0.096,0.134,-9.681,hayir,hayir
UGC01281,Sdm–Sm,0.38,1.202e-12,+195,240,14,14,254,0.189,0.234,-6.402,hayir,hayir
UGC01281,Sdm–Sm,0.54,2.028e-12,+254,341,34,34,375,0.256,0.323,-3.261,hayir,hayir
UGC01281,Sdm–Sm,0.69,2.453e-12,+283,432,52,52,484,0.346,0.416,-2.206,hayir,hayir
UGC01281,Sdm–Sm,0.84,2.810e-12,+296,519,73,73,592,0.430,0.500,-1.532,hayir,hayir
UGC01281,Sdm–Sm,1.00,3.135e-12,+294,606,97,97,703,0.514,0.581,-1.022,hayir,hayir
UGC01281,Sdm–Sm,1.15,3.346e-12,+262,681,119,119,800,0.616,0.673,-0.602,hayir,hayir
UGC01281,Sdm–Sm,1.30,3.493e-12,+193,750,140,140,890,0.742,0.783,-0.190,hayir,hayir
UGC01281,Sdm–Sm,1.46,3.661e-12,+136,830,165,159,995,0.836,0.863,0.073,hayir,hayir
UGC01281,Sdm–Sm,1.61,4.146e-12,+150,943,206,176,1149,0.840,0.869,0.073,hayir,hayir
UGC01281,Sdm–Sm,1.76,4.452e-12,+103,1059,242,184,1301,0.902,0.920,0.218,hayir,hayir
UGC01281,Sdm–Sm,1.92,4.833e-12,+81,1194,286,191,1480,0.932,0.945,0.287,hayir,hayir
UGC01281,Sdm–Sm,2.07,5.011e-12,+36,1308,320,193,1628,0.973,0.978,0.408,hayir,hayir
UGC01281,Sdm–Sm,2.22,5.230e-12,+6,1429,358,196,1787,0.996,0.996,0.484,hayir,hayir
UGC01281,Sdm–Sm,2.38,5.322e-12,-37,1543,391,198,1934,1.024,1.019,0.594,hayir,hayir
UGC01281,Sdm–Sm,2.53,5.327e-12,-130,1635,416,200,2051,1.079,1.063,0.823,hayir,hayir
UGC01281,Sdm–Sm,2.68,5.305e-12,-184,1730,439,199,2168,1.106,1.085,0.961,hayir,hayir
UGC01281,Sdm–Sm,2.76,5.246e-12,-212,1772,447,198,2218,1.120,1.096,1.034,hayir,hayir
UGC01281,Sdm–Sm,3.07,5.023e-12,-399,1934,476,192,2410,1.207,1.166,1.539,hayir,hayir
UGC01281,Sdm–Sm,3.46,4.878e-12,-254,2152,521,186,2673,1.118,1.095,1.184,hayir,hayir
UGC01281,Sdm–Sm,3.83,4.415e-12,-237,2266,522,180,2788,1.105,1.085,1.160,hayir,hayir
UGC01281,Sdm–Sm,4.23,3.857e-12,-260,2339,503,172,2843,1.111,1.091,1.255,hayir,hayir
UGC01281,Sdm–Sm,4.62,3.868e-12,-70,2560,551,168,3111,1.027,1.022,0.708,hayir,hayir
UGC01281,Sdm–Sm,4.99,3.798e-12,+83,2736,585,166,3320,0.970,0.975,0.251,hayir,hayir
UGC02259,Sdm–Sm,1.02,1.012e-11,-2616,213,318,302,531,13.282,5.922,4.829,hayir,hayir
UGC02259,Sdm–Sm,2.04,1.134e-11,-2672,1670,714,650,2383,2.600,2.121,2.555,hayir,hayir
UGC02259,Sdm–Sm,3.05,1.087e-11,-2947,2542,1023,814,3565,2.160,1.827,2.310,hayir,hayir
UGC02259,Sdm–Sm,4.07,9.989e-12,-2364,3237,1255,891,4491,1.730,1.526,1.827,hayir,hayir
UGC02259,Sdm–Sm,5.09,7.976e-12,-1990,3763,1253,773,5016,1.529,1.397,1.787,hayir,hayir
UGC02259,Sdm–Sm,6.11,7.025e-12,-1794,4277,1325,719,5602,1.419,1.320,1.747,hayir,hayir
UGC02259,Sdm–Sm,7.13,6.196e-12,-1690,4744,1363,651,6107,1.356,1.277,1.798,hayir,hayir
UGC02259,Sdm–Sm,8.14,4.872e-12,-2026,4850,1224,562,6074,1.418,1.334,2.302,hayir,hayir
UGC04325,Sdm–Sm,1.40,1.307e-11,-2681,1474,565,519,2039,2.819,2.315,3.083,hayir,hayir
UGC04325,Sdm–Sm,2.09,1.608e-11,-3660,2326,1037,837,3363,2.573,2.088,2.687,hayir,hayir
UGC04325,Sdm–Sm,2.79,1.742e-11,-3267,3100,1500,1093,4600,2.054,1.710,1.995,hayir,hayir
UGC04325,Sdm–Sm,3.49,1.704e-11,-2552,3731,1835,1255,5566,1.684,1.458,1.517,hayir,hayir
UGC04325,Sdm–Sm,4.19,1.493e-11,-2231,4229,1931,1217,6159,1.528,1.362,1.417,hayir,hayir
UGC04325,Sdm–Sm,4.89,1.284e-11,-2065,4591,1938,1149,6528,1.450,1.316,1.399,hayir,hayir
UGC04325,Sdm–Sm,5.59,1.095e-11,-1582,4901,1889,1034,6790,1.323,1.233,1.265,hayir,hayir
UGC04499,Sdm–Sm,1.82,1.178e-11,+85,1458,661,628,2119,0.941,0.960,0.432,hayir,hayir
UGC04499,Sdm–Sm,2.73,1.081e-11,-25,2313,911,661,3224,1.011,1.008,0.519,hayir,hayir
UGC04499,Sdm–Sm,3.63,1.099e-11,+509,3121,1232,732,4353,0.837,0.883,0.152,hayir,hayir
UGC04499,Sdm–Sm,4.55,9.566e-12,+604,3736,1343,688,5079,0.838,0.881,0.061,hayir,hayir
UGC04499,Sdm–Sm,5.45,8.443e-12,+694,4259,1420,639,5679,0.837,0.878,-0.044,hayir,hayir
UGC04499,Sdm–Sm,6.37,7.161e-12,+725,4618,1408,588,6025,0.843,0.880,-0.117,hayir,hayir
UGC04499,Sdm–Sm,7.28,6.845e-12,+1342,5178,1538,565,6715,0.741,0.800,-0.687,hayir,hayir
UGC04499,Sdm–Sm,8.18,6.299e-12,+1628,5558,1590,549,7148,0.707,0.772,-0.982,hayir,hayir
UGC05716,Sdm–Sm,1.03,7.800e-12,-1092,193,248,235,441,6.661,3.477,2.827,hayir,hayir
UGC05716,Sdm–Sm,2.07,6.828e-12,-746,1233,436,381,1670,1.605,1.447,1.480,hayir,hayir
UGC05716,Sdm–Sm,3.09,5.102e-12,-824,1720,486,361,2206,1.479,1.374,1.641,hayir,hayir
UGC05716,Sdm–Sm,4.13,4.221e-12,-799,2186,538,320,2723,1.366,1.293,1.748,hayir,hayir
UGC05716,Sdm–Sm,5.16,3.898e-12,-763,2693,621,288,3314,1.283,1.230,1.825,hayir,hayir
UGC05716,Sdm–Sm,6.20,3.724e-12,-664,3275,712,237,3988,1.203,1.166,1.901,hayir,hayir
UGC05716,Sdm–Sm,7.23,3.736e-12,-405,3903,833,198,4736,1.104,1.085,1.520,hayir,hayir
UGC05716,Sdm–Sm,8.26,3.663e-12,-6,4463,934,170,5396,1.001,1.001,0.518,hayir,hayir
UGC05716,Sdm–Sm,9.28,3.446e-12,+527,4891,987,148,5878,0.892,0.910,-1.278,hayir,hayir
UGC05716,Sdm–Sm,10.34,3.124e-12,+947,5206,997,131,6203,0.818,0.847,-3.125,hayir,hayir
UGC05716,Sdm–Sm,11.40,2.716e-12,+988,5362,956,117,6317,0.816,0.844,-3.727,hayir,hayir
UGC05716,Sdm–Sm,12.37,2.308e-12,+668,5367,881,107,6248,0.876,0.893,-2.632,hayir,hayir
UGC05750,Sdm–Sm,1.47,3.548e-12,+934,1019,161,139,1180,0.084,0.209,-2.860,hayir,hayir
UGC05750,Sdm–Sm,2.52,3.702e-12,+1172,1668,288,229,1956,0.297,0.401,-2.062,hayir,hayir
UGC05750,Sdm–Sm,3.35,3.796e-12,+1213,2117,392,301,2509,0.427,0.516,-1.518,hayir,hayir
UGC05750,Sdm–Sm,4.09,3.456e-12,+1040,2505,436,305,2941,0.585,0.646,-1.208,hayir,hayir
UGC05750,Sdm–Sm,4.82,3.560e-12,+942,2892,529,360,3422,0.674,0.725,-0.806,hayir,hayir
UGC05750,Sdm–Sm,6.60,4.334e-12,+937,3837,883,614,4719,0.756,0.801,-0.263,hayir,hayir
UGC05750,Sdm–Sm,7.86,4.499e-12,+910,4457,1091,748,5548,0.796,0.836,-0.109,hayir,hayir
UGC05750,Sdm–Sm,9.43,4.622e-12,+1110,5153,1345,909,6498,0.785,0.829,-0.111,hayir,hayir
UGC05750,Sdm–Sm,11.43,3.733e-12,+1148,5853,1317,772,7170,0.804,0.840,-0.244,hayir,hayir
UGC05750,Sdm–Sm,22.85,2.438e-12,+5738,10244,1719,353,11963,0.440,0.520,-7.634,hayir,hayir
UGC05986,Sdm–Sm,1.26,2.427e-11,+210,1847,944,944,2791,0.886,0.925,0.389,hayir,hayir
UGC05986,Sdm–Sm,1.88,2.487e-11,-477,2731,1443,1443,4174,1.175,1.114,0.665,hayir,hayir
UGC05986,Sdm–Sm,2.51,2.877e-11,-1324,3554,2229,2150,5783,1.372,1.229,0.808,hayir,hayir
UGC05986,Sdm–Sm,3.13,2.674e-11,-2342,4157,2583,2449,6740,1.563,1.348,0.978,hayir,hayir
UGC05986,Sdm–Sm,3.77,2.360e-11,-3791,4699,2745,2488,7445,1.807,1.509,1.262,hayir,hayir
UGC05986,Sdm–Sm,4.39,2.222e-11,-4311,5223,3010,2576,8233,1.825,1.524,1.337,hayir,hayir
UGC05986,Sdm–Sm,5.02,2.027e-11,-4414,5670,3140,2550,8811,1.778,1.501,1.366,hayir,hayir
UGC05986,Sdm–Sm,5.65,1.688e-11,-4582,5931,2943,2298,8874,1.772,1.516,1.497,hayir,hayir
UGC05986,Sdm–Sm,6.28,1.386e-11,-4748,6021,2687,2081,8708,1.789,1.545,1.641,hayir,hayir
UGC05986,Sdm–Sm,6.90,1.182e-11,-4747,6191,2517,1867,8709,1.767,1.545,1.771,hayir,hayir
UGC05986,Sdm–Sm,7.54,9.670e-12,-4448,6298,2250,1589,8548,1.706,1.520,1.899,hayir,hayir
UGC05986,Sdm–Sm,8.16,8.017e-12,-4236,6289,2019,1414,8308,1.674,1.510,1.998,hayir,hayir
UGC05986,Sdm–Sm,8.79,7.015e-12,-3580,6399,1903,1283,8301,1.559,1.431,1.895,hayir,hayir
UGC05986,Sdm–Sm,9.41,6.719e-12,-2726,6773,1951,1179,8723,1.402,1.312,1.656,hayir,hayir
UGC06399,Sdm–Sm,1.74,1.052e-11,-86,1483,565,532,2048,1.058,1.042,0.581,hayir,hayir
UGC06399,Sdm–Sm,2.61,9.576e-12,-680,2209,771,688,2980,1.308,1.228,0.994,hayir,hayir
UGC06399,Sdm–Sm,3.50,1.009e-11,-877,2878,1090,911,3967,1.305,1.221,0.981,hayir,hayir
UGC06399,Sdm–Sm,4.37,9.307e-12,-1317,3434,1255,979,4689,1.384,1.281,1.172,hayir,hayir
UGC06399,Sdm–Sm,5.24,8.724e-12,-1436,4026,1411,973,5437,1.357,1.264,1.237,hayir,hayir
UGC06399,Sdm–Sm,6.11,7.943e-12,-1084,4491,1498,951,5989,1.241,1.181,1.070,hayir,hayir
UGC06399,Sdm–Sm,6.98,7.011e-12,-1042,4775,1510,938,6285,1.218,1.166,1.056,hayir,hayir
UGC06399,Sdm–Sm,7.85,6.167e-12,-1022,5158,1494,825,6652,1.198,1.154,1.119,hayir,hayir
UGC06818,Sdm–Sm,0.87,1.439e-11,-9,152,386,376,538,1.061,1.017,0.512,hayir,hayir
UGC06818,Sdm–Sm,1.74,1.427e-11,+1541,1559,766,750,2325,0.011,0.337,-0.528,hayir,hayir
UGC06818,Sdm–Sm,2.61,1.098e-11,+1685,2147,884,834,3032,0.215,0.444,-0.510,hayir,hayir
UGC06818,Sdm–Sm,3.50,8.975e-12,+1307,2603,969,858,3572,0.498,0.634,-0.262,hayir,hayir
UGC06818,Sdm–Sm,4.37,7.322e-12,-35,2985,987,809,3972,1.012,1.009,0.521,hayir,hayir
UGC06818,Sdm–Sm,5.24,6.626e-12,-563,3435,1071,770,4507,1.164,1.125,0.865,hayir,hayir
UGC06818,Sdm–Sm,6.11,5.652e-12,+201,3773,1066,685,4838,0.947,0.958,0.353,hayir,hayir
UGC06818,Sdm–Sm,6.98,4.833e-12,-440,4054,1041,604,5095,1.109,1.086,0.865,hayir,hayir
UGC06917,Sdm–Sm,2.61,2.168e-11,-1094,2230,1746,1746,3976,1.491,1.275,0.813,hayir,hayir
UGC06917,Sdm–Sm,3.50,1.802e-11,-1992,3202,1946,1905,5148,1.622,1.387,1.023,hayir,hayir
UGC06917,Sdm–Sm,4.37,1.665e-11,-2408,4089,2246,2031,6335,1.589,1.380,1.093,hayir,hayir
UGC06917,Sdm–Sm,5.24,1.480e-11,-2370,4744,2392,2072,7136,1.500,1.332,1.072,hayir,hayir
UGC06917,Sdm–Sm,6.11,1.328e-11,-2162,5334,2504,2067,7838,1.405,1.276,1.023,hayir,hayir
UGC06917,Sdm–Sm,6.98,1.243e-11,-1550,5973,2677,2063,8651,1.260,1.179,0.876,hayir,hayir
UGC06917,Sdm–Sm,7.85,1.132e-11,-1346,6521,2742,1981,9263,1.206,1.145,0.840,hayir,hayir
UGC06917,Sdm–Sm,8.72,1.028e-11,-1312,6947,2766,1919,9713,1.189,1.135,0.842,hayir,hayir
UGC06917,Sdm–Sm,9.60,9.838e-12,-1583,7602,2914,1841,10517,1.208,1.151,0.930,hayir,hayir
UGC06917,Sdm–Sm,10.47,9.812e-12,-801,8350,3170,1811,11520,1.096,1.069,0.721,hayir,hayir
UGC07089,Sdm–Sm,0.87,7.520e-12,-38,197,202,185,399,1.194,1.096,0.603,hayir,hayir
UGC07089,Sdm–Sm,1.74,1.155e-11,+1015,1720,620,541,2340,0.410,0.566,-0.439,hayir,hayir
UGC07089,Sdm–Sm,2.61,1.294e-11,+1773,2614,1042,897,3656,0.322,0.515,-0.488,hayir,hayir
UGC07089,Sdm–Sm,3.50,1.185e-11,+1914,3255,1280,1099,4536,0.412,0.578,-0.371,hayir,hayir
UGC07089,Sdm–Sm,4.37,1.084e-11,+1641,3743,1462,1257,5205,0.562,0.685,-0.153,hayir,hayir
UGC07089,Sdm–Sm,5.24,1.001e-11,+1757,4299,1618,1291,5917,0.591,0.703,-0.181,hayir,hayir
UGC07089,Sdm–Sm,6.11,8.962e-12,+1877,4798,1690,1239,6488,0.609,0.711,-0.258,hayir,hayir
UGC07089,Sdm–Sm,6.55,8.488e-12,+1434,5019,1715,1213,6734,0.714,0.787,-0.091,hayir,hayir
UGC07089,Sdm–Sm,6.98,8.074e-12,+2025,5228,1739,1187,6968,0.613,0.709,-0.353,hayir,hayir
UGC07089,Sdm–Sm,7.85,7.304e-12,+1960,5622,1769,1128,7391,0.651,0.735,-0.369,hayir,hayir
UGC07089,Sdm–Sm,8.72,6.560e-12,+1682,5939,1765,1068,7704,0.717,0.782,-0.287,hayir,hayir
UGC07089,Sdm–Sm,9.16,6.128e-12,+1511,6036,1732,1035,7768,0.750,0.805,-0.230,hayir,hayir
UGC07125,Sdm–Sm,1.44,1.042e-11,+350,568,463,380,1031,0.384,0.661,0.040,hayir,hayir
UGC07125,Sdm–Sm,2.88,1.073e-11,+1586,2482,953,693,3435,0.361,0.538,-0.644,hayir,hayir
UGC07125,Sdm–Sm,4.33,7.658e-12,+1809,3138,1023,788,4161,0.424,0.565,-0.647,hayir,hayir
UGC07125,Sdm–Sm,5.76,6.198e-12,+2151,3806,1102,765,4907,0.435,0.562,-0.906,hayir,hayir
UGC07125,Sdm–Sm,7.20,4.591e-12,+1943,4104,1020,709,5124,0.527,0.621,-0.870,hayir,hayir
UGC07125,Sdm–Sm,8.64,4.385e-12,+2614,4867,1169,673,6037,0.463,0.567,-1.442,hayir,hayir
UGC07125,Sdm–Sm,10.08,4.237e-12,+3136,5600,1318,652,6918,0.440,0.547,-1.904,hayir,hayir
UGC07125,Sdm–Sm,11.47,4.179e-12,+3711,6405,1479,608,7884,0.421,0.529,-2.553,hayir,hayir
UGC07125,Sdm–Sm,13.00,4.825e-12,+5547,7915,1935,568,9850,0.299,0.437,-4.384,hayir,hayir
UGC07125,Sdm–Sm,14.42,4.462e-12,+6208,8500,1985,512,10485,0.270,0.408,-5.566,hayir,hayir
UGC07125,Sdm–Sm,15.84,3.817e-12,+6309,8734,1866,430,10600,0.278,0.405,-6.834,hayir,hayir
UGC07125,Sdm–Sm,17.26,3.567e-12,+6925,9263,1900,379,11163,0.252,0.380,-8.637,hayir,hayir
UGC07125,Sdm–Sm,18.68,2.653e-12,+5964,8647,1529,342,10176,0.310,0.414,-8.222,hayir,hayir
UGC07261,Sdm–Sm,0.95,1.363e-11,-1595,196,400,385,596,9.140,3.678,2.572,hayir,hayir
UGC07261,Sdm–Sm,1.90,2.258e-11,-731,1914,1324,1304,3238,1.382,1.226,0.780,hayir,hayir
UGC07261,Sdm–Sm,2.86,1.514e-11,-574,2552,1336,1314,3889,1.225,1.148,0.718,hayir,hayir
UGC07261,Sdm–Sm,3.81,1.176e-11,-362,3100,1382,1220,4482,1.117,1.081,0.648,hayir,hayir
UGC07261,Sdm–Sm,4.76,8.895e-12,-490,3591,1306,974,4898,1.136,1.100,0.751,hayir,hayir
UGC07261,Sdm–Sm,5.72,7.522e-12,-80,4172,1328,769,5500,1.019,1.015,0.552,hayir,hayir
UGC07261,Sdm–Sm,6.67,7.265e-12,+654,4950,1495,624,6445,0.868,0.899,-0.024,hayir,hayir
UGC07399,Sdm–Sm,1.22,2.206e-11,-2719,1406,831,760,2237,2.933,2.216,2.288,hayir,hayir
UGC07399,Sdm–Sm,1.84,1.582e-11,-4167,1941,898,690,2839,3.147,2.468,3.519,hayir,hayir
UGC07399,Sdm–Sm,2.45,1.303e-11,-4588,2366,985,664,3351,2.939,2.369,3.957,hayir,hayir
UGC07399,Sdm–Sm,3.07,1.121e-11,-4588,2758,1062,644,3821,2.663,2.201,4.060,hayir,hayir
UGC07399,Sdm–Sm,3.68,9.351e-12,-4940,3042,1062,598,4104,2.624,2.204,4.631,hayir,hayir
UGC07399,Sdm–Sm,4.30,7.773e-12,-5140,3219,1031,576,4250,2.597,2.209,4.962,hayir,hayir
UGC07399,Sdm–Sm,4.91,7.085e-12,-5398,3529,1073,543,4602,2.530,2.173,5.475,hayir,hayir
UGC07399,Sdm–Sm,5.52,6.734e-12,-5547,3915,1147,499,5062,2.417,2.096,6.055,hayir,hayir
UGC07399,Sdm–Sm,6.13,6.000e-12,-6015,4086,1135,482,5221,2.472,2.152,6.739,hayir,hayir
UGC07524,Sdm–Sm,0.69,7.567e-12,+127,561,161,161,722,0.774,0.824,0.105,hayir,hayir
UGC07524,Sdm–Sm,1.03,6.413e-12,+195,843,204,204,1047,0.769,0.814,0.023,hayir,hayir
UGC07524,Sdm–Sm,1.38,5.392e-12,+222,1075,230,230,1305,0.793,0.830,0.016,hayir,hayir
UGC07524,Sdm–Sm,1.72,5.133e-12,+151,1307,272,260,1580,0.885,0.904,0.210,hayir,hayir
UGC07524,Sdm–Sm,2.07,5.146e-12,+77,1512,329,316,1841,0.949,0.958,0.378,hayir,hayir
UGC07524,Sdm–Sm,2.41,5.066e-12,+47,1704,377,360,2081,0.973,0.978,0.435,hayir,hayir
UGC07524,Sdm–Sm,2.76,5.486e-12,+141,1939,467,420,2407,0.927,0.941,0.332,hayir,hayir
UGC07524,Sdm–Sm,3.10,5.645e-12,-19,2176,540,452,2716,1.009,1.007,0.521,hayir,hayir
UGC07524,Sdm–Sm,3.45,5.832e-12,-232,2431,621,477,3051,1.095,1.076,0.743,hayir,hayir
UGC07524,Sdm–Sm,3.79,6.014e-12,-357,2710,703,485,3413,1.132,1.104,0.868,hayir,hayir
UGC07524,Sdm–Sm,4.14,6.256e-12,-383,2978,799,515,3777,1.129,1.101,0.872,hayir,hayir
UGC07524,Sdm–Sm,4.48,6.299e-12,-333,3206,871,537,4076,1.104,1.082,0.810,hayir,hayir
UGC07524,Sdm–Sm,4.82,6.175e-12,-147,3410,918,545,4328,1.043,1.034,0.635,hayir,hayir
UGC07524,Sdm–Sm,5.17,6.046e-12,-276,3576,964,573,4540,1.077,1.061,0.741,hayir,hayir
UGC07524,Sdm–Sm,5.51,5.722e-12,-278,3677,973,591,4650,1.076,1.060,0.735,hayir,hayir
UGC07524,Sdm–Sm,5.86,5.389e-12,-243,3810,974,583,4784,1.064,1.051,0.708,hayir,hayir
UGC07524,Sdm–Sm,6.20,5.278e-12,-240,3978,1010,590,4987,1.060,1.048,0.703,hayir,hayir
UGC07524,Sdm–Sm,6.55,5.286e-12,-210,4183,1068,605,5252,1.050,1.040,0.673,hayir,hayir
UGC07524,Sdm–Sm,6.89,5.351e-12,-76,4412,1138,617,5549,1.017,1.014,0.561,hayir,hayir
UGC07524,Sdm–Sm,7.25,5.423e-12,+166,4653,1213,633,5866,0.964,0.972,0.369,hayir,hayir
UGC07524,Sdm–Sm,7.58,5.538e-12,+241,4890,1295,652,6186,0.951,0.961,0.315,hayir,hayir
UGC07524,Sdm–Sm,7.94,5.671e-12,+617,5156,1389,673,6546,0.880,0.906,0.042,hayir,hayir
UGC07524,Sdm–Sm,8.27,5.832e-12,+991,5432,1488,689,6920,0.817,0.857,-0.220,hayir,hayir
UGC07524,Sdm–Sm,8.63,5.998e-12,+1220,5738,1597,703,7336,0.787,0.834,-0.368,hayir,hayir
UGC07524,Sdm–Sm,8.97,6.063e-12,+1329,5987,1678,713,7665,0.778,0.827,-0.432,hayir,hayir
UGC07524,Sdm–Sm,9.30,6.108e-12,+1526,6221,1753,721,7974,0.755,0.809,-0.558,hayir,hayir
UGC07524,Sdm–Sm,9.66,6.102e-12,+1677,6451,1819,727,8270,0.740,0.797,-0.654,hayir,hayir
UGC07524,Sdm–Sm,9.99,6.078e-12,+1743,6643,1874,735,8516,0.738,0.795,-0.686,hayir,hayir
UGC07524,Sdm–Sm,10.35,6.041e-12,+1717,6810,1929,759,8740,0.748,0.804,-0.631,hayir,hayir
UGC07524,Sdm–Sm,10.69,5.847e-12,+2636,6948,1929,734,8877,0.621,0.703,-1.295,hayir,hayir
UGC08490,Sdm–Sm,0.68,3.962e-11,-563,1116,831,781,1947,1.505,1.289,0.861,hayir,hayir
UGC08490,Sdm–Sm,1.02,3.481e-11,-962,1567,1096,991,2662,1.614,1.361,0.985,hayir,hayir
UGC08490,Sdm–Sm,1.36,2.903e-11,-1541,1892,1218,1070,3110,1.814,1.495,1.220,hayir,hayir
UGC08490,Sdm–Sm,1.69,2.410e-11,-1894,2149,1257,1049,3406,1.881,1.556,1.403,hayir,hayir
UGC08490,Sdm–Sm,2.03,1.993e-11,-2087,2335,1249,1015,3583,1.894,1.582,1.528,hayir,hayir
UGC08490,Sdm–Sm,2.37,1.734e-11,-2013,2586,1268,929,3854,1.778,1.522,1.583,hayir,hayir
UGC08490,Sdm–Sm,2.70,1.531e-11,-1938,2808,1275,849,4083,1.690,1.475,1.642,hayir,hayir
UGC08490,Sdm–Sm,3.05,1.313e-11,-1975,2951,1236,785,4187,1.669,1.472,1.758,hayir,hayir
UGC08490,Sdm–Sm,3.38,1.168e-11,-1796,3102,1218,729,4320,1.579,1.416,1.732,hayir,hayir
UGC08490,Sdm–Sm,3.72,1.086e-11,-1650,3312,1247,682,4559,1.498,1.362,1.710,hayir,hayir
UGC08490,Sdm–Sm,4.06,1.009e-11,-1507,3502,1264,637,4766,1.430,1.316,1.684,hayir,hayir
UGC08490,Sdm–Sm,4.39,8.836e-12,-1512,3564,1197,585,4761,1.424,1.318,1.793,hayir,hayir
UGC08490,Sdm–Sm,4.74,7.776e-12,-1488,3648,1137,525,4785,1.408,1.311,1.916,hayir,hayir
UGC08490,Sdm–Sm,5.08,6.710e-12,-1510,3647,1052,482,4699,1.414,1.321,2.067,hayir,hayir
UGC08490,Sdm–Sm,5.41,5.650e-12,-1646,3573,943,446,4516,1.461,1.365,2.348,hayir,hayir
UGC08490,Sdm–Sm,5.75,5.215e-12,-1826,3665,925,414,4590,1.498,1.398,2.703,hayir,hayir
UGC08490,Sdm–Sm,6.09,4.922e-12,-1704,3788,925,388,4712,1.450,1.362,2.698,hayir,hayir
UGC08490,Sdm–Sm,6.42,4.505e-12,-1693,3831,893,364,4723,1.442,1.358,2.825,hayir,hayir
UGC08490,Sdm–Sm,6.77,4.171e-12,-1649,3896,871,343,4767,1.423,1.346,2.906,hayir,hayir
UGC08490,Sdm–Sm,7.11,3.848e-12,-1587,3937,844,324,4781,1.403,1.332,2.946,hayir,hayir
UGC08490,Sdm–Sm,7.44,3.824e-12,-1370,4120,878,308,4998,1.333,1.274,2.725,hayir,hayir
UGC08490,Sdm–Sm,7.78,3.633e-12,-1242,4206,872,293,5078,1.295,1.245,2.617,hayir,hayir
UGC08490,Sdm–Sm,8.12,3.208e-12,-1392,4125,804,280,4929,1.337,1.282,2.986,hayir,hayir
UGC08490,Sdm–Sm,8.46,3.069e-12,-1200,4208,801,268,5009,1.285,1.240,2.739,hayir,hayir
UGC08490,Sdm–Sm,8.80,2.958e-12,-962,4304,803,257,5107,1.223,1.188,2.374,hayir,hayir
UGC08490,Sdm–Sm,9.13,2.721e-12,-910,4283,766,247,5050,1.212,1.180,2.345,hayir,hayir
UGC08490,Sdm–Sm,9.47,2.501e-12,-1031,4260,731,237,4990,1.242,1.207,2.672,hayir,hayir
UGC08490,Sdm–Sm,9.77,2.398e-12,-838,4307,723,230,5029,1.195,1.167,2.325,hayir,hayir
UGC08490,Sdm–Sm,10.15,2.320e-12,-889,4406,727,220,5133,1.202,1.173,2.516,hayir,hayir
UGC10310,Sdm–Sm,1.10,7.021e-12,-676,188,238,226,427,4.585,2.583,1.992,hayir,hayir
UGC10310,Sdm–Sm,2.21,9.883e-12,-625,1682,674,632,2356,1.372,1.265,0.995,hayir,hayir
UGC10310,Sdm–Sm,3.31,9.048e-12,-901,2491,924,784,3415,1.362,1.264,1.075,hayir,hayir
UGC10310,Sdm–Sm,4.42,8.082e-12,-382,3304,1102,751,4407,1.116,1.087,0.754,hayir,hayir
UGC10310,Sdm–Sm,5.52,8.689e-12,+770,4317,1480,764,5796,0.822,0.867,-0.003,hayir,hayir
UGC10310,Sdm–Sm,6.64,8.150e-12,+1517,5089,1670,721,6759,0.702,0.776,-0.552,hayir,hayir
UGC10310,Sdm–Sm,7.74,6.629e-12,+1629,5404,1583,628,6987,0.699,0.767,-0.796,hayir,hayir
UGC11557,Sdm–Sm,0.99,3.684e-11,+2946,2110,1125,1120,3235,-0.396,0.089,-0.816,evet,hayir
UGC11557,Sdm–Sm,1.76,3.247e-11,+4105,3450,1764,1764,5214,-0.190,0.213,-0.664,evet,hayir
UGC11557,Sdm–Sm,2.42,3.354e-11,+4884,4396,2504,2504,6900,-0.111,0.292,-0.475,evet,hayir
UGC11557,Sdm–Sm,3.19,3.349e-11,+5814,5326,3297,3296,8623,-0.092,0.326,-0.382,evet,hayir
UGC11557,Sdm–Sm,3.85,3.027e-11,+5927,6028,3596,3501,9624,0.017,0.384,-0.346,hayir,hayir
UGC11557,Sdm–Sm,4.62,2.748e-11,+5828,6671,3918,3787,10589,0.126,0.450,-0.269,hayir,hayir
UGC11557,Sdm–Sm,5.28,2.677e-11,+5774,7280,4362,4094,11641,0.207,0.504,-0.205,hayir,hayir
UGC11557,Sdm–Sm,5.94,2.580e-11,+5252,7749,4728,4414,12477,0.322,0.579,-0.095,hayir,hayir
UGC11557,Sdm–Sm,7.04,2.289e-11,+7461,8589,4971,4369,13561,0.131,0.450,-0.354,hayir,hayir
UGC11557,Sdm–Sm,8.80,1.862e-11,+8351,9952,5057,3800,15009,0.161,0.444,-0.599,hayir,hayir
UGC11557,Sdm–Sm,10.56,1.301e-11,+7278,10177,4241,3128,14418,0.285,0.495,-0.663,hayir,hayir
UGC11820,Sdm–Sm,0.44,7.177e-12,+159,419,97,96,516,0.620,0.692,-0.331,hayir,hayir
UGC11820,Sdm–Sm,0.61,9.005e-12,+132,628,170,166,798,0.790,0.834,0.101,hayir,hayir
UGC11820,Sdm–Sm,0.79,9.616e-12,-245,802,234,228,1036,1.306,1.237,1.038,hayir,hayir
UGC11820,Sdm–Sm,1.01,9.924e-12,-659,977,309,299,1286,1.675,1.512,1.602,hayir,hayir
UGC11820,Sdm–Sm,5.26,3.997e-12,+846,3756,649,356,4404,0.775,0.808,-0.689,hayir,hayir
UGC11820,Sdm–Sm,7.91,4.540e-12,+1643,5316,1108,296,6424,0.691,0.744,-2.270,hayir,hayir
UGC11820,Sdm–Sm,10.52,4.632e-12,+2490,6908,1503,229,8411,0.640,0.704,-4.937,hayir,hayir
UGC11820,Sdm–Sm,13.14,3.541e-12,+2335,7501,1436,179,8937,0.689,0.739,-6.017,hayir,hayir
UGC11820,Sdm–Sm,15.82,2.860e-12,+2338,8074,1396,145,9470,0.710,0.753,-7.571,hayir,hayir
UGC12632,Sdm–Sm,1.42,4.699e-12,-35,888,206,199,1094,1.040,1.032,0.589,hayir,hayir
UGC12632,Sdm–Sm,2.14,5.178e-12,-269,1396,342,287,1738,1.193,1.155,0.969,hayir,hayir
UGC12632,Sdm–Sm,2.85,5.301e-12,-663,1831,466,352,2297,1.362,1.288,1.442,hayir,hayir
UGC12632,Sdm–Sm,3.55,4.714e-12,-617,2162,516,366,2678,1.285,1.230,1.342,hayir,hayir
UGC12632,Sdm–Sm,4.26,4.178e-12,-845,2376,549,405,2925,1.356,1.289,1.544,hayir,hayir
UGC12632,Sdm–Sm,4.97,4.095e-12,-730,2713,628,427,3341,1.269,1.218,1.353,hayir,hayir
UGC12632,Sdm–Sm,5.69,3.894e-12,-573,3033,684,429,3717,1.189,1.154,1.168,hayir,hayir
UGC12632,Sdm–Sm,6.40,4.140e-12,-320,3432,818,473,4250,1.093,1.075,0.838,hayir,hayir
UGC12632,Sdm–Sm,7.11,4.303e-12,+162,4006,944,433,4950,0.960,0.967,0.313,hayir,hayir
UGC12632,Sdm–Sm,7.82,4.585e-12,+765,4601,1106,415,5707,0.834,0.866,-0.422,hayir,hayir
UGC12632,Sdm–Sm,8.52,4.524e-12,+1133,5042,1189,381,6231,0.775,0.818,-0.989,hayir,hayir
UGC12632,Sdm–Sm,9.25,4.308e-12,+1205,5334,1230,373,6563,0.774,0.816,-1.116,hayir,hayir
UGC12632,Sdm–Sm,9.95,4.246e-12,+1681,5706,1303,361,7010,0.705,0.760,-1.828,hayir,hayir
UGC12632,Sdm–Sm,10.66,4.085e-12,+1978,5978,1344,357,7321,0.669,0.730,-2.268,hayir,hayir
UGC12732,Sdm–Sm,1.92,7.758e-12,-666,1324,460,460,1784,1.503,1.374,1.225,hayir,hayir
UGC12732,Sdm–Sm,2.88,6.194e-12,-1179,1858,550,550,2409,1.635,1.490,1.571,hayir,hayir
UGC12732,Sdm–Sm,3.84,5.797e-12,-1212,2365,687,621,3052,1.512,1.397,1.476,hayir,hayir
UGC12732,Sdm–Sm,4.80,4.932e-12,-1368,2774,730,603,3504,1.493,1.390,1.635,hayir,hayir
UGC12732,Sdm–Sm,5.76,4.713e-12,-1296,3313,838,582,4151,1.391,1.312,1.614,hayir,hayir
UGC12732,Sdm–Sm,6.72,4.531e-12,-1154,3713,940,608,4652,1.311,1.248,1.449,hayir,hayir
UGC12732,Sdm–Sm,7.68,3.864e-12,-1383,3989,916,547,4905,1.347,1.282,1.764,hayir,hayir
UGC12732,Sdm–Sm,8.64,3.851e-12,-811,4611,1027,484,5637,1.176,1.144,1.338,hayir,hayir
UGC12732,Sdm–Sm,9.60,3.682e-12,-549,5068,1091,440,6159,1.108,1.089,1.123,hayir,hayir
UGC12732,Sdm–Sm,10.60,3.578e-12,-307,5579,1170,397,6749,1.055,1.045,0.886,hayir,hayir
UGC12732,Sdm–Sm,11.50,3.749e-12,+261,6258,1330,363,7589,0.958,0.966,0.140,hayir,hayir
UGC12732,Sdm–Sm,12.50,4.050e-12,+966,7130,1562,330,8692,0.865,0.889,-0.962,hayir,hayir
UGC12732,Sdm–Sm,13.40,4.285e-12,+1427,7900,1772,305,9672,0.819,0.852,-1.842,hayir,hayir
UGC12732,Sdm–Sm,14.40,4.489e-12,+1596,8722,1995,281,10717,0.817,0.851,-2.344,hayir,hayir
UGC12732,Sdm–Sm,15.40,4.509e-12,+1910,9371,2143,259,11514,0.796,0.834,-3.183,hayir,hayir
UGCA442,Sdm–Sm,0.42,2.712e-12,-2,164,35,11,199,1.013,1.011,0.595,hayir,hayir
UGCA442,Sdm–Sm,1.26,5.930e-12,+311,899,231,58,1129,0.654,0.724,-2.189,hayir,hayir
UGCA442,Sdm–Sm,2.11,7.351e-12,+426,1628,479,92,2107,0.738,0.798,-1.803,hayir,hayir
UGCA442,Sdm–Sm,2.96,6.470e-12,+340,2150,591,88,2741,0.842,0.876,-1.427,hayir,hayir
UGCA442,Sdm–Sm,3.79,5.127e-12,+52,2456,600,79,3055,0.979,0.983,0.170,hayir,hayir
UGCA442,Sdm–Sm,4.65,3.713e-12,-96,2552,533,76,3085,1.038,1.031,1.134,hayir,hayir
UGCA442,Sdm–Sm,5.48,2.503e-12,-465,2452,423,72,2876,1.190,1.162,3.709,hayir,hayir
UGCA442,Sdm–Sm,6.33,1.725e-12,-482,2374,337,56,2710,1.203,1.178,4.772,hayir,hayir
CamB,Im,0.16,2.125e-12,+45,39,10,7,49,-0.169,0.080,-2.719,evet,hayir
CamB,Im,0.41,4.965e-12,+340,301,63,45,364,-0.131,0.064,-3.295,evet,hayir
CamB,Im,0.57,5.721e-12,+474,420,101,69,520,-0.130,0.089,-2.929,evet,hayir
CamB,Im,0.73,6.213e-12,+583,522,140,94,662,-0.117,0.119,-2.597,evet,hayir
CamB,Im,0.90,6.118e-12,+671,620,170,110,790,-0.082,0.150,-2.564,evet,hayir
CamB,Im,1.06,5.728e-12,+718,697,187,116,885,-0.030,0.188,-2.593,evet,hayir
CamB,Im,1.22,5.015e-12,+725,752,189,114,941,0.036,0.230,-2.674,hayir,hayir
CamB,Im,1.47,4.226e-12,+703,793,192,126,985,0.114,0.287,-2.280,hayir,hayir
CamB,Im,1.79,2.877e-12,+554,799,159,111,958,0.307,0.422,-1.991,hayir,hayir
D564-8,Im,0.51,2.050e-12,+88,129,32,20,161,0.315,0.452,-1.685,hayir,hayir
D564-8,Im,1.02,2.094e-12,+218,380,66,37,446,0.427,0.512,-2.403,hayir,hayir
D564-8,Im,1.53,1.727e-12,+219,529,82,41,611,0.587,0.642,-2.148,hayir,hayir
D564-8,Im,2.04,1.356e-12,+240,634,85,38,720,0.622,0.667,-2.634,hayir,hayir
D564-8,Im,2.56,1.052e-12,+216,709,83,33,792,0.695,0.727,-2.742,hayir,hayir
D564-8,Im,3.07,8.321e-13,+213,759,79,29,838,0.719,0.746,-3.141,hayir,hayir
D631-7,Im,0.45,8.675e-12,+343,293,120,50,414,-0.170,0.171,-2.938,evet,hayir
D631-7,Im,0.90,1.091e-11,+823,836,303,120,1139,0.017,0.278,-2.915,hayir,hayir
D631-7,Im,1.35,1.187e-11,+1071,1253,494,215,1747,0.145,0.387,-1.986,hayir,hayir
D631-7,Im,1.80,1.042e-11,+1197,1573,579,228,2152,0.239,0.444,-2.122,hayir,hayir
D631-7,Im,2.25,8.562e-12,+1205,1814,594,198,2409,0.336,0.500,-2.536,hayir,hayir
D631-7,Im,2.69,7.237e-12,+1105,2009,601,176,2610,0.450,0.577,-2.639,hayir,hayir
D631-7,Im,3.14,5.990e-12,+928,2154,580,151,2734,0.569,0.661,-2.579,hayir,hayir
D631-7,Im,3.59,5.037e-12,+746,2267,558,133,2825,0.671,0.736,-2.300,hayir,hayir
D631-7,Im,4.04,4.279e-12,+513,2361,533,118,2894,0.783,0.823,-1.670,hayir,hayir
D631-7,Im,4.49,3.616e-12,+237,2419,501,105,2920,0.902,0.919,-0.629,hayir,hayir
D631-7,Im,4.94,3.094e-12,-63,2469,472,94,2940,1.025,1.021,0.833,hayir,hayir
D631-7,Im,5.39,2.645e-12,-268,2496,440,85,2936,1.107,1.091,2.075,hayir,hayir
D631-7,Im,5.84,2.278e-12,-487,2513,411,78,2924,1.194,1.166,3.639,hayir,hayir
D631-7,Im,6.29,1.972e-12,-518,2521,383,71,2904,1.206,1.178,4.141,hayir,hayir
D631-7,Im,6.74,1.716e-12,-450,2523,357,66,2880,1.178,1.156,3.913,hayir,hayir
D631-7,Im,7.19,1.499e-12,-434,2517,333,61,2849,1.173,1.152,4.036,hayir,hayir
DDO064,Im,0.30,2.151e-12,+29,202,20,20,222,0.857,0.870,-0.224,hayir,hayir
DDO064,Im,0.49,3.092e-12,+139,336,47,47,382,0.586,0.636,-0.987,hayir,hayir
DDO064,Im,0.69,4.842e-12,+237,473,103,97,576,0.498,0.588,-0.724,hayir,hayir
DDO064,Im,0.89,4.312e-12,+179,566,118,115,685,0.685,0.739,-0.277,hayir,hayir
DDO064,Im,1.09,4.738e-12,+149,692,159,135,851,0.785,0.825,-0.052,hayir,hayir
DDO064,Im,1.29,5.945e-12,-113,896,237,150,1133,1.126,1.100,0.876,hayir,hayir
DDO064,Im,1.48,7.745e-12,-132,1155,354,168,1509,1.114,1.087,0.891,hayir,hayir
DDO064,Im,1.68,8.626e-12,-136,1371,447,183,1818,1.099,1.075,0.872,hayir,hayir
DDO064,Im,1.88,8.976e-12,-66,1557,521,191,2078,1.042,1.032,0.672,hayir,hayir
DDO064,Im,2.08,8.852e-12,+138,1723,568,182,2291,0.920,0.940,0.121,hayir,hayir
DDO064,Im,2.27,8.323e-12,+266,1826,583,176,2409,0.855,0.890,-0.254,hayir,hayir
DDO064,Im,2.37,8.165e-12,+334,1890,597,173,2487,0.823,0.866,-0.465,hayir,hayir
DDO064,Im,2.98,6.956e-12,+648,2208,640,148,2848,0.707,0.772,-1.688,hayir,hayir
DDO154,Im,0.49,5.936e-12,+36,136,90,76,226,0.739,0.842,0.265,hayir,hayir
DDO154,Im,0.99,5.287e-12,+238,543,162,106,704,0.562,0.662,-0.623,hayir,hayir
DDO154,Im,1.48,4.423e-12,+200,833,202,84,1035,0.760,0.807,-0.694,hayir,hayir
DDO154,Im,1.97,4.014e-12,+159,1092,244,67,1336,0.854,0.881,-0.697,hayir,hayir
DDO154,Im,2.47,3.542e-12,+120,1309,270,52,1579,0.909,0.924,-0.653,hayir,hayir
DDO154,Im,2.96,3.333e-12,+77,1536,304,42,1841,0.950,0.958,-0.415,hayir,hayir
DDO154,Im,3.46,3.229e-12,+134,1778,345,35,2123,0.925,0.937,-1.407,hayir,hayir
DDO154,Im,3.95,2.879e-12,+128,1921,351,30,2272,0.933,0.943,-1.627,hayir,hayir
DDO154,Im,4.44,2.424e-12,+69,1983,332,27,2315,0.965,0.970,-0.793,hayir,hayir
DDO154,Im,4.94,2.036e-12,+11,2023,310,24,2334,0.995,0.995,0.277,hayir,hayir
DDO154,Im,5.43,1.710e-12,+79,2039,286,21,2325,0.961,0.966,-1.335,hayir,hayir
DDO154,Im,5.92,1.446e-12,+239,2045,264,20,2309,0.883,0.897,-5.595,hayir,hayir
DDO161,Im,0.60,6.793e-12,+145,275,126,79,401,0.473,0.639,-0.414,hayir,hayir
DDO161,Im,0.73,7.416e-12,+363,472,167,101,639,0.230,0.432,-1.295,hayir,hayir
DDO161,Im,0.85,7.743e-12,+479,622,203,117,825,0.230,0.420,-1.553,hayir,hayir
DDO161,Im,0.98,8.385e-12,+622,768,254,145,1022,0.191,0.391,-1.641,hayir,hayir
DDO161,Im,1.07,8.770e-12,+701,869,290,163,1159,0.194,0.395,-1.655,hayir,hayir
DDO161,Im,1.54,1.017e-11,+997,1349,483,252,1832,0.261,0.456,-1.480,hayir,hayir
DDO161,Im,2.02,1.062e-11,+1376,1797,662,311,2459,0.234,0.440,-1.716,hayir,hayir
DDO161,Im,2.49,1.038e-11,+1751,2192,797,334,2990,0.202,0.414,-2.120,hayir,hayir
DDO161,Im,2.96,9.637e-12,+1982,2515,880,338,3396,0.212,0.416,-2.429,hayir,hayir
DDO161,Im,3.43,8.751e-12,+2078,2800,926,322,3726,0.258,0.442,-2.731,hayir,hayir
DDO161,Im,3.90,8.053e-12,+2204,3058,969,313,4028,0.279,0.453,-3.024,hayir,hayir
DDO161,Im,4.37,7.371e-12,+2209,3285,994,300,4279,0.328,0.484,-3.186,hayir,hayir
DDO161,Im,4.86,6.763e-12,+2137,3514,1014,281,4528,0.392,0.528,-3.304,hayir,hayir
DDO161,Im,5.34,6.256e-12,+2115,3736,1031,257,4767,0.434,0.556,-3.607,hayir,hayir
DDO161,Im,5.81,5.799e-12,+2170,3939,1040,233,4979,0.449,0.564,-4.155,hayir,hayir
DDO161,Im,6.28,5.457e-12,+2174,4142,1057,218,5199,0.475,0.582,-4.497,hayir,hayir
DDO161,Im,6.75,5.169e-12,+2105,4346,1077,202,5423,0.516,0.612,-4.706,hayir,hayir
DDO161,Im,7.22,4.964e-12,+2112,4570,1106,188,5676,0.538,0.628,-5.123,hayir,hayir
DDO161,Im,7.69,4.834e-12,+2303,4817,1147,175,5964,0.522,0.614,-6.087,hayir,hayir
DDO161,Im,8.16,4.730e-12,+2440,5068,1191,163,6259,0.519,0.610,-6.979,hayir,hayir
DDO161,Im,8.64,4.568e-12,+2544,5283,1218,153,6501,0.518,0.609,-7.837,hayir,hayir
DDO161,Im,9.11,4.439e-12,+2777,5498,1248,143,6746,0.495,0.588,-9.177,hayir,hayir
DDO161,Im,9.58,4.226e-12,+2737,5648,1249,135,6898,0.515,0.603,-9.628,hayir,hayir
DDO161,Im,10.05,4.005e-12,+2711,5773,1242,128,7015,0.530,0.613,-10.118,hayir,hayir
DDO161,Im,10.52,3.686e-12,+2440,5800,1196,121,6996,0.579,0.651,-9.564,hayir,hayir
DDO161,Im,10.99,3.371e-12,+2477,5796,1143,115,6939,0.573,0.643,-10.249,hayir,hayir
DDO161,Im,11.46,3.059e-12,+2380,5760,1082,110,6842,0.587,0.652,-10.349,hayir,hayir
DDO161,Im,11.94,2.776e-12,+2305,5718,1023,105,6740,0.597,0.658,-10.508,hayir,hayir
DDO161,Im,12.41,2.522e-12,+2169,5665,966,100,6631,0.617,0.673,-10.316,hayir,hayir
DDO161,Im,12.90,2.309e-12,+2159,5636,919,96,6555,0.617,0.671,-10.739,hayir,hayir
DDO161,Im,13.37,2.098e-12,+2065,5568,866,92,6434,0.629,0.679,-10.680,hayir,hayir
DDO168,Im,0.41,1.128e-11,+265,347,143,34,490,0.237,0.459,-3.361,hayir,hayir
DDO168,Im,0.82,1.609e-11,+802,943,407,80,1350,0.149,0.406,-4.504,hayir,hayir
DDO168,Im,1.24,1.353e-11,+970,1305,518,114,1823,0.257,0.468,-3.750,hayir,hayir
DDO168,Im,1.64,1.059e-11,+747,1522,536,128,2058,0.509,0.637,-2.423,hayir,hayir
DDO168,Im,2.06,9.858e-12,+520,1830,627,143,2456,0.716,0.788,-1.323,hayir,hayir
DDO168,Im,2.47,8.622e-12,-10,2047,657,145,2705,1.005,1.004,0.534,hayir,hayir
DDO168,Im,2.89,7.525e-12,+107,2234,671,144,2905,0.952,0.963,0.130,hayir,hayir
DDO168,Im,3.30,6.529e-12,+23,2361,665,148,3026,0.990,0.992,0.422,hayir,hayir
DDO168,Im,3.71,5.803e-12,+132,2493,664,147,3157,0.947,0.958,0.052,hayir,hayir
DDO168,Im,4.12,5.122e-12,+557,2610,651,134,3261,0.787,0.829,-1.579,hayir,hayir
DDO170,Im,1.87,4.173e-12,+92,618,241,165,859,0.852,0.893,0.223,hayir,hayir
DDO170,Im,3.36,4.072e-12,+355,1730,422,195,2152,0.795,0.835,-0.409,hayir,hayir
DDO170,Im,4.86,4.153e-12,+539,2673,623,199,3295,0.798,0.836,-0.856,hayir,hayir
DDO170,Im,6.35,4.029e-12,+1224,3526,789,184,4315,0.653,0.716,-2.831,hayir,hayir
DDO170,Im,7.85,3.719e-12,+1676,4210,901,175,5110,0.602,0.672,-4.289,hayir,hayir
DDO170,Im,9.34,3.169e-12,+2092,4660,913,152,5573,0.551,0.625,-6.403,hayir,hayir
DDO170,Im,10.83,2.530e-12,+2098,4852,845,129,5698,0.568,0.632,-7.643,hayir,hayir
DDO170,Im,12.33,1.926e-12,+1686,4822,733,113,5555,0.650,0.696,-6.985,hayir,hayir
ESO444-G084,Im,0.26,6.930e-12,-157,122,56,35,177,2.292,1.887,2.780,hayir,hayir
ESO444-G084,Im,0.77,1.022e-11,-311,692,243,109,935,1.449,1.333,1.922,hayir,hayir
ESO444-G084,Im,1.29,9.454e-12,-776,1132,376,106,1508,1.686,1.515,4.172,hayir,hayir
ESO444-G084,Im,1.81,8.155e-12,-857,1475,455,93,1931,1.581,1.444,5.094,hayir,hayir
ESO444-G084,Im,2.32,6.691e-12,-1163,1722,479,75,2201,1.676,1.529,8.214,hayir,hayir
ESO444-G084,Im,3.39,3.366e-12,-1833,1796,352,50,2148,2.021,1.854,18.945,hayir,hayir
ESO444-G084,Im,4.44,1.790e-12,-1965,1721,245,36,1966,2.142,1.999,27.507,hayir,hayir
F565-V2,Im,1.26,2.507e-12,-40,333,97,65,431,1.121,1.094,0.810,hayir,hayir
F565-V2,Im,2.51,3.395e-12,-109,1252,263,148,1515,1.087,1.072,0.868,hayir,hayir
F565-V2,Im,3.78,3.437e-12,-998,1931,401,183,2332,1.517,1.428,3.220,hayir,hayir
F565-V2,Im,5.03,3.233e-12,-1627,2563,502,171,3065,1.635,1.531,5.249,hayir,hayir
F565-V2,Im,6.29,3.455e-12,-1513,3219,671,208,3890,1.470,1.389,4.131,hayir,hayir
F565-V2,Im,7.54,3.531e-12,-1427,3914,822,211,4735,1.365,1.301,3.889,hayir,hayir
F565-V2,Im,8.80,3.349e-12,-1467,4529,909,174,5438,1.324,1.270,4.705,hayir,hayir
KK98-251,Im,0.41,1.482e-12,+136,164,19,8,183,0.170,0.255,-8.333,hayir,hayir
KK98-251,Im,0.57,1.965e-12,+208,264,35,12,299,0.215,0.306,-8.506,hayir,hayir
KK98-251,Im,0.74,2.702e-12,+292,381,62,20,443,0.235,0.341,-6.714,hayir,hayir
KK98-251,Im,0.90,3.316e-12,+364,500,92,28,592,0.272,0.385,-6.088,hayir,hayir
KK98-251,Im,1.07,4.013e-12,+463,636,132,37,769,0.273,0.398,-5.815,hayir,hayir
KK98-251,Im,1.24,4.683e-12,+574,783,179,45,962,0.267,0.403,-5.836,hayir,hayir
KK98-251,Im,1.40,5.155e-12,+668,921,223,51,1144,0.274,0.416,-6.077,hayir,hayir
KK98-251,Im,1.57,5.453e-12,+726,1057,264,56,1321,0.313,0.451,-6.019,hayir,hayir
KK98-251,Im,1.72,5.680e-12,+733,1177,301,60,1478,0.377,0.504,-5.612,hayir,hayir
KK98-251,Im,1.89,5.792e-12,+720,1300,338,65,1638,0.446,0.561,-5.077,hayir,hayir
KK98-251,Im,2.06,5.761e-12,+715,1411,366,67,1778,0.494,0.598,-4.839,hayir,hayir
KK98-251,Im,2.46,5.287e-12,+894,1601,401,75,2002,0.442,0.554,-5.474,hayir,hayir
KK98-251,Im,2.79,4.765e-12,+917,1704,410,84,2114,0.462,0.566,-4.977,hayir,hayir
KK98-251,Im,3.13,3.941e-12,+952,1741,381,78,2122,0.453,0.551,-5.641,hayir,hayir
NGC3741,Im,0.23,1.033e-11,-37,61,73,67,134,1.607,1.276,0.776,hayir,hayir
NGC3741,Im,0.47,8.198e-12,+135,315,119,96,434,0.572,0.689,-0.200,hayir,hayir
NGC3741,Im,0.70,6.009e-12,+6,433,130,85,563,0.987,0.990,0.466,hayir,hayir
NGC3741,Im,0.93,4.600e-12,-36,519,132,71,651,1.069,1.055,0.752,hayir,hayir
NGC3741,Im,1.17,3.559e-12,-34,588,128,58,717,1.058,1.048,0.793,hayir,hayir
NGC3741,Im,1.40,2.902e-12,+51,649,125,47,775,0.921,0.934,-0.040,hayir,hayir
NGC3741,Im,1.64,2.464e-12,+84,710,125,40,835,0.881,0.899,-0.566,hayir,hayir
NGC3741,Im,1.87,2.124e-12,-80,758,123,34,881,1.106,1.091,1.677,hayir,hayir
NGC3741,Im,2.10,1.869e-12,-132,803,121,30,924,1.164,1.143,2.706,hayir,hayir
NGC3741,Im,2.33,1.775e-12,-87,874,128,27,1002,1.100,1.087,2.136,hayir,hayir
NGC3741,Im,2.57,1.732e-12,-238,957,137,24,1095,1.248,1.217,5.461,hayir,hayir
NGC3741,Im,2.80,1.726e-12,-319,1045,149,22,1194,1.305,1.267,7.780,hayir,hayir
NGC3741,Im,3.26,1.617e-12,-377,1183,163,19,1345,1.319,1.280,10.594,hayir,hayir
NGC3741,Im,3.73,1.479e-12,-356,1298,170,16,1468,1.274,1.242,11.442,hayir,hayir
NGC3741,Im,4.21,1.440e-12,-363,1448,187,14,1635,1.251,1.222,13.135,hayir,hayir
NGC3741,Im,4.67,1.364e-12,-419,1565,197,13,1762,1.268,1.238,16.666,hayir,hayir
NGC3741,Im,5.14,1.285e-12,-474,1674,204,12,1878,1.283,1.252,20.742,hayir,hayir
NGC3741,Im,5.61,1.172e-12,-551,1746,203,11,1949,1.316,1.283,26.220,hayir,hayir
NGC3741,Im,6.07,1.064e-12,-520,1801,199,10,2000,1.289,1.260,26.771,hayir,hayir
NGC3741,Im,6.54,9.554e-13,-478,1839,193,9,2032,1.260,1.235,26.488,hayir,hayir
NGC3741,Im,7.00,8.636e-13,-604,1872,187,9,2058,1.323,1.294,35.757,hayir,hayir
NGC4068,Im,0.64,7.875e-12,+524,540,156,139,696,0.030,0.247,-1.379,hayir,hayir
NGC4068,Im,1.06,8.859e-12,+675,891,290,230,1181,0.243,0.429,-0.964,hayir,hayir
NGC4068,Im,1.48,9.396e-12,+753,1249,429,273,1678,0.397,0.551,-0.881,hayir,hayir
NGC4068,Im,1.91,9.909e-12,+930,1642,584,287,2226,0.434,0.582,-1.122,hayir,hayir
NGC4068,Im,2.33,9.041e-12,+836,1942,650,256,2592,0.569,0.677,-1.135,hayir,hayir
UGC00731,Im,1.81,1.725e-12,-1233,660,96,65,756,2.870,2.631,9.956,hayir,hayir
UGC00731,Im,2.73,1.618e-12,-1410,993,136,76,1130,2.420,2.248,9.822,hayir,hayir
UGC00731,Im,3.64,2.576e-12,-1284,1653,289,93,1942,1.777,1.661,7.381,hayir,hayir
UGC00731,Im,4.55,2.595e-12,-1259,2061,364,105,2426,1.611,1.519,6.520,hayir,hayir
UGC00731,Im,5.45,2.641e-12,-1259,2483,444,111,2927,1.507,1.430,6.164,hayir,hayir
UGC00731,Im,6.36,3.319e-12,-682,3291,651,105,3942,1.207,1.173,3.756,hayir,hayir
UGC00731,Im,7.28,4.492e-12,+291,4395,1009,109,5404,0.934,0.946,-0.836,hayir,hayir
UGC00731,Im,8.19,4.903e-12,+1024,5172,1239,109,6411,0.802,0.840,-4.206,hayir,hayir
UGC00731,Im,9.09,4.670e-12,+1464,5630,1310,93,6940,0.740,0.789,-7.344,hayir,hayir
UGC00731,Im,10.00,4.481e-12,+2010,6074,1383,87,7457,0.669,0.730,-11.089,hayir,hayir
UGC00731,Im,10.91,4.041e-12,+2191,6291,1360,82,7652,0.652,0.714,-12.807,hayir,hayir
UGC04483,Im,0.24,8.058e-12,+147,204,60,40,264,0.279,0.442,-1.349,hayir,hayir
UGC04483,Im,0.40,8.304e-12,+135,332,102,50,435,0.593,0.689,-0.867,hayir,hayir
UGC04483,Im,0.57,7.677e-12,+152,450,135,47,585,0.662,0.740,-1.117,hayir,hayir
UGC04483,Im,0.73,6.867e-12,+267,545,155,42,700,0.510,0.618,-2.706,hayir,hayir
UGC04483,Im,0.89,5.980e-12,+262,623,164,36,787,0.578,0.666,-3.184,hayir,hayir
UGC04483,Im,1.05,5.344e-12,+280,697,173,30,870,0.599,0.679,-4.108,hayir,hayir
UGC04483,Im,1.21,4.790e-12,+355,762,179,26,941,0.534,0.622,-6.319,hayir,hayir
UGC05005,Im,2.34,6.943e-12,+1441,2002,501,437,2504,0.280,0.424,-1.148,hayir,hayir
UGC05005,Im,3.91,7.737e-12,+1642,3070,933,797,4004,0.465,0.590,-0.530,hayir,hayir
UGC05005,Im,5.47,7.152e-12,+1792,3960,1207,987,5167,0.548,0.653,-0.408,hayir,hayir
UGC05005,Im,7.04,5.885e-12,+1580,4645,1279,980,5923,0.660,0.733,-0.306,hayir,hayir
UGC05005,Im,8.60,5.259e-12,+1452,5313,1396,978,6708,0.727,0.784,-0.242,hayir,hayir
UGC05005,Im,10.17,4.755e-12,+1327,6012,1492,922,7505,0.779,0.823,-0.219,hayir,hayir
UGC05005,Im,17.97,3.278e-12,+1730,9341,1818,574,11158,0.815,0.845,-1.006,hayir,hayir
UGC05005,Im,21.07,2.794e-12,+2108,10172,1816,478,11988,0.793,0.824,-1.704,hayir,hayir
UGC05005,Im,22.72,2.587e-12,+2390,10576,1813,438,12390,0.774,0.807,-2.230,hayir,hayir
UGC05005,Im,28.61,2.102e-12,+4092,12057,1856,333,13912,0.661,0.706,-5.637,hayir,hayir
UGC05414,Im,1.37,1.298e-11,+661,1309,549,425,1858,0.495,0.644,-0.278,hayir,hayir
UGC05414,Im,2.05,1.269e-11,+679,1993,803,518,2795,0.659,0.757,-0.155,hayir,hayir
UGC05414,Im,2.74,1.144e-11,+815,2531,967,556,3498,0.678,0.767,-0.232,hayir,hayir
UGC05414,Im,3.42,9.965e-12,+754,2929,1052,576,3981,0.742,0.811,-0.155,hayir,hayir
UGC05414,Im,4.11,8.945e-12,+675,3311,1134,588,4445,0.796,0.848,-0.074,hayir,hayir
UGC05764,Im,0.36,1.979e-12,-352,86,22,14,108,5.100,4.264,12.714,hayir,hayir
UGC05764,Im,0.73,3.943e-12,-479,411,89,52,500,2.165,1.958,5.090,hayir,hayir
UGC05764,Im,1.09,4.573e-12,-915,670,154,65,824,2.367,2.112,7.494,hayir,hayir
UGC05764,Im,1.45,5.079e-12,-1170,941,227,63,1168,2.243,2.001,9.757,hayir,hayir
UGC05764,Im,1.81,5.782e-12,-991,1247,323,65,1570,1.794,1.631,8.082,hayir,hayir
UGC05764,Im,2.17,6.065e-12,-985,1531,406,65,1937,1.643,1.508,8.037,hayir,hayir
UGC05764,Im,2.54,5.952e-12,-873,1774,466,65,2240,1.492,1.390,7.233,hayir,hayir
UGC05764,Im,2.90,5.517e-12,-536,1946,494,65,2439,1.276,1.220,4.641,hayir,hayir
UGC05764,Im,3.26,4.707e-12,-7,2020,474,62,2493,1.003,1.003,0.553,hayir,hayir
UGC05764,Im,3.62,4.008e-12,+18,2061,448,62,2508,0.991,0.993,0.353,hayir,hayir
UGC05829,Im,1.26,2.197e-12,-82,572,85,85,658,1.143,1.125,0.981,hayir,hayir
UGC05829,Im,1.88,2.672e-12,-102,906,155,140,1061,1.113,1.096,0.865,hayir,hayir
UGC05829,Im,2.52,2.338e-12,-241,1082,182,182,1264,1.223,1.191,1.163,hayir,hayir
UGC05829,Im,3.14,3.427e-12,+116,1616,332,207,1948,0.928,0.940,0.219,hayir,hayir
UGC05829,Im,3.77,4.496e-12,+449,2221,523,226,2744,0.798,0.836,-0.495,hayir,hayir
UGC05829,Im,4.40,4.862e-12,+674,2708,660,229,3368,0.751,0.800,-0.974,hayir,hayir
UGC05829,Im,5.03,5.873e-12,+1023,3429,912,227,4341,0.702,0.764,-1.751,hayir,hayir
UGC05829,Im,5.65,6.822e-12,+1687,4183,1189,218,5372,0.597,0.686,-3.363,hayir,hayir
UGC05829,Im,6.29,6.925e-12,+1747,4707,1344,208,6051,0.629,0.711,-3.695,hayir,hayir
UGC05829,Im,6.91,6.572e-12,+1730,5035,1401,205,6436,0.656,0.731,-3.723,hayir,hayir
UGC05918,Im,0.56,2.119e-12,-110,139,37,24,175,1.795,1.629,2.803,hayir,hayir
UGC05918,Im,1.11,2.230e-12,-187,487,76,61,563,1.385,1.333,2.038,hayir,hayir
UGC05918,Im,1.67,2.083e-12,-328,687,107,95,794,1.478,1.413,2.232,hayir,hayir
UGC05918,Im,2.23,3.007e-12,-80,1038,207,134,1245,1.077,1.064,0.798,hayir,hayir
UGC05918,Im,2.79,3.260e-12,+97,1401,281,130,1682,0.930,0.942,0.125,hayir,hayir
UGC05918,Im,3.34,2.814e-12,+136,1543,290,134,1833,0.912,0.926,-0.004,hayir,hayir
UGC05918,Im,3.90,2.789e-12,+251,1730,336,159,2066,0.855,0.878,-0.287,hayir,hayir
UGC05918,Im,4.46,2.825e-12,+454,2046,389,143,2435,0.778,0.813,-1.084,hayir,hayir
UGC06923,Im,0.93,4.767e-11,+193,465,1368,1282,1833,0.586,0.895,0.425,hayir,hayir
UGC06923,Im,1.94,2.996e-11,+1437,2549,1793,1521,4342,0.436,0.669,0.028,hayir,hayir
UGC06923,Im,2.87,2.321e-11,+201,3475,2055,1572,5530,0.942,0.964,0.436,hayir,hayir
UGC06923,Im,3.72,1.902e-11,+142,4106,2183,1558,6289,0.965,0.977,0.454,hayir,hayir
UGC06923,Im,4.47,1.627e-11,+602,4647,2244,1447,6891,0.870,0.913,0.292,hayir,hayir
UGC06923,Im,5.16,1.442e-11,+826,5107,2296,1346,7403,0.838,0.888,0.193,hayir,hayir
UGC07559,Im,0.36,4.804e-12,+55,88,53,45,141,0.378,0.613,-0.103,hayir,hayir
UGC07559,Im,0.72,6.569e-12,+382,488,146,111,634,0.219,0.399,-1.219,hayir,hayir
UGC07559,Im,1.08,5.959e-12,+451,711,199,137,909,0.365,0.504,-1.147,hayir,hayir
UGC07559,Im,1.45,5.395e-12,+457,897,241,150,1138,0.491,0.599,-1.024,hayir,hayir
UGC07559,Im,1.80,4.993e-12,+478,1082,277,143,1360,0.559,0.649,-1.170,hayir,hayir
UGC07559,Im,2.17,4.900e-12,+691,1330,328,123,1659,0.480,0.583,-2.316,hayir,hayir
UGC07559,Im,2.53,4.999e-12,+922,1562,390,120,1952,0.410,0.528,-3.352,hayir,hayir
UGC07577,Im,0.38,1.618e-12,+156,166,19,19,185,0.061,0.157,-3.611,hayir,hayir
UGC07577,Im,0.57,2.247e-12,+255,269,40,37,309,0.052,0.173,-2.903,hayir,hayir
UGC07577,Im,0.75,3.318e-12,+397,399,77,55,476,0.004,0.165,-3.139,hayir,hayir
UGC07577,Im,0.94,3.519e-12,+482,494,102,68,596,0.025,0.192,-3.032,hayir,hayir
UGC07577,Im,1.13,3.456e-12,+538,572,121,78,692,0.058,0.222,-2.950,hayir,hayir
UGC07577,Im,1.32,3.661e-12,+626,675,149,85,824,0.074,0.241,-3.168,hayir,hayir
UGC07577,Im,1.51,3.409e-12,+651,745,159,83,904,0.126,0.280,-3.408,hayir,hayir
UGC07577,Im,1.69,2.946e-12,+632,795,154,70,949,0.205,0.334,-3.987,hayir,hayir
UGC07690,Im,0.59,5.850e-11,-818,170,1065,1047,1235,5.821,1.662,0.890,hayir,hayir
UGC07690,Im,1.18,3.656e-11,-642,1603,1331,1193,2934,1.400,1.219,0.769,hayir,hayir
UGC07690,Im,1.77,2.328e-11,-350,2063,1271,1022,3335,1.170,1.105,0.671,hayir,hayir
UGC07690,Im,2.36,1.718e-11,+225,2432,1251,884,3682,0.907,0.939,0.373,hayir,hayir
UGC07690,Im,2.95,1.282e-11,+522,2708,1167,727,3875,0.807,0.865,0.141,hayir,hayir
UGC07690,Im,3.54,9.875e-12,+764,2923,1079,595,4001,0.739,0.809,-0.142,hayir,hayir
UGC07690,Im,4.13,7.743e-12,+949,3087,987,485,4074,0.693,0.767,-0.478,hayir,hayir
UGC07866,Im,0.33,5.168e-12,+6,103,53,41,155,0.938,0.959,0.422,hayir,hayir
UGC07866,Im,0.66,4.872e-12,+142,419,99,87,518,0.662,0.727,-0.311,hayir,hayir
UGC07866,Im,1.00,5.712e-12,+221,616,176,148,792,0.641,0.721,-0.246,hayir,hayir
UGC07866,Im,1.33,5.640e-12,+397,841,231,153,1073,0.528,0.630,-0.796,hayir,hayir
UGC07866,Im,1.67,5.240e-12,+510,1035,270,146,1305,0.508,0.610,-1.240,hayir,hayir
UGC07866,Im,2.00,5.174e-12,+641,1258,319,133,1578,0.490,0.594,-1.916,hayir,hayir
UGC07866,Im,2.32,4.740e-12,+627,1383,339,134,1722,0.547,0.636,-1.845,hayir,hayir
UGC08837,Im,1.05,4.242e-12,+567,643,137,137,780,0.118,0.273,-1.563,hayir,hayir
UGC08837,Im,1.57,4.511e-12,+735,958,219,213,1176,0.232,0.375,-1.227,hayir,hayir
UGC08837,Im,2.09,6.861e-12,+1164,1511,442,284,1953,0.230,0.404,-1.551,hayir,hayir
UGC08837,Im,2.63,7.559e-12,+1333,1966,613,333,2579,0.322,0.483,-1.504,hayir,hayir
UGC08837,Im,3.15,7.000e-12,+1013,2182,680,387,2862,0.536,0.646,-0.808,hayir,hayir
UGC08837,Im,3.68,6.745e-12,+1155,2561,766,362,3327,0.549,0.653,-1.094,hayir,hayir
UGC08837,Im,4.20,6.634e-12,+1501,2945,860,333,3805,0.490,0.606,-1.753,hayir,hayir
