Galaksi,Sinif,R_kpc,Sigma_yildiz_Msun_pc2,g_bar_ms2,F4_payi,bastirma_s,M_tut_bolu_m_n
NGC7814,Sa–Sab,2.79,242.74,5.933e-10,0.265,0.1741,0.0303
NGC7814,Sa–Sab,3.91,118.73,3.529e-10,0.317,0.5230,0.2735
NGC7814,Sa–Sab,5.03,57.26,2.352e-10,0.360,0.7536,0.5680
NGC7814,Sa–Sab,6.14,30.72,1.662e-10,0.400,0.9751,0.9508
NGC7814,Sa–Sab,7.26,18.18,1.227e-10,0.437,1.1274,1.2710
NGC7814,Sa–Sab,8.37,12.40,9.518e-11,0.467,1.2279,1.5077
NGC7814,Sa–Sab,9.50,7.80,7.559e-11,0.496,1.2645,1.5988
NGC7814,Sa–Sab,10.65,5.06,6.131e-11,0.522,1.2628,1.5946
NGC7814,Sa–Sab,11.74,3.22,5.108e-11,0.545,1.2688,1.6098
NGC7814,Sa–Sab,12.82,2.04,4.301e-11,0.567,1.2916,1.6683
NGC7814,Sa–Sab,14.01,1.24,3.591e-11,0.590,1.3568,1.8410
NGC7814,Sa–Sab,15.09,0.81,3.111e-11,0.608,1.3951,1.9464
NGC7814,Sa–Sab,16.18,0.53,2.731e-11,0.624,1.4221,2.0223
NGC7814,Sa–Sab,17.36,0.33,2.373e-11,0.641,1.4588,2.1281
NGC7814,Sa–Sab,18.44,0.21,2.103e-11,0.655,1.4892,2.2176
NGC7814,Sa–Sab,19.53,0.00,1.874e-11,0.668,1.5187,2.3064
UGC02916,Sa–Sab,0.74,3731.51,1.132e-09,0.251,1.4456,2.0897
UGC02916,Sa–Sab,1.11,2759.74,9.915e-10,0.269,0.6439,0.4146
UGC02916,Sa–Sab,1.48,2091.69,8.984e-10,0.275,0.2245,0.0504
UGC02916,Sa–Sab,5.55,52.47,2.487e-10,0.371,0.0103,0.0001
UGC02916,Sa–Sab,5.92,46.91,2.219e-10,0.384,0.1077,0.0116
UGC02916,Sa–Sab,6.28,43.52,2.003e-10,0.396,0.2076,0.0431
UGC02916,Sa–Sab,6.34,43.18,1.972e-10,0.398,0.2173,0.0472
UGC02916,Sa–Sab,6.65,40.66,1.819e-10,0.407,0.2972,0.0883
UGC02916,Sa–Sab,7.03,37.06,1.659e-10,0.417,0.3803,0.1446
UGC02916,Sa–Sab,7.39,34.56,1.528e-10,0.427,0.4385,0.1923
UGC02916,Sa–Sab,7.77,32.38,1.406e-10,0.437,0.4956,0.2456
UGC02916,Sa–Sab,8.14,30.37,1.305e-10,0.445,0.5440,0.2959
UGC02916,Sa–Sab,8.51,28.50,1.214e-10,0.454,0.5909,0.3491
UGC02916,Sa–Sab,8.88,26.79,1.132e-10,0.462,0.6192,0.3834
UGC02916,Sa–Sab,9.25,25.20,1.062e-10,0.470,0.6414,0.4114
UGC02916,Sa–Sab,9.52,24.10,1.014e-10,0.475,0.6585,0.4337
UGC02916,Sa–Sab,9.62,23.71,9.966e-11,0.477,0.6646,0.4417
UGC02916,Sa–Sab,9.99,22.32,9.379e-11,0.484,0.6695,0.4482
UGC02916,Sa–Sab,10.40,20.87,8.790e-11,0.492,0.6910,0.4775
UGC02916,Sa–Sab,10.71,19.84,8.401e-11,0.497,0.6879,0.4732
UGC02916,Sa–Sab,11.12,18.56,7.919e-11,0.504,0.6894,0.4753
UGC02916,Sa–Sab,12.67,14.42,6.489e-11,0.528,0.6903,0.4765
UGC02916,Sa–Sab,12.98,13.71,6.262e-11,0.532,0.6821,0.4652
UGC02916,Sa–Sab,15.86,8.59,4.717e-11,0.566,0.6844,0.4684
UGC02916,Sa–Sab,19.05,5.11,3.755e-11,0.594,0.7484,0.5602
UGC02916,Sa–Sab,22.14,3.10,3.138e-11,0.616,0.7203,0.5188
UGC02916,Sa–Sab,25.34,1.84,2.581e-11,0.640,0.6676,0.4456
UGC02916,Sa–Sab,28.53,1.09,2.100e-11,0.664,0.5460,0.2981
UGC02916,Sa–Sab,31.72,0.65,1.702e-11,0.687,0.4797,0.2301
UGC02916,Sa–Sab,34.91,0.39,1.428e-11,0.706,0.4795,0.2299
UGC02916,Sa–Sab,38.00,0.00,1.219e-11,0.722,0.4965,0.2465
UGC02953,Sa–Sab,0.17,17705.23,3.230e-09,0.187,9.3753,87.8970
UGC02953,Sa–Sab,0.26,12324.03,3.701e-09,0.169,3.9248,15.4042
UGC02953,Sa–Sab,0.34,9275.68,3.464e-09,0.170,2.2867,5.2288
UGC02953,Sa–Sab,0.43,7278.61,3.071e-09,0.177,1.4958,2.2374
UGC02953,Sa–Sab,0.51,6136.04,2.766e-09,0.183,1.0569,1.1169
UGC02953,Sa–Sab,0.60,5154.46,2.495e-09,0.189,0.7094,0.5032
UGC02953,Sa–Sab,0.69,4409.75,2.267e-09,0.194,0.4760,0.2265
UGC02953,Sa–Sab,0.77,3876.37,2.098e-09,0.199,0.3575,0.1278
UGC02953,Sa–Sab,0.86,3407.54,1.930e-09,0.204,0.2332,0.0544
UGC02953,Sa–Sab,0.95,3059.17,1.787e-09,0.209,0.1699,0.0289
UGC02953,Sa–Sab,1.03,2789.90,1.689e-09,0.212,0.1077,0.0116
UGC02953,Sa–Sab,1.11,2541.05,1.595e-09,0.216,0.0386,0.0015
UGC02953,Sa–Sab,1.98,1011.15,9.733e-10,0.246,0.0037,0.0000
UGC02953,Sa–Sab,2.07,952.03,9.288e-10,0.250,0.0602,0.0036
UGC02953,Sa–Sab,2.15,907.89,8.922e-10,0.253,0.0909,0.0083
UGC02953,Sa–Sab,2.23,868.77,8.581e-10,0.256,0.1210,0.0146
UGC02953,Sa–Sab,2.32,831.44,8.227e-10,0.259,0.1506,0.0227
UGC02953,Sa–Sab,2.40,803.15,7.937e-10,0.262,0.2021,0.0408
UGC02953,Sa–Sab,2.49,776.83,7.638e-10,0.265,0.2274,0.0517
UGC02953,Sa–Sab,2.58,755.58,7.369e-10,0.268,0.2488,0.0619
UGC02953,Sa–Sab,2.67,735.98,7.129e-10,0.271,0.2653,0.0704
UGC02953,Sa–Sab,2.75,719.98,6.938e-10,0.273,0.3021,0.0913
UGC02953,Sa–Sab,2.83,705.46,6.765e-10,0.274,0.3123,0.0976
UGC02953,Sa–Sab,2.92,686.76,6.592e-10,0.276,0.3401,0.1157
UGC02953,Sa–Sab,3.00,667.49,6.448e-10,0.277,0.3459,0.1196
UGC02953,Sa–Sab,3.09,644.03,6.296e-10,0.278,0.3718,0.1382
UGC02953,Sa–Sab,3.18,619.86,6.149e-10,0.280,0.3768,0.1420
UGC02953,Sa–Sab,3.27,597.23,6.006e-10,0.281,0.3835,0.1471
UGC02953,Sa–Sab,3.35,576.98,5.882e-10,0.283,0.4157,0.1728
UGC02953,Sa–Sab,3.43,556.54,5.760e-10,0.284,0.4272,0.1825
UGC02953,Sa–Sab,4.21,419.83,4.720e-10,0.300,0.6495,0.4219
UGC02953,Sa–Sab,4.29,408.90,4.633e-10,0.302,0.6869,0.4719
UGC02953,Sa–Sab,4.38,397.09,4.536e-10,0.303,0.7035,0.4950
UGC02953,Sa–Sab,4.47,385.77,4.443e-10,0.305,0.7408,0.5488
UGC02953,Sa–Sab,4.80,349.35,4.130e-10,0.312,0.8287,0.6868
UGC02953,Sa–Sab,5.25,309.14,3.783e-10,0.319,0.9193,0.8451
UGC02953,Sa–Sab,5.32,302.75,3.735e-10,0.319,0.9549,0.9118
UGC02953,Sa–Sab,5.41,294.57,3.674e-10,0.321,0.9690,0.9390
UGC02953,Sa–Sab,5.50,286.44,3.613e-10,0.322,0.9841,0.9685
UGC02953,Sa–Sab,5.58,279.30,3.558e-10,0.324,1.0013,1.0026
UGC02953,Sa–Sab,5.67,271.83,3.492e-10,0.325,1.0211,1.0426
UGC02953,Sa–Sab,5.76,264.59,3.433e-10,0.327,1.0382,1.0779
UGC02953,Sa–Sab,6.00,246.35,3.284e-10,0.331,1.0912,1.1908
UGC02953,Sa–Sab,6.18,234.16,3.177e-10,0.334,1.1069,1.2252
UGC02953,Sa–Sab,6.27,229.24,3.126e-10,0.336,1.1246,1.2648
UGC02953,Sa–Sab,6.36,224.81,3.078e-10,0.337,1.1418,1.3036
UGC02953,Sa–Sab,6.45,220.85,3.032e-10,0.338,1.1582,1.3415
UGC02953,Sa–Sab,6.53,217.74,2.993e-10,0.340,1.1545,1.3329
UGC02953,Sa–Sab,6.61,215.00,2.956e-10,0.341,1.1698,1.3685
UGC02953,Sa–Sab,6.70,212.38,2.918e-10,0.342,1.1831,1.3998
UGC02953,Sa–Sab,6.79,208.74,2.883e-10,0.342,1.1750,1.3806
UGC02953,Sa–Sab,6.87,204.09,2.847e-10,0.343,1.1915,1.4196
UGC02953,Sa–Sab,6.96,198.56,2.813e-10,0.344,1.1839,1.4017
UGC02953,Sa–Sab,7.05,192.69,2.779e-10,0.345,1.1969,1.4325
UGC02953,Sa–Sab,7.20,182.19,2.721e-10,0.347,1.2083,1.4600
UGC02953,Sa–Sab,7.39,167.55,2.641e-10,0.350,1.2243,1.4990
UGC02953,Sa–Sab,7.47,162.66,2.605e-10,0.351,1.2260,1.5031
UGC02953,Sa–Sab,7.99,144.38,2.379e-10,0.361,1.2802,1.6389
UGC02953,Sa–Sab,8.08,142.62,2.346e-10,0.363,1.2811,1.6413
UGC02953,Sa–Sab,8.16,141.40,2.316e-10,0.364,1.2824,1.6447
UGC02953,Sa–Sab,8.25,138.44,2.287e-10,0.365,1.2996,1.6888
UGC02953,Sa–Sab,8.34,135.47,2.259e-10,0.366,1.2977,1.6841
UGC02953,Sa–Sab,8.40,133.47,2.241e-10,0.367,1.2967,1.6815
UGC02953,Sa–Sab,9.59,97.62,1.892e-10,0.385,1.3073,1.7091
UGC02953,Sa–Sab,10.80,77.69,1.606e-10,0.403,1.2980,1.6849
UGC02953,Sa–Sab,12.02,59.44,1.416e-10,0.415,1.2048,1.4515
UGC02953,Sa–Sab,13.22,41.20,1.251e-10,0.427,1.1520,1.3270
UGC02953,Sa–Sab,14.42,25.18,1.084e-10,0.445,1.1275,1.2713
UGC02953,Sa–Sab,15.63,15.40,9.159e-11,0.469,1.1437,1.3081
UGC02953,Sa–Sab,16.83,11.26,7.775e-11,0.493,1.2026,1.4461
UGC02953,Sa–Sab,18.03,9.36,6.807e-11,0.511,1.2277,1.5072
UGC02953,Sa–Sab,19.23,6.46,6.011e-11,0.528,1.2744,1.6241
UGC02953,Sa–Sab,20.43,4.62,5.327e-11,0.544,1.3180,1.7371
UGC02953,Sa–Sab,21.64,3.29,4.746e-11,0.560,1.3276,1.7625
UGC02953,Sa–Sab,22.84,2.33,4.250e-11,0.575,1.3358,1.7844
UGC02953,Sa–Sab,24.04,1.66,3.812e-11,0.590,1.3318,1.7737
UGC02953,Sa–Sab,25.24,1.19,3.423e-11,0.604,1.3162,1.7324
UGC02953,Sa–Sab,26.44,0.84,3.089e-11,0.617,1.2974,1.6834
UGC02953,Sa–Sab,27.65,0.60,2.806e-11,0.629,1.2865,1.6552
UGC02953,Sa–Sab,28.85,0.43,2.562e-11,0.640,1.2726,1.6196
UGC02953,Sa–Sab,30.05,0.30,2.350e-11,0.651,1.2698,1.6125
UGC02953,Sa–Sab,31.25,0.21,2.169e-11,0.661,1.2751,1.6260
UGC02953,Sa–Sab,32.34,0.16,2.026e-11,0.669,1.2622,1.5931
UGC02953,Sa–Sab,33.55,0.12,1.885e-11,0.678,1.2624,1.5936
UGC02953,Sa–Sab,34.75,0.08,1.756e-11,0.686,1.2637,1.5969
UGC02953,Sa–Sab,35.95,0.06,1.637e-11,0.694,1.2661,1.6031
UGC02953,Sa–Sab,37.15,0.04,1.529e-11,0.701,1.2680,1.6077
UGC02953,Sa–Sab,38.35,0.03,1.433e-11,0.708,1.2808,1.6403
UGC02953,Sa–Sab,39.56,0.02,1.347e-11,0.715,1.2914,1.6676
UGC02953,Sa–Sab,40.76,0.01,1.272e-11,0.721,1.2986,1.6864
UGC02953,Sa–Sab,41.96,0.01,1.203e-11,0.727,1.3058,1.7052
UGC02953,Sa–Sab,43.16,0.01,1.138e-11,0.733,1.3147,1.7285
UGC02953,Sa–Sab,44.36,0.01,1.076e-11,0.738,1.2986,1.6864
UGC02953,Sa–Sab,45.57,0.01,1.022e-11,0.743,1.2798,1.6379
UGC02953,Sa–Sab,46.77,0.01,9.729e-12,0.748,1.2601,1.5878
UGC02953,Sa–Sab,47.97,0.00,9.257e-12,0.753,1.2544,1.5736
UGC02953,Sa–Sab,49.17,0.00,8.811e-12,0.757,1.2741,1.6232
UGC02953,Sa–Sab,50.37,0.00,8.404e-12,0.762,1.3047,1.7023
UGC02953,Sa–Sab,51.58,0.00,8.027e-12,0.766,1.3476,1.8161
UGC02953,Sa–Sab,52.78,0.00,7.657e-12,0.770,1.3802,1.9050
UGC02953,Sa–Sab,53.98,0.00,7.305e-12,0.775,1.4011,1.9631
UGC02953,Sa–Sab,55.18,0.00,6.983e-12,0.779,1.4080,1.9824
UGC02953,Sa–Sab,57.59,0.00,6.412e-12,0.786,1.3682,1.8719
UGC02953,Sa–Sab,59.99,0.00,5.878e-12,0.793,1.3959,1.9484
UGC02953,Sa–Sab,62.39,0.00,5.422e-12,0.800,1.5228,2.3190
UGC03205,Sa–Sab,1.39,874.04,5.198e-10,0.325,0.2199,0.0484
UGC03205,Sa–Sab,1.65,692.41,4.624e-10,0.332,0.3996,0.1596
UGC03205,Sa–Sab,3.04,242.21,2.529e-10,0.399,1.2124,1.4698
UGC03205,Sa–Sab,3.32,234.19,2.280e-10,0.411,1.3537,1.8324
UGC03205,Sa–Sab,3.59,228.85,2.104e-10,0.418,1.4465,2.0923
UGC03205,Sa–Sab,3.87,225.83,1.973e-10,0.423,1.4906,2.2220
UGC03205,Sa–Sab,4.15,222.76,1.901e-10,0.422,1.5037,2.2612
UGC03205,Sa–Sab,4.43,208.79,1.846e-10,0.420,1.4857,2.2074
UGC03205,Sa–Sab,4.70,193.84,1.790e-10,0.420,1.4822,2.1969
UGC03205,Sa–Sab,4.97,178.79,1.726e-10,0.421,1.4682,2.1556
UGC03205,Sa–Sab,5.25,169.73,1.661e-10,0.423,1.4345,2.0579
UGC03205,Sa–Sab,5.52,162.23,1.619e-10,0.423,1.3936,1.9422
UGC03205,Sa–Sab,5.80,151.90,1.583e-10,0.421,1.3497,1.8216
UGC03205,Sa–Sab,6.08,140.54,1.546e-10,0.421,1.2901,1.6643
UGC03205,Sa–Sab,6.36,128.06,1.510e-10,0.420,1.2365,1.5289
UGC03205,Sa–Sab,6.63,115.93,1.466e-10,0.421,1.1781,1.3880
UGC03205,Sa–Sab,6.91,104.76,1.417e-10,0.423,1.1500,1.3224
UGC03205,Sa–Sab,7.19,94.31,1.365e-10,0.426,1.1095,1.2310
UGC03205,Sa–Sab,7.27,91.66,1.349e-10,0.427,1.0852,1.1778
UGC03205,Sa–Sab,7.46,85.78,1.312e-10,0.430,1.0785,1.1631
UGC03205,Sa–Sab,8.02,71.28,1.211e-10,0.438,1.0037,1.0073
UGC03205,Sa–Sab,8.29,64.84,1.164e-10,0.442,0.9618,0.9251
UGC03205,Sa–Sab,8.56,58.92,1.120e-10,0.446,0.9419,0.8872
UGC03205,Sa–Sab,8.84,53.28,1.073e-10,0.450,0.9079,0.8244
UGC03205,Sa–Sab,9.12,48.12,1.030e-10,0.455,0.8754,0.7664
UGC03205,Sa–Sab,9.69,39.05,9.444e-11,0.466,0.8375,0.7014
UGC03205,Sa–Sab,12.11,16.73,6.522e-11,0.516,0.8582,0.7365
UGC03205,Sa–Sab,14.58,8.10,4.674e-11,0.562,1.0142,1.0286
UGC03205,Sa–Sab,14.68,7.92,4.615e-11,0.564,1.0174,1.0351
UGC03205,Sa–Sab,15.20,7.25,4.332e-11,0.573,1.0479,1.0980
UGC03205,Sa–Sab,15.50,6.92,4.190e-11,0.577,1.0540,1.1109
UGC03205,Sa–Sab,15.71,6.62,4.100e-11,0.580,1.0563,1.1158
UGC03205,Sa–Sab,16.02,6.21,3.969e-11,0.584,1.0614,1.1266
UGC03205,Sa–Sab,16.32,5.83,3.847e-11,0.588,1.0662,1.1367
UGC03205,Sa–Sab,16.53,5.59,3.771e-11,0.590,1.0677,1.1399
UGC03205,Sa–Sab,16.84,5.25,3.660e-11,0.594,1.0711,1.1473
UGC03205,Sa–Sab,16.94,5.13,3.628e-11,0.595,1.0712,1.1475
UGC03205,Sa–Sab,19.40,2.42,2.906e-11,0.624,1.0441,1.0901
UGC03205,Sa–Sab,21.77,1.25,2.408e-11,0.648,1.0255,1.0516
UGC03205,Sa–Sab,24.23,0.43,1.983e-11,0.672,1.0336,1.0683
UGC03205,Sa–Sab,26.69,0.20,1.652e-11,0.694,1.0168,1.0339
UGC03205,Sa–Sab,29.06,0.10,1.388e-11,0.713,0.9959,0.9919
UGC03205,Sa–Sab,31.52,0.04,1.169e-11,0.731,1.0444,1.0908
UGC03205,Sa–Sab,36.34,0.01,8.604e-12,0.761,1.2586,1.5840
UGC03205,Sa–Sab,40.04,0.00,6.887e-12,0.782,1.3103,1.7168
UGC03546,Sa–Sab,5.56,64.42,1.966e-10,0.333,0.1407,0.0198
UGC03546,Sa–Sab,6.96,47.31,1.364e-10,0.379,0.3803,0.1446
UGC03546,Sa–Sab,8.35,36.63,1.027e-10,0.415,0.6778,0.4595
UGC03546,Sa–Sab,9.73,24.87,8.336e-11,0.438,0.8490,0.7208
UGC03546,Sa–Sab,11.14,14.24,6.626e-11,0.470,0.9321,0.8688
UGC03546,Sa–Sab,12.51,11.10,5.440e-11,0.498,0.9319,0.8685
UGC03546,Sa–Sab,13.88,8.31,4.627e-11,0.520,0.9979,0.9959
UGC03546,Sa–Sab,15.35,5.21,3.960e-11,0.540,1.0026,1.0053
UGC03546,Sa–Sab,16.72,2.81,3.397e-11,0.561,0.9688,0.9385
UGC03546,Sa–Sab,18.08,1.36,2.907e-11,0.582,0.9652,0.9316
UGC03546,Sa–Sab,19.45,0.57,2.490e-11,0.603,0.9997,0.9994
UGC03546,Sa–Sab,20.92,0.00,2.121e-11,0.624,1.0189,1.0382
UGC03546,Sa–Sab,22.92,0.00,1.725e-11,0.651,1.0524,1.1075
UGC03546,Sa–Sab,25.02,0.00,1.424e-11,0.673,1.1258,1.2675
UGC03546,Sa–Sab,29.23,0.00,1.022e-11,0.710,1.2436,1.5464
UGC03580,Sa–Sab,2.75,48.03,9.461e-11,0.481,0.0437,0.0019
UGC03580,Sa–Sab,2.86,43.33,8.993e-11,0.487,0.0897,0.0081
UGC03580,Sa–Sab,2.98,38.85,8.514e-11,0.493,0.1350,0.0182
UGC03580,Sa–Sab,3.09,35.22,8.097e-11,0.499,0.1749,0.0306
UGC03580,Sa–Sab,3.20,32.09,7.708e-11,0.504,0.2097,0.0440
UGC03580,Sa–Sab,4.52,14.46,4.598e-11,0.569,0.3626,0.1315
UGC03580,Sa–Sab,4.69,13.26,4.345e-11,0.576,0.3630,0.1318
UGC03580,Sa–Sab,6.03,7.08,2.939e-11,0.624,0.4309,0.1857
UGC03580,Sa–Sab,7.53,4.09,2.126e-11,0.660,0.6352,0.4035
UGC03580,Sa–Sab,8.58,2.71,1.751e-11,0.682,0.7499,0.5624
UGC03580,Sa–Sab,8.70,2.59,1.717e-11,0.684,0.7498,0.5622
UGC03580,Sa–Sab,8.82,2.48,1.685e-11,0.686,0.7489,0.5608
UGC03580,Sa–Sab,9.03,2.29,1.630e-11,0.690,0.7692,0.5917
UGC03580,Sa–Sab,9.05,2.27,1.624e-11,0.690,0.7696,0.5922
UGC03580,Sa–Sab,10.53,1.33,1.324e-11,0.713,0.7716,0.5954
UGC03580,Sa–Sab,12.07,0.75,1.108e-11,0.731,0.7493,0.5615
UGC03580,Sa–Sab,13.58,0.34,9.403e-12,0.748,0.7728,0.5972
UGC03580,Sa–Sab,15.09,0.18,8.061e-12,0.764,0.8382,0.7027
UGC03580,Sa–Sab,16.60,0.10,6.989e-12,0.777,0.9054,0.8197
UGC03580,Sa–Sab,18.11,0.06,6.137e-12,0.789,0.9519,0.9062
UGC03580,Sa–Sab,19.62,0.03,5.425e-12,0.799,1.0011,1.0022
UGC03580,Sa–Sab,21.02,0.01,4.839e-12,0.809,1.0570,1.1173
UGC03580,Sa–Sab,24.04,0.01,3.670e-12,0.830,1.0120,1.0242
UGC03580,Sa–Sab,27.06,0.00,2.875e-12,0.846,0.9815,0.9633
UGC05253,Sa–Sab,0.25,14593.89,4.438e-09,0.143,3.5078,12.3045
UGC05253,Sa–Sab,0.38,9056.97,3.873e-09,0.154,1.1312,1.2795
UGC05253,Sa–Sab,0.51,6421.64,3.251e-09,0.164,0.4046,0.1637
UGC05253,Sa–Sab,0.63,4898.34,2.782e-09,0.174,0.1413,0.0200
UGC05253,Sa–Sab,0.76,3870.70,2.356e-09,0.185,0.0727,0.0053
UGC05253,Sa–Sab,0.89,3160.24,2.033e-09,0.196,0.0604,0.0036
UGC05253,Sa–Sab,1.01,2680.70,1.815e-09,0.204,0.0393,0.0015
UGC05253,Sa–Sab,1.14,2250.84,1.613e-09,0.213,0.0550,0.0030
UGC05253,Sa–Sab,1.27,1967.15,1.435e-09,0.223,0.0836,0.0070
UGC05253,Sa–Sab,1.39,1756.58,1.316e-09,0.229,0.0967,0.0093
UGC05253,Sa–Sab,1.52,1520.34,1.203e-09,0.236,0.1236,0.0153
UGC05253,Sa–Sab,1.65,1360.67,1.100e-09,0.244,0.1420,0.0202
UGC05253,Sa–Sab,1.77,1247.49,1.018e-09,0.251,0.1870,0.0350
UGC05253,Sa–Sab,1.90,1147.13,9.408e-10,0.258,0.2287,0.0523
UGC05253,Sa–Sab,2.03,1062.94,8.753e-10,0.264,0.2393,0.0573
UGC05253,Sa–Sab,2.16,995.61,8.191e-10,0.270,0.2446,0.0598
UGC05253,Sa–Sab,2.28,936.31,7.755e-10,0.275,0.2646,0.0700
UGC05253,Sa–Sab,2.41,871.07,7.350e-10,0.279,0.2537,0.0644
UGC05253,Sa–Sab,2.54,802.75,7.006e-10,0.282,0.2596,0.0674
UGC05253,Sa–Sab,2.66,740.88,6.717e-10,0.285,0.2444,0.0597
UGC05253,Sa–Sab,2.79,675.42,6.436e-10,0.288,0.2276,0.0518
UGC05253,Sa–Sab,2.92,614.91,6.172e-10,0.291,0.2366,0.0560
UGC05253,Sa–Sab,3.04,562.12,5.944e-10,0.293,0.2270,0.0515
UGC05253,Sa–Sab,3.17,508.48,5.706e-10,0.296,0.2210,0.0489
UGC05253,Sa–Sab,3.30,462.74,5.479e-10,0.299,0.2190,0.0480
UGC05253,Sa–Sab,3.42,427.23,5.277e-10,0.302,0.2208,0.0487
UGC05253,Sa–Sab,3.55,393.44,5.067e-10,0.305,0.2460,0.0605
UGC05253,Sa–Sab,3.68,356.94,4.882e-10,0.308,0.2465,0.0607
UGC05253,Sa–Sab,3.80,323.76,4.714e-10,0.310,0.2505,0.0628
UGC05253,Sa–Sab,3.93,293.50,4.536e-10,0.313,0.2592,0.0672
UGC05253,Sa–Sab,4.06,266.05,4.366e-10,0.316,0.2691,0.0724
UGC05253,Sa–Sab,4.18,244.07,4.213e-10,0.319,0.2814,0.0792
UGC05253,Sa–Sab,4.31,223.99,4.053e-10,0.323,0.2962,0.0877
UGC05253,Sa–Sab,4.44,205.50,3.902e-10,0.326,0.3114,0.0969
UGC05253,Sa–Sab,4.56,190.29,3.767e-10,0.329,0.3267,0.1067
UGC05253,Sa–Sab,4.69,176.48,3.628e-10,0.333,0.3444,0.1186
UGC05253,Sa–Sab,4.82,164.52,3.496e-10,0.336,0.3616,0.1308
UGC05253,Sa–Sab,4.94,153.52,3.379e-10,0.339,0.3783,0.1431
UGC05253,Sa–Sab,4.99,149.54,3.332e-10,0.341,0.3853,0.1484
UGC05253,Sa–Sab,5.07,143.78,3.258e-10,0.343,0.3966,0.1573
UGC05253,Sa–Sab,5.20,135.70,3.142e-10,0.346,0.4154,0.1726
UGC05253,Sa–Sab,5.45,122.13,2.936e-10,0.353,0.4319,0.1865
UGC05253,Sa–Sab,5.58,115.64,2.834e-10,0.357,0.4513,0.2037
UGC05253,Sa–Sab,5.70,109.91,2.745e-10,0.360,0.4688,0.2197
UGC05253,Sa–Sab,5.83,104.06,2.649e-10,0.364,0.4896,0.2397
UGC05253,Sa–Sab,6.47,91.11,2.257e-10,0.382,0.5735,0.3289
UGC05253,Sa–Sab,6.59,89.24,2.196e-10,0.385,0.5681,0.3227
UGC05253,Sa–Sab,6.66,88.23,2.163e-10,0.386,0.5745,0.3300
UGC05253,Sa–Sab,6.72,87.39,2.134e-10,0.388,0.5806,0.3371
UGC05253,Sa–Sab,6.85,85.70,2.076e-10,0.390,0.5914,0.3497
UGC05253,Sa–Sab,6.97,84.25,2.026e-10,0.393,0.6002,0.3603
UGC05253,Sa–Sab,7.10,82.51,1.975e-10,0.396,0.6091,0.3710
UGC05253,Sa–Sab,7.23,80.46,1.927e-10,0.398,0.6168,0.3804
UGC05253,Sa–Sab,8.32,60.71,1.590e-10,0.417,0.6737,0.4539
UGC05253,Sa–Sab,10.00,39.56,1.205e-10,0.449,0.7541,0.5686
UGC05253,Sa–Sab,11.61,23.32,9.625e-11,0.474,0.8219,0.6756
UGC05253,Sa–Sab,13.35,14.23,7.447e-11,0.508,0.9419,0.8871
UGC05253,Sa–Sab,14.98,10.71,5.985e-11,0.537,1.0076,1.0152
UGC05253,Sa–Sab,16.61,8.92,4.945e-11,0.562,1.0657,1.1358
UGC05253,Sa–Sab,18.34,8.14,4.172e-11,0.583,1.1033,1.2174
UGC05253,Sa–Sab,19.97,6.44,3.650e-11,0.598,1.1217,1.2581
UGC05253,Sa–Sab,21.60,5.26,3.206e-11,0.614,1.1394,1.2981
UGC05253,Sa–Sab,23.33,4.33,2.835e-11,0.628,1.1374,1.2936
UGC05253,Sa–Sab,26.70,2.69,2.273e-11,0.653,1.1455,1.3122
UGC05253,Sa–Sab,29.95,1.61,1.850e-11,0.676,1.1207,1.2560
UGC05253,Sa–Sab,33.32,1.01,1.510e-11,0.699,1.0502,1.1030
UGC05253,Sa–Sab,36.68,0.61,1.259e-11,0.719,0.9266,0.8585
UGC05253,Sa–Sab,39.94,0.41,1.065e-11,0.736,0.8457,0.7152
UGC05253,Sa–Sab,43.30,0.39,9.139e-12,0.751,0.8651,0.7484
UGC05253,Sa–Sab,46.67,0.27,8.097e-12,0.762,0.8905,0.7930
UGC05253,Sa–Sab,49.92,0.16,7.313e-12,0.771,0.8981,0.8067
UGC05253,Sa–Sab,53.29,0.00,6.464e-12,0.783,0.9604,0.9223
UGC06614,Sa–Sab,9.18,28.56,8.862e-11,0.456,0.2129,0.0453
UGC06614,Sa–Sab,10.64,27.31,6.968e-11,0.487,0.2770,0.0767
UGC06614,Sa–Sab,11.58,26.14,6.167e-11,0.502,0.3090,0.0955
UGC06614,Sa–Sab,12.52,26.28,5.597e-11,0.512,0.3358,0.1127
UGC06614,Sa–Sab,13.57,23.74,5.221e-11,0.515,0.3324,0.1105
UGC06614,Sa–Sab,15.76,13.65,4.357e-11,0.533,0.3761,0.1415
UGC06614,Sa–Sab,24.94,1.71,1.904e-11,0.646,0.8463,0.7162
UGC06614,Sa–Sab,26.30,1.39,1.719e-11,0.659,0.8798,0.7741
UGC06614,Sa–Sab,34.96,0.00,1.040e-11,0.718,1.0207,1.0418
UGC06614,Sa–Sab,36.84,0.00,9.502e-12,0.729,1.0314,1.0638
UGC06614,Sa–Sab,47.38,0.00,6.861e-12,0.767,0.9708,0.9425
UGC06614,Sa–Sab,64.59,0.00,4.448e-12,0.806,0.8866,0.7861
UGC06787,Sa–Sab,0.47,7874.22,5.006e-09,0.130,0.1276,0.0163
UGC06787,Sa–Sab,0.59,5605.29,4.057e-09,0.142,0.1895,0.0359
UGC06787,Sa–Sab,3.10,160.31,5.426e-10,0.288,0.0041,0.0000
UGC06787,Sa–Sab,3.79,104.10,3.871e-10,0.323,0.4838,0.2341
UGC06787,Sa–Sab,3.90,99.51,3.683e-10,0.328,0.5259,0.2766
UGC06787,Sa–Sab,4.14,91.36,3.329e-10,0.339,0.6262,0.3922
UGC06787,Sa–Sab,4.25,88.39,3.183e-10,0.344,0.6599,0.4355
UGC06787,Sa–Sab,4.37,85.62,3.037e-10,0.349,0.6941,0.4818
UGC06787,Sa–Sab,4.49,83.22,2.902e-10,0.354,0.7256,0.5265
UGC06787,Sa–Sab,4.61,80.92,2.777e-10,0.359,0.7551,0.5702
UGC06787,Sa–Sab,4.72,79.02,2.670e-10,0.363,0.7587,0.5756
UGC06787,Sa–Sab,5.16,72.05,2.316e-10,0.378,0.8187,0.6703
UGC06787,Sa–Sab,5.43,67.55,2.140e-10,0.386,0.8366,0.6999
UGC06787,Sa–Sab,5.56,64.94,2.065e-10,0.390,0.8326,0.6932
UGC06787,Sa–Sab,5.67,62.57,2.004e-10,0.393,0.8463,0.7162
UGC06787,Sa–Sab,5.79,59.83,1.940e-10,0.397,0.8610,0.7413
UGC06787,Sa–Sab,5.91,56.94,1.876e-10,0.401,0.8580,0.7362
UGC06787,Sa–Sab,6.03,54.51,1.816e-10,0.404,0.8733,0.7627
UGC06787,Sa–Sab,6.20,51.66,1.738e-10,0.409,0.8932,0.7979
UGC06787,Sa–Sab,6.50,47.52,1.612e-10,0.418,0.9465,0.8959
UGC06787,Sa–Sab,6.85,43.52,1.486e-10,0.427,1.0187,1.0377
UGC06787,Sa–Sab,6.98,42.27,1.444e-10,0.430,1.0492,1.1009
UGC06787,Sa–Sab,7.09,41.33,1.410e-10,0.432,1.0570,1.1171
UGC06787,Sa–Sab,7.21,40.33,1.376e-10,0.435,1.0846,1.1764
UGC06787,Sa–Sab,7.22,40.19,1.373e-10,0.435,1.1052,1.2214
UGC06787,Sa–Sab,7.33,38.62,1.344e-10,0.437,1.1114,1.2353
UGC06787,Sa–Sab,7.45,36.77,1.312e-10,0.440,1.1383,1.2957
UGC06787,Sa–Sab,7.56,34.95,1.284e-10,0.442,1.1651,1.3575
UGC06787,Sa–Sab,8.26,24.18,1.109e-10,0.460,1.3621,1.8554
UGC06787,Sa–Sab,8.98,18.84,9.560e-11,0.478,1.5239,2.3222
UGC06787,Sa–Sab,9.09,18.11,9.352e-11,0.481,1.5530,2.4119
UGC06787,Sa–Sab,9.30,16.80,8.973e-11,0.486,1.5896,2.5267
UGC06787,Sa–Sab,10.32,13.22,7.382e-11,0.512,1.6416,2.6948
UGC06787,Sa–Sab,11.38,11.01,6.199e-11,0.534,1.5747,2.4796
UGC06787,Sa–Sab,12.40,9.21,5.307e-11,0.553,1.4463,2.0917
UGC06787,Sa–Sab,13.41,7.82,4.625e-11,0.569,1.3163,1.7325
UGC06787,Sa–Sab,14.43,6.23,4.056e-11,0.585,1.2439,1.5474
UGC06787,Sa–Sab,15.44,5.12,3.586e-11,0.600,1.2230,1.4956
UGC06787,Sa–Sab,16.57,4.17,3.155e-11,0.615,1.2519,1.5673
UGC06787,Sa–Sab,17.58,3.46,2.837e-11,0.627,1.3422,1.8014
UGC06787,Sa–Sab,18.60,2.73,2.560e-11,0.639,1.4314,2.0490
UGC06787,Sa–Sab,19.61,2.24,2.318e-11,0.651,1.5549,2.4177
UGC06787,Sa–Sab,20.62,1.96,2.120e-11,0.662,1.6539,2.7355
UGC06787,Sa–Sab,21.64,1.69,1.958e-11,0.671,1.7264,2.9806
UGC06787,Sa–Sab,22.77,1.45,1.809e-11,0.679,1.7559,3.0831
UGC06787,Sa–Sab,23.78,1.18,1.695e-11,0.687,1.7825,3.1775
UGC06787,Sa–Sab,24.79,0.91,1.586e-11,0.694,1.8130,3.2868
UGC06787,Sa–Sab,25.81,0.73,1.478e-11,0.702,1.8315,3.3545
UGC06787,Sa–Sab,26.82,0.63,1.378e-11,0.709,1.8539,3.4368
UGC06787,Sa–Sab,27.84,0.54,1.286e-11,0.717,1.8604,3.4609
UGC06787,Sa–Sab,29.41,0.34,1.157e-11,0.727,1.8215,3.3178
UGC06787,Sa–Sab,30.99,0.20,1.038e-11,0.739,1.8031,3.2512
UGC06787,Sa–Sab,32.57,0.20,9.368e-12,0.749,1.8722,3.5053
UGC06787,Sa–Sab,34.03,0.17,8.593e-12,0.757,1.9386,3.7581
UGC06787,Sa–Sab,37.19,0.00,7.115e-12,0.775,2.0266,4.1072
UGC08699,Sa–Sab,1.31,413.68,9.540e-10,0.228,0.0911,0.0083
UGC08699,Sa–Sab,1.52,293.64,7.581e-10,0.248,0.4472,0.2000
UGC08699,Sa–Sab,1.73,248.10,6.179e-10,0.267,0.6506,0.4233
UGC08699,Sa–Sab,1.96,216.69,5.105e-10,0.285,0.8059,0.6494
UGC08699,Sa–Sab,2.17,187.29,4.397e-10,0.299,0.8391,0.7041
UGC08699,Sa–Sab,2.39,152.51,3.811e-10,0.313,0.8035,0.6456
UGC08699,Sa–Sab,2.60,121.73,3.358e-10,0.326,0.7905,0.6248
UGC08699,Sa–Sab,2.83,95.31,2.924e-10,0.341,0.7696,0.5922
UGC08699,Sa–Sab,3.04,77.75,2.584e-10,0.356,0.7183,0.5160
UGC08699,Sa–Sab,5.87,42.83,8.597e-11,0.498,0.8628,0.7445
UGC08699,Sa–Sab,6.08,41.66,8.234e-11,0.502,0.9069,0.8224
UGC08699,Sa–Sab,6.30,40.30,7.892e-11,0.506,0.9488,0.9002
UGC08699,Sa–Sab,6.52,38.80,7.586e-11,0.510,0.9891,0.9783
UGC08699,Sa–Sab,6.74,37.17,7.301e-11,0.514,1.0289,1.0587
UGC08699,Sa–Sab,6.95,35.87,7.050e-11,0.517,1.0683,1.1412
UGC08699,Sa–Sab,7.16,34.89,6.829e-11,0.520,1.1052,1.2215
UGC08699,Sa–Sab,7.39,34.04,6.617e-11,0.522,1.1170,1.2477
UGC08699,Sa–Sab,7.60,33.12,6.463e-11,0.523,1.1253,1.2662
UGC08699,Sa–Sab,7.82,31.68,6.319e-11,0.524,1.1318,1.2809
UGC08699,Sa–Sab,8.03,30.14,6.197e-11,0.524,1.1379,1.2948
UGC08699,Sa–Sab,8.26,28.23,6.072e-11,0.524,1.1426,1.3054
UGC08699,Sa–Sab,8.47,26.02,5.962e-11,0.525,1.1274,1.2709
UGC08699,Sa–Sab,8.68,23.51,5.842e-11,0.525,1.1369,1.2926
UGC08699,Sa–Sab,8.91,20.42,5.696e-11,0.527,1.1277,1.2717
UGC08699,Sa–Sab,9.53,13.39,5.193e-11,0.538,1.1091,1.2302
UGC08699,Sa–Sab,9.78,11.16,4.980e-11,0.543,1.1159,1.2453
UGC08699,Sa–Sab,9.99,9.47,4.799e-11,0.548,1.1030,1.2166
UGC08699,Sa–Sab,10.21,8.07,4.606e-11,0.554,1.1139,1.2408
UGC08699,Sa–Sab,11.46,3.88,3.674e-11,0.587,1.0904,1.1890
UGC08699,Sa–Sab,13.39,2.10,2.732e-11,0.628,1.0519,1.1066
UGC08699,Sa–Sab,15.21,1.30,2.157e-11,0.657,1.0551,1.1133
UGC08699,Sa–Sab,17.13,0.78,1.720e-11,0.684,1.1292,1.2751
UGC08699,Sa–Sab,19.06,0.52,1.405e-11,0.707,1.2112,1.4669
UGC08699,Sa–Sab,20.99,0.40,1.173e-11,0.726,1.2506,1.5640
UGC08699,Sa–Sab,22.92,0.25,9.860e-12,0.743,1.2978,1.6842
UGC08699,Sa–Sab,25.70,0.09,7.730e-12,0.766,1.3639,1.8603
UGC09133,Sa–Sab,0.63,7767.87,3.138e-09,0.153,1.6866,2.8447
UGC09133,Sa–Sab,0.95,4352.61,2.543e-09,0.170,0.2890,0.0835
UGC09133,Sa–Sab,2.52,940.74,9.850e-10,0.241,0.0512,0.0026
UGC09133,Sa–Sab,2.84,815.16,8.547e-10,0.254,0.1156,0.0134
UGC09133,Sa–Sab,3.15,733.50,7.606e-10,0.264,0.1478,0.0219
UGC09133,Sa–Sab,3.47,628.70,6.918e-10,0.270,0.1371,0.0188
UGC09133,Sa–Sab,3.79,510.77,6.355e-10,0.276,0.1243,0.0154
UGC09133,Sa–Sab,4.10,419.35,5.865e-10,0.281,0.1446,0.0209
UGC09133,Sa–Sab,4.42,333.02,5.394e-10,0.288,0.1629,0.0265
UGC09133,Sa–Sab,4.73,278.27,4.960e-10,0.295,0.1989,0.0396
UGC09133,Sa–Sab,5.05,238.09,4.543e-10,0.303,0.2659,0.0707
UGC09133,Sa–Sab,5.36,213.23,4.177e-10,0.311,0.3347,0.1120
UGC09133,Sa–Sab,5.68,194.90,3.847e-10,0.319,0.3832,0.1468
UGC09133,Sa–Sab,5.99,182.17,3.569e-10,0.327,0.4414,0.1948
UGC09133,Sa–Sab,6.31,171.97,3.323e-10,0.334,0.4927,0.2427
UGC09133,Sa–Sab,6.62,163.97,3.124e-10,0.339,0.5140,0.2642
UGC09133,Sa–Sab,6.94,153.43,2.947e-10,0.345,0.5462,0.2983
UGC09133,Sa–Sab,7.57,128.82,2.645e-10,0.354,0.5902,0.3484
UGC09133,Sa–Sab,7.89,113.87,2.500e-10,0.360,0.6281,0.3946
UGC09133,Sa–Sab,8.20,104.56,2.362e-10,0.366,0.6545,0.4284
UGC09133,Sa–Sab,8.31,102.13,2.316e-10,0.368,0.6798,0.4622
UGC09133,Sa–Sab,8.52,98.58,2.236e-10,0.372,0.6936,0.4811
UGC09133,Sa–Sab,8.83,93.71,2.130e-10,0.377,0.7095,0.5034
UGC09133,Sa–Sab,9.15,85.67,2.027e-10,0.382,0.7260,0.5271
UGC09133,Sa–Sab,9.78,69.49,1.836e-10,0.393,0.7823,0.6120
UGC09133,Sa–Sab,10.10,63.63,1.744e-10,0.399,0.8072,0.6516
UGC09133,Sa–Sab,11.04,51.41,1.504e-10,0.418,0.8616,0.7424
UGC09133,Sa–Sab,11.36,48.62,1.435e-10,0.424,0.8831,0.7798
UGC09133,Sa–Sab,11.67,46.47,1.373e-10,0.429,0.9018,0.8132
UGC09133,Sa–Sab,13.57,34.84,1.081e-10,0.458,0.9405,0.8846
UGC09133,Sa–Sab,13.88,32.82,1.041e-10,0.463,0.9393,0.8822
UGC09133,Sa–Sab,14.20,30.92,1.004e-10,0.467,0.9508,0.9040
UGC09133,Sa–Sab,16.61,22.68,7.778e-11,0.499,0.9436,0.8903
UGC09133,Sa–Sab,19.35,13.20,6.097e-11,0.528,0.9368,0.8776
UGC09133,Sa–Sab,22.19,9.80,4.806e-11,0.559,0.9471,0.8971
UGC09133,Sa–Sab,24.92,7.02,3.987e-11,0.581,0.9292,0.8634
UGC09133,Sa–Sab,27.66,4.91,3.367e-11,0.602,0.9175,0.8418
UGC09133,Sa–Sab,30.50,3.35,2.848e-11,0.623,0.8876,0.7879
UGC09133,Sa–Sab,33.23,2.19,2.438e-11,0.641,0.8620,0.7431
UGC09133,Sa–Sab,35.96,1.45,2.080e-11,0.660,0.8456,0.7151
UGC09133,Sa–Sab,38.80,0.95,1.778e-11,0.679,0.8293,0.6877
UGC09133,Sa–Sab,41.54,0.64,1.548e-11,0.694,0.8163,0.6664
UGC09133,Sa–Sab,44.27,0.43,1.369e-11,0.708,0.8048,0.6477
UGC09133,Sa–Sab,47.11,0.29,1.226e-11,0.720,0.8255,0.6815
UGC09133,Sa–Sab,49.84,0.20,1.104e-11,0.731,0.8682,0.7538
UGC09133,Sa–Sab,52.58,0.13,9.886e-12,0.743,0.9189,0.8443
UGC09133,Sa–Sab,55.42,0.09,8.913e-12,0.753,0.9642,0.9297
UGC09133,Sa–Sab,58.15,0.06,8.208e-12,0.761,0.9871,0.9743
UGC09133,Sa–Sab,60.89,0.04,7.671e-12,0.768,0.9690,0.9389
UGC09133,Sa–Sab,63.62,0.03,7.100e-12,0.775,0.9413,0.8861
UGC09133,Sa–Sab,66.46,0.02,6.538e-12,0.782,0.9085,0.8253
UGC09133,Sa–Sab,69.19,0.01,6.048e-12,0.789,0.8675,0.7526
UGC09133,Sa–Sab,71.93,0.01,5.628e-12,0.795,0.8344,0.6962
UGC09133,Sa–Sab,74.77,0.01,5.259e-12,0.801,0.8179,0.6690
UGC09133,Sa–Sab,77.50,0.01,4.963e-12,0.805,0.8170,0.6675
UGC09133,Sa–Sab,80.23,0.01,4.692e-12,0.810,0.8068,0.6510
UGC09133,Sa–Sab,83.07,0.00,4.424e-12,0.814,0.7983,0.6373
UGC09133,Sa–Sab,85.81,0.00,4.174e-12,0.819,0.7828,0.6128
UGC09133,Sa–Sab,88.54,0.00,3.931e-12,0.823,0.7699,0.5927
UGC09133,Sa–Sab,91.38,0.00,3.696e-12,0.828,0.7753,0.6011
UGC09133,Sa–Sab,94.12,0.00,3.491e-12,0.832,0.7975,0.6360
UGC09133,Sa–Sab,99.69,0.00,3.149e-12,0.839,0.8279,0.6854
UGC09133,Sa–Sab,108.31,0.00,2.683e-12,0.850,0.8571,0.7346
UGC11914,Sa–Sab,0.47,6053.56,2.648e-09,0.140,0.5129,0.2630
UGC11914,Sa–Sab,0.56,5139.40,2.342e-09,0.159,0.9241,0.8539
UGC11914,Sa–Sab,0.65,4506.63,2.099e-09,0.173,1.3319,1.7739
UGC11914,Sa–Sab,0.75,4028.70,1.898e-09,0.185,1.5159,2.2980
UGC11914,Sa–Sab,0.84,3657.62,1.778e-09,0.192,1.6384,2.6843
UGC11914,Sa–Sab,0.93,3242.95,1.692e-09,0.196,1.6987,2.8855
UGC11914,Sa–Sab,1.03,2799.96,1.606e-09,0.199,1.6772,2.8129
UGC11914,Sa–Sab,1.12,2466.83,1.531e-09,0.202,1.6911,2.8599
UGC11914,Sa–Sab,1.21,2166.33,1.459e-09,0.205,1.7018,2.8961
UGC11914,Sa–Sab,1.30,1922.14,1.386e-09,0.209,1.7096,2.9226
UGC11914,Sa–Sab,1.41,1682.63,1.301e-09,0.213,1.6829,2.8320
UGC11914,Sa–Sab,1.50,1522.25,1.236e-09,0.217,1.6658,2.7749
UGC11914,Sa–Sab,1.59,1380.51,1.175e-09,0.220,1.6269,2.6468
UGC11914,Sa–Sab,1.68,1262.41,1.117e-09,0.224,1.6033,2.5705
UGC11914,Sa–Sab,1.78,1155.36,1.057e-09,0.228,1.5855,2.5137
UGC11914,Sa–Sab,1.87,1079.69,1.007e-09,0.232,1.5476,2.3951
UGC11914,Sa–Sab,1.96,1017.32,9.617e-10,0.236,1.4801,2.1908
UGC11914,Sa–Sab,2.05,957.40,9.210e-10,0.239,1.4454,2.0893
UGC11914,Sa–Sab,2.16,888.72,8.759e-10,0.243,1.4064,1.9780
UGC11914,Sa–Sab,2.25,841.35,8.421e-10,0.246,1.3466,1.8132
UGC11914,Sa–Sab,2.34,800.09,8.111e-10,0.248,1.3189,1.7394
UGC11914,Sa–Sab,2.43,760.56,7.834e-10,0.251,1.2892,1.6621
UGC11914,Sa–Sab,2.46,744.73,7.749e-10,0.252,1.2784,1.6343
UGC11914,Sa–Sab,2.53,709.79,7.556e-10,0.253,1.2549,1.5748
UGC11914,Sa–Sab,2.62,668.59,7.321e-10,0.255,1.2273,1.5063
UGC11914,Sa–Sab,2.71,624.25,7.106e-10,0.257,1.1992,1.4380
UGC11914,Sa–Sab,2.80,579.71,6.898e-10,0.259,1.1754,1.3817
UGC11914,Sa–Sab,2.99,501.90,6.475e-10,0.263,1.1404,1.3005
UGC11914,Sa–Sab,3.28,412.09,5.884e-10,0.270,1.1390,1.2973
UGC11914,Sa–Sab,3.74,311.85,5.066e-10,0.282,1.1645,1.3560
UGC11914,Sa–Sab,3.83,297.76,4.924e-10,0.285,1.1682,1.3646
UGC11914,Sa–Sab,4.02,270.23,4.645e-10,0.290,1.1757,1.3822
UGC11914,Sa–Sab,4.09,260.55,4.548e-10,0.292,1.1795,1.3912
UGC11914,Sa–Sab,4.12,256.51,4.507e-10,0.292,1.1812,1.3953
UGC11914,Sa–Sab,4.30,233.55,4.269e-10,0.297,1.1701,1.3691
UGC11914,Sa–Sab,4.39,223.49,4.154e-10,0.300,1.1789,1.3898
UGC11914,Sa–Sab,4.49,213.15,4.032e-10,0.303,1.1880,1.4114
UGC11914,Sa–Sab,4.58,204.55,3.927e-10,0.305,1.1729,1.3756
UGC11914,Sa–Sab,4.87,180.21,3.615e-10,0.313,1.1781,1.3880
UGC11914,Sa–Sab,4.91,177.14,3.575e-10,0.314,1.1589,1.3431
UGC11914,Sa–Sab,4.96,173.45,3.525e-10,0.316,1.1640,1.3550
UGC11914,Sa–Sab,5.05,167.10,3.440e-10,0.318,1.1495,1.3214
UGC11914,Sa–Sab,5.14,161.17,3.357e-10,0.321,1.1585,1.3422
UGC11914,Sa–Sab,5.24,154.95,3.269e-10,0.323,1.1455,1.3122
UGC11914,Sa–Sab,5.33,149.69,3.192e-10,0.326,1.1545,1.3328
UGC11914,Sa–Sab,5.42,144.75,3.119e-10,0.328,1.1405,1.3006
UGC11914,Sa–Sab,5.51,140.16,3.048e-10,0.331,1.1491,1.3203
UGC11914,Sa–Sab,5.61,135.45,2.973e-10,0.333,1.1353,1.2890
UGC11914,Sa–Sab,5.71,131.13,2.903e-10,0.335,1.1424,1.3050
UGC11914,Sa–Sab,5.80,126.94,2.843e-10,0.338,1.1267,1.2695
UGC11914,Sa–Sab,5.89,122.88,2.783e-10,0.340,1.1334,1.2845
UGC11914,Sa–Sab,5.98,118.95,2.727e-10,0.342,1.1393,1.2979
UGC11914,Sa–Sab,6.08,114.72,2.666e-10,0.344,1.1461,1.3136
UGC11914,Sa–Sab,6.15,111.86,2.625e-10,0.346,1.1501,1.3228
UGC11914,Sa–Sab,6.17,111.06,2.614e-10,0.346,1.1511,1.3249
UGC11914,Sa–Sab,6.26,107.51,2.563e-10,0.348,1.1563,1.3371
UGC11914,Sa–Sab,6.35,103.91,2.514e-10,0.350,1.1617,1.3496
UGC11914,Sa–Sab,6.73,89.17,2.320e-10,0.358,1.2067,1.4560
UGC11914,Sa–Sab,6.83,85.47,2.272e-10,0.361,1.2135,1.4725
UGC11914,Sa–Sab,6.92,82.21,2.230e-10,0.363,1.2408,1.5395
UGC11914,Sa–Sab,7.37,68.39,2.030e-10,0.373,1.3381,1.7906
UGC11914,Sa–Sab,8.60,38.84,1.569e-10,0.405,1.6457,2.7085
UGC11914,Sa–Sab,9.83,27.04,1.217e-10,0.438,1.9499,3.8020
ESO079-G014,Sb–Sbc,0.98,142.25,3.811e-11,0.669,0.5962,0.3554
ESO079-G014,Sb–Sbc,1.78,106.66,3.592e-11,0.667,0.2356,0.0555
ESO079-G014,Sb–Sbc,2.69,76.10,3.520e-11,0.651,0.3030,0.0918
ESO079-G014,Sb–Sbc,3.36,71.31,3.341e-11,0.648,0.5030,0.2530
ESO079-G014,Sb–Sbc,4.39,52.87,2.849e-11,0.666,0.8507,0.7238
ESO079-G014,Sb–Sbc,5.65,46.34,2.491e-11,0.677,1.0031,1.0063
ESO079-G014,Sb–Sbc,6.34,44.91,2.418e-11,0.675,1.2904,1.6651
ESO079-G014,Sb–Sbc,6.89,43.80,2.443e-11,0.668,1.2977,1.6841
ESO079-G014,Sb–Sbc,8.34,39.23,2.632e-11,0.642,1.3970,1.9516
ESO079-G014,Sb–Sbc,10.04,29.02,2.864e-11,0.612,1.2660,1.6028
ESO079-G014,Sb–Sbc,11.65,19.89,2.739e-11,0.612,1.2285,1.5092
ESO079-G014,Sb–Sbc,13.36,11.59,2.463e-11,0.624,1.2172,1.4816
ESO079-G014,Sb–Sbc,15.06,7.95,2.111e-11,0.644,1.2102,1.4647
ESO079-G014,Sb–Sbc,16.67,5.46,1.819e-11,0.663,1.2121,1.4693
ESO563-G021,Sb–Sbc,3.12,287.17,1.110e-10,0.534,0.2844,0.0809
ESO563-G021,Sb–Sbc,4.01,274.01,1.007e-10,0.540,0.5065,0.2565
ESO563-G021,Sb–Sbc,4.90,262.07,1.022e-10,0.525,1.3198,1.7418
ESO563-G021,Sb–Sbc,5.79,241.76,1.110e-10,0.496,1.6249,2.6404
ESO563-G021,Sb–Sbc,6.69,213.38,1.150e-10,0.478,1.6895,2.8543
ESO563-G021,Sb–Sbc,7.58,188.46,1.118e-10,0.477,1.9177,3.6777
ESO563-G021,Sb–Sbc,8.47,172.99,1.118e-10,0.468,1.9769,3.9080
ESO563-G021,Sb–Sbc,10.23,141.37,1.079e-10,0.462,1.7352,3.0110
ESO563-G021,Sb–Sbc,12.06,99.77,1.016e-10,0.459,1.8143,3.2918
ESO563-G021,Sb–Sbc,13.44,82.36,9.316e-11,0.467,1.6952,2.8736
ESO563-G021,Sb–Sbc,15.18,65.73,8.506e-11,0.474,1.5697,2.4638
ESO563-G021,Sb–Sbc,16.83,48.26,7.773e-11,0.481,1.5535,2.4132
ESO563-G021,Sb–Sbc,18.56,35.22,6.765e-11,0.501,1.5866,2.5175
ESO563-G021,Sb–Sbc,20.30,31.30,6.088e-11,0.514,1.5756,2.4826
ESO563-G021,Sb–Sbc,21.94,25.29,5.671e-11,0.519,1.5172,2.3018
ESO563-G021,Sb–Sbc,23.68,16.32,5.253e-11,0.525,1.4622,2.1381
ESO563-G021,Sb–Sbc,25.41,9.84,4.623e-11,0.545,1.4806,2.1920
ESO563-G021,Sb–Sbc,27.06,6.89,4.089e-11,0.563,1.4397,2.0729
ESO563-G021,Sb–Sbc,28.80,3.99,3.555e-11,0.582,1.4946,2.2338
ESO563-G021,Sb–Sbc,30.53,2.15,3.118e-11,0.602,1.5177,2.3033
ESO563-G021,Sb–Sbc,32.18,1.36,2.820e-11,0.618,1.5049,2.2648
ESO563-G021,Sb–Sbc,33.91,0.81,2.574e-11,0.632,1.5356,2.3579
ESO563-G021,Sb–Sbc,35.65,0.67,2.327e-11,0.646,1.6443,2.7039
ESO563-G021,Sb–Sbc,37.30,0.47,2.133e-11,0.658,1.6647,2.7712
ESO563-G021,Sb–Sbc,39.03,0.36,1.937e-11,0.670,1.6710,2.7923
ESO563-G021,Sb–Sbc,40.76,0.29,1.766e-11,0.681,1.6230,2.6340
ESO563-G021,Sb–Sbc,42.41,0.29,1.630e-11,0.691,1.5960,2.5473
IC4202,Sb–Sbc,3.13,394.28,2.446e-10,0.397,0.0456,0.0021
IC4202,Sb–Sbc,3.95,275.88,2.072e-10,0.412,0.6561,0.4305
IC4202,Sb–Sbc,4.73,196.86,1.848e-10,0.417,0.7592,0.5764
IC4202,Sb–Sbc,5.50,146.22,1.588e-10,0.432,0.8146,0.6636
IC4202,Sb–Sbc,6.27,133.05,1.372e-10,0.449,1.0105,1.0211
IC4202,Sb–Sbc,7.08,128.47,1.246e-10,0.456,1.1468,1.3151
IC4202,Sb–Sbc,7.86,120.16,1.190e-10,0.453,1.1014,1.2131
IC4202,Sb–Sbc,8.66,105.63,1.145e-10,0.450,1.1747,1.3798
IC4202,Sb–Sbc,9.45,90.41,1.094e-10,0.450,1.0980,1.2056
IC4202,Sb–Sbc,10.24,75.57,1.034e-10,0.452,0.9076,0.8238
IC4202,Sb–Sbc,11.02,62.34,9.682e-11,0.457,0.8904,0.7927
IC4202,Sb–Sbc,11.79,50.98,9.045e-11,0.464,0.8666,0.7510
IC4202,Sb–Sbc,12.47,42.73,8.476e-11,0.472,0.9572,0.9162
IC4202,Sb–Sbc,13.34,34.58,7.798e-11,0.483,0.8667,0.7512
IC4202,Sb–Sbc,14.11,29.18,7.250e-11,0.493,1.0080,1.0161
IC4202,Sb–Sbc,14.59,26.50,6.930e-11,0.499,0.8806,0.7755
IC4202,Sb–Sbc,14.98,24.41,6.689e-11,0.504,0.9117,0.8313
IC4202,Sb–Sbc,15.75,20.95,6.232e-11,0.513,0.9780,0.9565
IC4202,Sb–Sbc,16.52,17.86,5.804e-11,0.522,1.0016,1.0032
IC4202,Sb–Sbc,17.10,15.81,5.495e-11,0.529,0.9660,0.9331
IC4202,Sb–Sbc,17.88,13.41,5.103e-11,0.539,0.9086,0.8255
IC4202,Sb–Sbc,18.65,11.40,4.749e-11,0.549,1.0140,1.0282
IC4202,Sb–Sbc,19.62,9.32,4.354e-11,0.560,0.8462,0.7161
IC4202,Sb–Sbc,20.78,7.30,3.982e-11,0.572,1.0669,1.1382
IC4202,Sb–Sbc,22.13,5.47,3.637e-11,0.585,0.8802,0.7747
IC4202,Sb–Sbc,23.00,4.58,3.425e-11,0.594,1.0049,1.0098
IC4202,Sb–Sbc,23.58,4.07,3.293e-11,0.599,0.9794,0.9592
IC4202,Sb–Sbc,25.03,3.06,2.938e-11,0.614,0.9394,0.8824
IC4202,Sb–Sbc,25.90,2.59,2.742e-11,0.623,1.0793,1.1649
NGC0289,Sb–Sbc,2.52,342.31,3.303e-10,0.256,1.3518,1.8275
NGC0289,Sb–Sbc,3.46,195.31,2.186e-10,0.331,0.6296,0.3964
NGC0289,Sb–Sbc,4.32,149.97,1.831e-10,0.352,0.7396,0.5470
NGC0289,Sb–Sbc,5.43,74.05,1.468e-10,0.376,0.4055,0.1644
NGC0289,Sb–Sbc,6.38,34.22,1.138e-10,0.410,0.3521,0.1240
NGC0289,Sb–Sbc,7.57,20.23,8.420e-11,0.450,0.7013,0.4918
NGC0289,Sb–Sbc,10.60,7.34,4.610e-11,0.535,1.1044,1.2196
NGC0289,Sb–Sbc,13.57,2.71,3.004e-11,0.594,1.1364,1.2914
NGC0289,Sb–Sbc,16.64,1.67,2.099e-11,0.643,0.9708,0.9424
NGC0289,Sb–Sbc,19.71,1.53,1.623e-11,0.672,0.7922,0.6276
NGC0289,Sb–Sbc,22.68,0.73,1.371e-11,0.693,0.6798,0.4622
NGC0289,Sb–Sbc,25.75,0.38,1.162e-11,0.714,0.6951,0.4832
NGC0289,Sb–Sbc,28.72,0.32,9.781e-12,0.733,0.8950,0.8010
NGC0289,Sb–Sbc,31.79,0.20,8.915e-12,0.744,0.8902,0.7924
NGC0289,Sb–Sbc,34.77,0.12,8.336e-12,0.752,0.8519,0.7258
NGC0289,Sb–Sbc,37.84,0.08,7.526e-12,0.762,0.8502,0.7228
NGC0289,Sb–Sbc,40.81,0.05,6.854e-12,0.772,0.8400,0.7055
NGC0289,Sb–Sbc,43.88,0.03,6.120e-12,0.782,0.8357,0.6983
NGC0289,Sb–Sbc,46.85,0.02,5.464e-12,0.792,0.8156,0.6652
NGC0289,Sb–Sbc,49.92,0.01,4.885e-12,0.801,0.7854,0.6169
NGC0289,Sb–Sbc,52.99,0.01,4.414e-12,0.809,0.7642,0.5840
NGC0289,Sb–Sbc,55.96,0.01,4.025e-12,0.817,0.7318,0.5355
NGC0289,Sb–Sbc,59.03,0.01,3.613e-12,0.825,0.6997,0.4895
NGC0289,Sb–Sbc,62.00,0.00,3.193e-12,0.833,0.6180,0.3819
NGC0289,Sb–Sbc,65.07,0.00,2.826e-12,0.841,0.6411,0.4110
NGC0289,Sb–Sbc,68.05,0.00,2.544e-12,0.848,0.7443,0.5540
NGC0289,Sb–Sbc,71.12,0.00,2.294e-12,0.855,0.7496,0.5619
NGC0891,Sb–Sbc,6.03,91.64,2.617e-10,0.334,0.0609,0.0037
NGC0891,Sb–Sbc,6.96,65.83,2.095e-10,0.358,0.2062,0.0425
NGC0891,Sb–Sbc,7.89,51.13,1.690e-10,0.384,0.3863,0.1492
NGC0891,Sb–Sbc,8.80,30.43,1.440e-10,0.402,0.4567,0.2085
NGC0891,Sb–Sbc,9.73,17.61,1.186e-10,0.429,0.5954,0.3545
NGC0891,Sb–Sbc,10.64,17.64,1.011e-10,0.450,0.6747,0.4552
NGC0891,Sb–Sbc,11.58,8.73,8.772e-11,0.468,0.6838,0.4676
NGC0891,Sb–Sbc,12.52,7.60,7.538e-11,0.491,0.6876,0.4728
NGC0891,Sb–Sbc,13.46,6.26,6.745e-11,0.504,0.6853,0.4696
NGC0891,Sb–Sbc,14.40,3.38,5.977e-11,0.521,0.7120,0.5069
NGC0891,Sb–Sbc,15.33,2.46,5.272e-11,0.538,0.7491,0.5611
NGC0891,Sb–Sbc,16.27,1.70,4.666e-11,0.553,0.7132,0.5087
NGC0891,Sb–Sbc,17.11,0.00,4.171e-11,0.568,0.7343,0.5392
NGC1090,Sb–Sbc,1.60,266.62,1.318e-10,0.488,0.0162,0.0003
NGC1090,Sb–Sbc,3.70,150.06,9.038e-11,0.519,0.4550,0.2070
NGC1090,Sb–Sbc,5.09,91.82,7.517e-11,0.530,0.9400,0.8837
NGC1090,Sb–Sbc,6.61,76.34,6.712e-11,0.527,0.9095,0.8271
NGC1090,Sb–Sbc,8.17,44.75,5.845e-11,0.533,0.7417,0.5501
NGC1090,Sb–Sbc,9.11,33.91,5.116e-11,0.550,0.9038,0.8169
NGC1090,Sb–Sbc,10.37,29.50,4.416e-11,0.568,0.6878,0.4731
NGC1090,Sb–Sbc,11.28,24.43,4.191e-11,0.569,0.8513,0.7247
NGC1090,Sb–Sbc,13.62,12.19,3.476e-11,0.587,0.7543,0.5689
NGC1090,Sb–Sbc,15.04,7.48,3.007e-11,0.606,0.6650,0.4422
NGC1090,Sb–Sbc,16.37,4.34,2.605e-11,0.625,0.6557,0.4300
NGC1090,Sb–Sbc,17.59,2.68,2.264e-11,0.645,0.6979,0.4871
NGC1090,Sb–Sbc,18.80,1.97,1.995e-11,0.662,0.7187,0.5165
NGC1090,Sb–Sbc,20.13,1.37,1.750e-11,0.679,0.7102,0.5044
NGC1090,Sb–Sbc,21.35,1.02,1.565e-11,0.693,0.7267,0.5281
NGC1090,Sb–Sbc,22.57,0.81,1.414e-11,0.705,0.7387,0.5457
NGC1090,Sb–Sbc,23.89,0.54,1.280e-11,0.716,0.7471,0.5582
NGC1090,Sb–Sbc,25.11,0.38,1.182e-11,0.725,0.7199,0.5183
NGC1090,Sb–Sbc,26.33,0.27,1.101e-11,0.733,0.7038,0.4953
NGC1090,Sb–Sbc,27.65,0.18,1.024e-11,0.741,0.7001,0.4902
NGC1090,Sb–Sbc,28.87,0.13,9.635e-12,0.747,0.6953,0.4834
NGC1090,Sb–Sbc,30.09,0.00,9.034e-12,0.754,0.6682,0.4465
NGC2683,Sb–Sbc,2.89,377.69,2.968e-10,0.025,13.6132,185.3198
NGC2683,Sb–Sbc,5.77,74.86,1.660e-10,0.331,1.0527,1.1082
NGC2683,Sb–Sbc,8.66,28.11,8.148e-11,0.440,1.2074,1.4577
NGC2683,Sb–Sbc,11.54,8.05,5.369e-11,0.492,1.1283,1.2731
NGC2683,Sb–Sbc,14.43,1.36,3.260e-11,0.568,0.7910,0.6257
NGC2683,Sb–Sbc,17.31,0.46,2.222e-11,0.619,1.2577,1.5818
NGC2683,Sb–Sbc,20.20,0.12,1.593e-11,0.660,0.9662,0.9335
NGC2683,Sb–Sbc,23.08,0.04,1.190e-11,0.693,0.7312,0.5346
NGC2683,Sb–Sbc,28.85,0.00,7.450e-12,0.742,0.9921,0.9843
NGC2683,Sb–Sbc,31.74,0.00,6.116e-12,0.761,0.9440,0.8911
NGC2683,Sb–Sbc,34.62,0.00,5.118e-12,0.777,0.9077,0.8239
NGC2841,Sb–Sbc,3.77,272.53,4.421e-10,0.088,7.4315,55.2270
NGC2841,Sb–Sbc,4.13,254.97,3.924e-10,0.126,5.7989,33.6270
NGC2841,Sb–Sbc,4.47,233.52,3.544e-10,0.153,5.0634,25.6378
NGC2841,Sb–Sbc,4.80,219.56,3.237e-10,0.175,4.5513,20.7144
NGC2841,Sb–Sbc,5.13,206.61,2.985e-10,0.194,3.9754,15.8038
NGC2841,Sb–Sbc,5.48,191.99,2.764e-10,0.211,3.8507,14.8277
NGC2841,Sb–Sbc,5.83,176.31,2.566e-10,0.227,3.8302,14.6703
NGC2841,Sb–Sbc,6.16,170.37,2.405e-10,0.240,3.6664,13.4423
NGC2841,Sb–Sbc,6.51,164.66,2.289e-10,0.250,3.4696,12.0378
NGC2841,Sb–Sbc,6.86,150.44,2.185e-10,0.260,3.3411,11.1632
NGC2841,Sb–Sbc,7.18,138.35,2.093e-10,0.268,3.2970,10.8704
NGC2841,Sb–Sbc,7.51,129.88,2.007e-10,0.276,3.0051,9.0307
NGC2841,Sb–Sbc,7.85,120.64,1.937e-10,0.283,2.9289,8.5785
NGC2841,Sb–Sbc,8.21,107.27,1.862e-10,0.290,2.8989,8.4034
NGC2841,Sb–Sbc,8.57,93.53,1.778e-10,0.298,2.8762,8.2726
NGC2841,Sb–Sbc,8.90,83.83,1.700e-10,0.305,2.7502,7.5636
NGC2841,Sb–Sbc,9.24,75.21,1.618e-10,0.313,2.7682,7.6631
NGC2841,Sb–Sbc,9.60,68.06,1.535e-10,0.322,2.7291,7.4482
NGC2841,Sb–Sbc,9.93,63.19,1.469e-10,0.329,2.6603,7.0770
NGC2841,Sb–Sbc,10.27,59.35,1.411e-10,0.335,2.5879,6.6974
NGC2841,Sb–Sbc,10.60,54.08,1.358e-10,0.341,2.6069,6.7959
NGC2841,Sb–Sbc,10.93,48.66,1.309e-10,0.347,2.5426,6.4648
NGC2841,Sb–Sbc,11.27,43.03,1.259e-10,0.353,2.4842,6.1711
NGC2841,Sb–Sbc,12.31,30.38,1.110e-10,0.373,2.4761,6.1311
NGC2841,Sb–Sbc,14.35,15.18,8.484e-11,0.415,2.4098,5.8071
NGC2841,Sb–Sbc,16.40,9.84,6.481e-11,0.452,2.2927,5.2565
NGC2841,Sb–Sbc,18.48,5.79,5.128e-11,0.484,2.1952,4.8190
NGC2841,Sb–Sbc,20.57,3.50,4.249e-11,0.514,2.1893,4.7932
NGC2841,Sb–Sbc,22.51,2.33,3.726e-11,0.537,2.0931,4.3810
NGC2841,Sb–Sbc,24.59,1.52,3.203e-11,0.560,2.0482,4.1953
NGC2841,Sb–Sbc,26.68,0.57,2.677e-11,0.582,2.0759,4.3093
NGC2841,Sb–Sbc,28.77,0.34,2.263e-11,0.604,2.0690,4.2810
NGC2841,Sb–Sbc,30.70,0.20,1.970e-11,0.622,2.1138,4.4681
NGC2841,Sb–Sbc,32.79,0.12,1.740e-11,0.638,2.1040,4.4268
NGC2841,Sb–Sbc,34.88,0.07,1.579e-11,0.652,2.0136,4.0544
NGC2841,Sb–Sbc,36.96,0.04,1.458e-11,0.664,1.9274,3.7149
NGC2841,Sb–Sbc,38.90,0.02,1.360e-11,0.675,1.7528,3.0723
NGC2841,Sb–Sbc,40.99,0.01,1.257e-11,0.685,1.6798,2.8219
NGC2841,Sb–Sbc,43.08,0.01,1.156e-11,0.695,1.6569,2.7452
NGC2841,Sb–Sbc,45.16,0.01,1.054e-11,0.705,1.7185,2.9532
NGC2841,Sb–Sbc,47.10,0.00,9.564e-12,0.715,1.8022,3.2479
NGC2841,Sb–Sbc,49.19,0.00,8.630e-12,0.725,1.9095,3.6461
NGC2841,Sb–Sbc,51.27,0.00,7.897e-12,0.734,2.0155,4.0621
NGC2841,Sb–Sbc,53.36,0.00,7.371e-12,0.741,1.9428,3.7744
NGC2841,Sb–Sbc,55.30,0.00,7.066e-12,0.746,1.9194,3.6840
NGC2841,Sb–Sbc,57.38,0.00,6.819e-12,0.751,1.9440,3.7793
NGC2841,Sb–Sbc,59.47,0.00,6.593e-12,0.756,1.8765,3.5213
NGC2841,Sb–Sbc,61.56,0.00,6.318e-12,0.761,1.8746,3.5141
NGC2841,Sb–Sbc,63.64,0.00,6.001e-12,0.766,1.9354,3.7457
NGC2903,Sb–Sbc,1.92,737.11,4.548e-10,0.309,0.7296,0.5323
NGC2903,Sb–Sbc,2.24,746.53,4.577e-10,0.299,0.4748,0.2255
NGC2903,Sb–Sbc,2.56,685.65,4.932e-10,0.277,0.0968,0.0094
NGC2903,Sb–Sbc,2.88,504.98,4.811e-10,0.274,0.1883,0.0355
NGC2903,Sb–Sbc,3.20,353.39,4.599e-10,0.273,0.0474,0.0022
NGC2903,Sb–Sbc,3.52,238.40,4.126e-10,0.284,0.0791,0.0063
NGC2903,Sb–Sbc,3.84,182.76,3.573e-10,0.302,0.2362,0.0558
NGC2903,Sb–Sbc,4.80,97.58,2.588e-10,0.338,0.3821,0.1460
NGC2903,Sb–Sbc,5.76,41.56,1.879e-10,0.377,0.5286,0.2794
NGC2903,Sb–Sbc,6.72,25.33,1.382e-10,0.419,0.6484,0.4205
NGC2903,Sb–Sbc,7.68,16.12,1.061e-10,0.454,0.7680,0.5899
NGC2903,Sb–Sbc,8.64,11.79,8.480e-11,0.483,0.8408,0.7069
NGC2903,Sb–Sbc,9.60,7.04,6.958e-11,0.510,0.9240,0.8538
NGC2903,Sb–Sbc,10.56,5.03,5.856e-11,0.533,0.9429,0.8890
NGC2903,Sb–Sbc,11.52,3.29,5.028e-11,0.553,0.9463,0.8954
NGC2903,Sb–Sbc,12.48,2.23,4.308e-11,0.573,0.9790,0.9585
NGC2903,Sb–Sbc,13.44,1.45,3.696e-11,0.593,0.9820,0.9644
NGC2903,Sb–Sbc,14.40,0.94,3.205e-11,0.611,0.9775,0.9555
NGC2903,Sb–Sbc,15.36,0.62,2.801e-11,0.628,0.9836,0.9675
NGC2903,Sb–Sbc,16.32,0.41,2.475e-11,0.643,1.0011,1.0022
NGC2903,Sb–Sbc,17.28,0.28,2.194e-11,0.658,1.0524,1.1076
NGC2903,Sb–Sbc,18.24,0.18,1.963e-11,0.671,1.0472,1.0967
NGC2903,Sb–Sbc,19.20,0.12,1.767e-11,0.683,1.0552,1.1134
NGC2903,Sb–Sbc,20.16,0.08,1.598e-11,0.694,1.0783,1.1627
NGC2903,Sb–Sbc,21.12,0.06,1.455e-11,0.704,1.0325,1.0660
NGC2903,Sb–Sbc,22.08,0.04,1.332e-11,0.713,1.0007,1.0014
NGC2903,Sb–Sbc,23.04,0.03,1.223e-11,0.722,1.0007,1.0015
NGC2903,Sb–Sbc,24.00,0.01,1.133e-11,0.730,1.0893,1.1866
NGC2903,Sb–Sbc,24.96,0.00,1.052e-11,0.738,1.0671,1.1386
NGC2955,Sb–Sbc,1.55,2060.54,7.757e-10,0.275,0.2917,0.0851
NGC2955,Sb–Sbc,2.30,1438.19,6.573e-10,0.296,0.3664,0.1343
NGC2955,Sb–Sbc,3.06,946.22,6.050e-10,0.293,0.3549,0.1260
NGC2955,Sb–Sbc,4.61,390.47,4.486e-10,0.311,0.0070,0.0000
NGC2955,Sb–Sbc,5.36,284.63,3.825e-10,0.325,0.2986,0.0891
NGC2955,Sb–Sbc,6.12,230.89,3.293e-10,0.339,0.3022,0.0913
NGC2955,Sb–Sbc,6.91,194.52,2.879e-10,0.351,0.1873,0.0351
NGC2955,Sb–Sbc,8.42,118.30,2.305e-10,0.370,0.0319,0.0010
NGC2955,Sb–Sbc,8.86,100.46,2.144e-10,0.378,0.3553,0.1263
NGC2955,Sb–Sbc,9.21,90.58,2.021e-10,0.385,0.2109,0.0445
NGC2955,Sb–Sbc,10.82,65.76,1.578e-10,0.415,0.3034,0.0921
NGC2955,Sb–Sbc,11.56,56.18,1.425e-10,0.427,0.5964,0.3557
NGC2955,Sb–Sbc,12.40,51.72,1.279e-10,0.440,0.7065,0.4992
NGC2955,Sb–Sbc,14.17,40.51,1.078e-10,0.458,0.7145,0.5105
NGC2955,Sb–Sbc,16.88,25.49,8.413e-11,0.490,0.7563,0.5720
NGC2955,Sb–Sbc,19.49,18.05,7.078e-11,0.508,0.7642,0.5840
NGC2955,Sb–Sbc,22.19,8.81,5.812e-11,0.536,0.6859,0.4704
NGC2955,Sb–Sbc,24.80,6.40,4.824e-11,0.560,0.6192,0.3834
NGC2955,Sb–Sbc,27.51,4.80,3.985e-11,0.585,0.6443,0.4151
NGC2955,Sb–Sbc,30.12,3.35,3.359e-11,0.606,0.6314,0.3987
NGC2955,Sb–Sbc,35.43,1.85,2.531e-11,0.641,0.4819,0.2322
NGC3521,Sb–Sbc,0.69,2181.72,1.068e-09,0.163,0.6452,0.4163
NGC3521,Sb–Sbc,0.86,1837.57,9.834e-10,0.193,0.8935,0.7984
NGC3521,Sb–Sbc,1.03,1404.14,9.220e-10,0.207,0.7921,0.6275
NGC3521,Sb–Sbc,1.20,1075.25,8.085e-10,0.225,0.5794,0.3357
NGC3521,Sb–Sbc,1.38,1016.76,7.207e-10,0.239,0.7601,0.5777
NGC3521,Sb–Sbc,1.55,923.32,6.606e-10,0.250,0.7601,0.5777
NGC3521,Sb–Sbc,1.71,834.39,6.307e-10,0.253,0.7020,0.4928
NGC3521,Sb–Sbc,1.89,752.61,5.910e-10,0.260,0.6586,0.4337
NGC3521,Sb–Sbc,2.06,689.47,5.729e-10,0.260,0.6322,0.3997
NGC3521,Sb–Sbc,2.23,587.51,5.485e-10,0.263,0.7590,0.5761
NGC3521,Sb–Sbc,2.41,463.04,5.139e-10,0.269,0.6009,0.3610
NGC3521,Sb–Sbc,2.58,415.28,4.720e-10,0.279,0.5658,0.3202
NGC3521,Sb–Sbc,2.75,384.82,4.411e-10,0.286,0.5301,0.2810
NGC3521,Sb–Sbc,2.92,363.81,4.144e-10,0.292,0.4390,0.1927
NGC3521,Sb–Sbc,3.09,341.24,3.959e-10,0.296,0.5082,0.2583
NGC3521,Sb–Sbc,3.26,316.80,3.786e-10,0.299,0.4486,0.2013
NGC3521,Sb–Sbc,3.43,287.91,3.658e-10,0.300,0.3744,0.1402
NGC3521,Sb–Sbc,3.61,261.54,3.494e-10,0.304,0.4297,0.1847
NGC3521,Sb–Sbc,3.78,240.99,3.387e-10,0.305,0.4369,0.1909
NGC3521,Sb–Sbc,3.95,215.32,3.266e-10,0.308,0.4612,0.2127
NGC3521,Sb–Sbc,4.12,184.82,3.157e-10,0.309,0.4597,0.2114
NGC3521,Sb–Sbc,4.29,155.11,3.009e-10,0.314,0.4214,0.1776
NGC3521,Sb–Sbc,4.46,129.01,2.865e-10,0.319,0.4860,0.2362
NGC3521,Sb–Sbc,4.64,104.11,2.687e-10,0.327,0.5317,0.2827
NGC3521,Sb–Sbc,4.81,88.75,2.524e-10,0.335,0.4876,0.2378
NGC3521,Sb–Sbc,4.98,78.86,2.365e-10,0.343,0.6339,0.4019
NGC3521,Sb–Sbc,5.15,71.72,2.228e-10,0.351,0.6331,0.4008
NGC3521,Sb–Sbc,5.32,64.49,2.098e-10,0.359,0.5672,0.3217
NGC3521,Sb–Sbc,5.49,59.18,1.981e-10,0.366,0.6533,0.4268
NGC3521,Sb–Sbc,5.67,54.49,1.869e-10,0.374,0.7153,0.5116
NGC3521,Sb–Sbc,5.84,50.14,1.774e-10,0.380,0.5756,0.3313
NGC3521,Sb–Sbc,6.01,46.53,1.687e-10,0.387,0.6927,0.4799
NGC3521,Sb–Sbc,6.19,42.97,1.605e-10,0.393,0.7422,0.5509
NGC3521,Sb–Sbc,6.35,38.90,1.537e-10,0.398,0.8311,0.6907
NGC3521,Sb–Sbc,6.64,31.13,1.419e-10,0.408,0.7489,0.5609
NGC3521,Sb–Sbc,8.82,13.98,8.524e-11,0.477,0.9858,0.9719
NGC3521,Sb–Sbc,11.07,5.96,5.729e-11,0.532,1.1046,1.2201
NGC3521,Sb–Sbc,13.32,3.10,4.113e-11,0.575,1.1175,1.2487
NGC3521,Sb–Sbc,15.49,0.95,3.086e-11,0.611,1.1949,1.4278
NGC3521,Sb–Sbc,17.74,0.00,2.310e-11,0.647,1.2851,1.6516
NGC3769,Sb–Sbc,3.50,53.08,9.040e-11,0.405,0.2214,0.0490
NGC3769,Sb–Sbc,5.24,17.11,5.260e-11,0.498,0.5871,0.3446
NGC3769,Sb–Sbc,6.98,5.62,3.367e-11,0.568,0.8779,0.7707
NGC3769,Sb–Sbc,8.72,1.99,2.315e-11,0.621,0.9453,0.8936
NGC3769,Sb–Sbc,10.47,1.29,1.667e-11,0.663,0.9198,0.8461
NGC3769,Sb–Sbc,12.31,0.71,1.227e-11,0.698,0.8616,0.7424
NGC3769,Sb–Sbc,14.52,0.30,9.081e-12,0.731,0.8275,0.6847
NGC3769,Sb–Sbc,17.07,0.20,6.993e-12,0.758,0.9687,0.9383
NGC3769,Sb–Sbc,31.82,0.00,2.465e-12,0.847,0.9157,0.8385
NGC3769,Sb–Sbc,34.61,0.00,2.093e-12,0.857,0.8729,0.7619
NGC3769,Sb–Sbc,37.16,0.00,1.822e-12,0.865,0.7952,0.6323
NGC3949,Sb–Sbc,2.61,269.39,2.149e-10,0.282,0.5472,0.2994
NGC3949,Sb–Sbc,3.50,118.65,1.901e-10,0.315,0.2725,0.0743
NGC3949,Sb–Sbc,4.37,54.35,1.393e-10,0.366,0.5413,0.2930
NGC3949,Sb–Sbc,5.24,29.72,1.075e-10,0.403,0.7281,0.5301
NGC3949,Sb–Sbc,6.11,15.04,8.256e-11,0.444,0.9383,0.8805
NGC3949,Sb–Sbc,7.07,9.45,6.517e-11,0.481,1.0898,1.1876
NGC3953,Sb–Sbc,5.24,173.68,1.482e-10,0.312,1.5889,2.5246
NGC3953,Sb–Sbc,6.98,134.06,1.219e-10,0.370,1.3240,1.7530
NGC3953,Sb–Sbc,8.72,91.36,1.112e-10,0.386,1.0554,1.1138
NGC3953,Sb–Sbc,10.47,59.32,9.591e-11,0.407,0.9011,0.8119
NGC3953,Sb–Sbc,12.19,31.43,8.061e-11,0.433,0.8388,0.7035
NGC3953,Sb–Sbc,13.94,17.65,6.636e-11,0.461,0.8855,0.7841
NGC3953,Sb–Sbc,15.68,7.43,5.236e-11,0.498,0.8307,0.6900
NGC3972,Sb–Sbc,1.74,78.09,3.552e-11,0.607,1.1592,1.3438
NGC3972,Sb–Sbc,2.61,67.33,3.487e-11,0.608,1.1891,1.4140
NGC3972,Sb–Sbc,3.50,44.63,3.401e-11,0.604,1.1994,1.4385
NGC3972,Sb–Sbc,4.37,39.91,3.090e-11,0.613,1.2003,1.4407
NGC3972,Sb–Sbc,5.24,34.44,3.322e-11,0.586,1.0617,1.1273
NGC3972,Sb–Sbc,6.11,18.89,3.328e-11,0.574,1.0472,1.0967
NGC3972,Sb–Sbc,6.98,9.85,2.817e-11,0.600,1.1920,1.4208
NGC3972,Sb–Sbc,7.85,5.93,2.333e-11,0.628,1.2895,1.6628
NGC3972,Sb–Sbc,8.72,4.04,1.923e-11,0.653,1.3104,1.7171
NGC3992,Sb–Sbc,13.79,61.72,7.158e-11,0.372,2.1714,4.7152
NGC3992,Sb–Sbc,18.35,25.08,5.397e-11,0.446,1.7620,3.1047
NGC3992,Sb–Sbc,22.94,10.29,4.101e-11,0.496,1.5569,2.4238
NGC3992,Sb–Sbc,27.52,2.56,2.844e-11,0.559,1.4862,2.2086
NGC3992,Sb–Sbc,32.11,1.24,2.015e-11,0.609,1.2419,1.5422
NGC3992,Sb–Sbc,36.70,0.56,1.518e-11,0.646,1.3513,1.8260
NGC3992,Sb–Sbc,41.44,0.21,1.176e-11,0.678,1.3614,1.8533
NGC3992,Sb–Sbc,46.02,0.00,9.466e-12,0.704,1.3360,1.7849
NGC4013,Sb–Sbc,6.17,107.87,1.417e-10,0.184,1.8216,3.3183
NGC4013,Sb–Sbc,6.92,77.37,1.295e-10,0.239,1.1512,1.3254
NGC4013,Sb–Sbc,7.69,57.61,1.172e-10,0.272,0.9821,0.9645
NGC4013,Sb–Sbc,8.36,40.00,1.062e-10,0.295,0.9260,0.8574
NGC4013,Sb–Sbc,9.12,24.97,9.402e-11,0.318,0.9394,0.8825
NGC4013,Sb–Sbc,9.88,10.50,8.095e-11,0.342,0.9506,0.9035
NGC4013,Sb–Sbc,10.56,4.86,6.895e-11,0.367,0.9886,0.9772
NGC4013,Sb–Sbc,11.31,2.34,5.845e-11,0.392,1.0785,1.1632
NGC4013,Sb–Sbc,12.08,1.45,5.009e-11,0.416,1.1963,1.4312
NGC4013,Sb–Sbc,12.77,0.90,4.419e-11,0.436,1.2775,1.6320
NGC4013,Sb–Sbc,13.47,0.66,3.943e-11,0.454,1.3091,1.7137
NGC4013,Sb–Sbc,14.17,0.41,3.544e-11,0.471,1.2263,1.5038
NGC4013,Sb–Sbc,14.98,0.21,3.154e-11,0.489,0.8609,0.7411
NGC4013,Sb–Sbc,15.68,0.11,2.856e-11,0.502,0.8904,0.7929
NGC4013,Sb–Sbc,16.37,0.00,2.597e-11,0.516,0.9868,0.9739
NGC4013,Sb–Sbc,17.19,0.00,2.333e-11,0.530,1.0892,1.1863
NGC4013,Sb–Sbc,17.88,0.00,2.137e-11,0.541,1.1360,1.2906
NGC4013,Sb–Sbc,18.58,0.00,1.964e-11,0.551,1.1787,1.3894
NGC4013,Sb–Sbc,19.39,0.00,1.794e-11,0.563,1.2173,1.4818
NGC4013,Sb–Sbc,20.09,0.00,1.663e-11,0.572,1.2977,1.6841
NGC4013,Sb–Sbc,20.79,0.00,1.545e-11,0.581,1.4297,2.0441
NGC4013,Sb–Sbc,21.48,0.00,1.443e-11,0.590,1.4800,2.1904
NGC4013,Sb–Sbc,22.30,0.00,1.339e-11,0.600,1.4483,2.0975
NGC4013,Sb–Sbc,22.99,0.00,1.263e-11,0.608,1.4336,2.0552
NGC4013,Sb–Sbc,23.69,0.00,1.195e-11,0.617,1.4837,2.2014
NGC4013,Sb–Sbc,24.39,0.00,1.141e-11,0.625,1.4898,2.2195
NGC4013,Sb–Sbc,25.20,0.00,1.080e-11,0.634,1.5497,2.4016
NGC4013,Sb–Sbc,25.90,0.00,1.023e-11,0.641,1.6106,2.5941
NGC4013,Sb–Sbc,26.59,0.00,9.694e-12,0.647,1.6737,2.8011
NGC4013,Sb–Sbc,27.41,0.00,9.104e-12,0.655,1.6925,2.8644
NGC4013,Sb–Sbc,28.10,0.00,8.634e-12,0.660,1.7122,2.9316
NGC4013,Sb–Sbc,28.80,0.00,8.205e-12,0.666,1.7270,2.9826
NGC4013,Sb–Sbc,29.61,0.00,7.752e-12,0.672,1.6930,2.8661
NGC4013,Sb–Sbc,30.31,0.00,7.411e-12,0.678,1.6010,2.5633
NGC4013,Sb–Sbc,31.01,0.00,7.013e-12,0.682,1.5395,2.3702
NGC4051,Sb–Sbc,3.50,127.75,8.912e-11,0.435,0.5169,0.2672
NGC4051,Sb–Sbc,5.24,131.70,7.112e-11,0.496,0.7149,0.5111
NGC4051,Sb–Sbc,6.98,89.38,7.777e-11,0.469,0.5969,0.3563
NGC4051,Sb–Sbc,8.72,43.84,7.426e-11,0.464,0.3429,0.1176
NGC4051,Sb–Sbc,10.47,23.30,5.477e-11,0.516,0.3191,0.1018
NGC4051,Sb–Sbc,12.19,17.61,4.204e-11,0.559,0.3797,0.1441
NGC4088,Sb–Sbc,3.50,326.46,1.505e-10,0.405,0.2036,0.0414
NGC4088,Sb–Sbc,8.72,47.70,1.169e-10,0.422,0.0732,0.0054
NGC4088,Sb–Sbc,10.47,26.09,8.941e-11,0.458,0.1290,0.0166
NGC4088,Sb–Sbc,12.19,10.97,7.145e-11,0.487,0.1331,0.0177
NGC4088,Sb–Sbc,13.94,2.54,5.307e-11,0.533,0.2457,0.0604
NGC4088,Sb–Sbc,15.68,1.75,4.123e-11,0.570,0.3131,0.0980
NGC4088,Sb–Sbc,17.42,0.86,3.320e-11,0.599,0.3517,0.1237
NGC4088,Sb–Sbc,19.28,0.42,2.686e-11,0.627,0.4943,0.2443
NGC4088,Sb–Sbc,21.48,0.00,2.134e-11,0.656,0.5996,0.3595
NGC4100,Sb–Sbc,3.50,168.34,8.535e-11,0.391,2.1420,4.5882
NGC4100,Sb–Sbc,4.37,156.37,8.754e-11,0.426,1.8708,3.5000
NGC4100,Sb–Sbc,5.24,139.00,9.962e-11,0.409,1.5280,2.3349
NGC4100,Sb–Sbc,6.11,106.50,1.047e-10,0.398,1.2515,1.5662
NGC4100,Sb–Sbc,6.98,61.88,1.017e-10,0.397,1.0895,1.1870
NGC4100,Sb–Sbc,7.85,32.41,8.391e-11,0.429,1.1579,1.3408
NGC4100,Sb–Sbc,8.72,20.07,7.019e-11,0.456,1.1613,1.3486
NGC4100,Sb–Sbc,9.60,10.79,5.696e-11,0.489,1.2369,1.5298
NGC4100,Sb–Sbc,10.47,7.52,4.658e-11,0.522,1.3288,1.7657
NGC4100,Sb–Sbc,11.35,6.62,3.952e-11,0.546,1.3583,1.8450
NGC4100,Sb–Sbc,12.19,5.64,3.502e-11,0.563,1.3315,1.7728
NGC4100,Sb–Sbc,13.12,3.28,3.090e-11,0.580,1.2592,1.5857
NGC4100,Sb–Sbc,13.94,2.15,2.745e-11,0.597,1.2178,1.4831
NGC4100,Sb–Sbc,14.86,1.41,2.426e-11,0.615,1.1773,1.3860
NGC4100,Sb–Sbc,15.68,1.03,2.195e-11,0.629,1.1282,1.2727
NGC4100,Sb–Sbc,16.61,0.76,1.979e-11,0.644,1.0977,1.2049
NGC4100,Sb–Sbc,17.42,0.67,1.810e-11,0.655,1.1867,1.4083
NGC4100,Sb–Sbc,18.35,0.41,1.626e-11,0.668,1.1944,1.4266
NGC4100,Sb–Sbc,19.16,0.18,1.477e-11,0.680,1.0709,1.1469
NGC4100,Sb–Sbc,20.09,0.10,1.329e-11,0.692,0.9029,0.8152
NGC4100,Sb–Sbc,21.02,0.08,1.202e-11,0.703,0.9288,0.8627
NGC4100,Sb–Sbc,21.95,0.06,1.092e-11,0.714,0.9527,0.9076
NGC4100,Sb–Sbc,22.76,0.00,1.005e-11,0.723,0.9912,0.9825
NGC4157,Sb–Sbc,5.24,176.47,1.846e-10,0.366,0.4062,0.1650
NGC4157,Sb–Sbc,6.98,99.09,1.476e-10,0.389,0.4257,0.1812
NGC4157,Sb–Sbc,8.72,54.38,1.231e-10,0.402,0.3259,0.1062
NGC4157,Sb–Sbc,10.47,14.62,8.963e-11,0.451,0.3643,0.1327
NGC4157,Sb–Sbc,12.19,6.74,6.624e-11,0.500,0.4488,0.2014
NGC4157,Sb–Sbc,13.94,3.75,5.006e-11,0.540,0.5176,0.2679
NGC4157,Sb–Sbc,15.68,2.10,3.886e-11,0.575,0.5919,0.3504
NGC4157,Sb–Sbc,17.42,1.22,3.233e-11,0.600,0.6043,0.3651
NGC4157,Sb–Sbc,19.16,0.33,2.653e-11,0.625,0.6523,0.4255
NGC4157,Sb–Sbc,20.90,0.27,2.183e-11,0.650,0.7421,0.5507
NGC4157,Sb–Sbc,22.65,0.14,1.933e-11,0.665,0.7709,0.5943
NGC4157,Sb–Sbc,24.39,0.04,1.652e-11,0.684,0.8250,0.6806
NGC4157,Sb–Sbc,26.13,0.02,1.415e-11,0.701,0.8679,0.7533
NGC4157,Sb–Sbc,27.87,0.01,1.226e-11,0.716,0.8772,0.7695
NGC4157,Sb–Sbc,29.61,0.00,1.077e-11,0.729,0.9198,0.8460
NGC4217,Sb–Sbc,7.85,15.08,1.379e-10,0.423,0.0790,0.0062
NGC4217,Sb–Sbc,8.72,4.04,1.119e-10,0.451,0.2418,0.0585
NGC4217,Sb–Sbc,9.60,2.22,9.178e-11,0.478,0.3732,0.1392
NGC4217,Sb–Sbc,10.47,1.91,7.727e-11,0.501,0.4596,0.2113
NGC4217,Sb–Sbc,11.35,1.64,6.606e-11,0.521,0.4998,0.2498
NGC4217,Sb–Sbc,12.19,1.23,5.728e-11,0.539,0.5177,0.2680
NGC4217,Sb–Sbc,13.12,0.81,4.952e-11,0.557,0.5323,0.2833
NGC4217,Sb–Sbc,13.94,0.56,4.376e-11,0.573,0.5232,0.2738
NGC4217,Sb–Sbc,14.86,0.38,3.846e-11,0.589,0.5418,0.2936
NGC4217,Sb–Sbc,15.79,0.25,3.420e-11,0.604,0.5781,0.3342
NGC4217,Sb–Sbc,16.72,0.18,3.079e-11,0.617,0.6184,0.3824
NGC5005,Sb–Sbc,2.46,785.90,7.765e-10,0.252,0.0546,0.0030
NGC5005,Sb–Sbc,3.44,433.94,5.777e-10,0.276,0.2904,0.0843
NGC5005,Sb–Sbc,3.93,321.75,4.908e-10,0.292,0.3082,0.0950
NGC5005,Sb–Sbc,4.42,280.37,4.190e-10,0.308,0.3701,0.1370
NGC5005,Sb–Sbc,4.92,241.19,3.682e-10,0.320,0.4051,0.1641
NGC5005,Sb–Sbc,5.74,193.71,3.079e-10,0.336,0.4913,0.2414
NGC5005,Sb–Sbc,6.56,139.44,2.642e-10,0.350,0.5450,0.2970
NGC5005,Sb–Sbc,7.37,104.41,2.261e-10,0.366,0.6145,0.3777
NGC5005,Sb–Sbc,8.19,84.54,1.977e-10,0.380,0.6628,0.4393
NGC5005,Sb–Sbc,9.01,62.27,1.755e-10,0.391,0.6843,0.4682
NGC5005,Sb–Sbc,9.83,40.35,1.541e-10,0.405,0.7204,0.5190
NGC5005,Sb–Sbc,10.65,24.64,1.333e-10,0.424,0.8051,0.6482
NGC5005,Sb–Sbc,11.47,15.56,1.147e-10,0.443,0.9167,0.8403
NGC5055,Sb–Sbc,5.03,209.14,2.418e-10,0.357,0.0236,0.0006
NGC5055,Sb–Sbc,5.75,173.56,2.162e-10,0.366,0.0926,0.0086
NGC5055,Sb–Sbc,6.46,131.19,1.981e-10,0.371,0.0915,0.0084
NGC5055,Sb–Sbc,7.18,102.75,1.737e-10,0.386,0.1291,0.0167
NGC5055,Sb–Sbc,7.91,80.44,1.537e-10,0.401,0.1969,0.0388
NGC5055,Sb–Sbc,8.62,64.56,1.372e-10,0.414,0.2312,0.0534
NGC5055,Sb–Sbc,11.49,26.32,8.814e-11,0.471,0.4019,0.1615
NGC5055,Sb–Sbc,14.30,12.57,6.212e-11,0.519,0.5083,0.2584
NGC5055,Sb–Sbc,17.19,4.73,4.520e-11,0.559,0.5665,0.3210
NGC5055,Sb–Sbc,20.07,1.79,3.248e-11,0.604,0.6478,0.4197
NGC5055,Sb–Sbc,22.96,0.89,2.414e-11,0.642,0.6690,0.4476
NGC5055,Sb–Sbc,25.85,0.29,1.866e-11,0.673,0.6668,0.4446
NGC5055,Sb–Sbc,28.74,0.07,1.511e-11,0.698,0.6604,0.4362
NGC5055,Sb–Sbc,31.62,0.04,1.261e-11,0.718,0.6639,0.4407
NGC5055,Sb–Sbc,34.51,0.02,1.081e-11,0.734,0.6557,0.4299
NGC5055,Sb–Sbc,37.40,0.01,9.129e-12,0.751,0.6986,0.4881
NGC5055,Sb–Sbc,40.29,0.01,8.011e-12,0.764,0.6970,0.4858
NGC5055,Sb–Sbc,43.17,0.00,7.110e-12,0.775,0.6930,0.4802
NGC5055,Sb–Sbc,45.92,0.00,6.456e-12,0.783,0.6922,0.4792
NGC5055,Sb–Sbc,48.81,0.00,5.772e-12,0.793,0.7014,0.4920
NGC5055,Sb–Sbc,51.70,0.00,5.161e-12,0.802,0.6606,0.4364
NGC5055,Sb–Sbc,54.59,0.00,4.582e-12,0.811,0.6584,0.4335
NGC5371,Sb–Sbc,2.88,362.56,3.043e-10,0.297,1.6781,2.8159
NGC5371,Sb–Sbc,4.33,293.33,2.076e-10,0.366,1.1547,1.3334
NGC5371,Sb–Sbc,5.78,215.58,1.666e-10,0.400,0.8115,0.6586
NGC5371,Sb–Sbc,7.22,178.02,1.351e-10,0.433,0.7022,0.4931
NGC5371,Sb–Sbc,8.66,164.10,1.198e-10,0.447,0.6499,0.4223
NGC5371,Sb–Sbc,11.55,126.53,1.116e-10,0.441,0.4624,0.2138
NGC5371,Sb–Sbc,14.48,76.69,1.023e-10,0.441,0.2910,0.0847
NGC5371,Sb–Sbc,17.28,49.25,8.480e-11,0.465,0.3392,0.1150
NGC5371,Sb–Sbc,20.20,32.67,7.330e-11,0.480,0.2938,0.0863
NGC5371,Sb–Sbc,23.12,16.22,6.157e-11,0.502,0.3091,0.0955
NGC5371,Sb–Sbc,26.04,6.95,4.851e-11,0.537,0.3495,0.1222
NGC5371,Sb–Sbc,28.84,3.61,3.847e-11,0.571,0.3695,0.1366
NGC5371,Sb–Sbc,31.76,2.08,3.109e-11,0.601,0.3253,0.1058
NGC5371,Sb–Sbc,34.68,0.72,2.579e-11,0.625,0.3320,0.1102
NGC5371,Sb–Sbc,37.48,0.00,2.112e-11,0.653,0.4104,0.1684
NGC5371,Sb–Sbc,40.40,0.00,1.768e-11,0.675,0.4729,0.2236
NGC5371,Sb–Sbc,43.32,0.00,1.507e-11,0.694,0.4975,0.2475
NGC5371,Sb–Sbc,46.24,0.00,1.306e-11,0.710,0.5861,0.3435
NGC5985,Sb–Sbc,4.23,149.31,1.143e-10,0.273,6.7818,45.9924
NGC5985,Sb–Sbc,4.97,143.26,9.550e-11,0.360,5.6884,32.3579
NGC5985,Sb–Sbc,5.74,136.22,8.582e-11,0.408,4.8958,23.9691
NGC5985,Sb–Sbc,6.47,129.91,8.035e-11,0.436,4.2878,18.3854
NGC5985,Sb–Sbc,7.22,122.67,7.803e-11,0.449,3.9921,15.9370
NGC5985,Sb–Sbc,8.02,110.56,7.518e-11,0.461,4.0081,16.0646
NGC5985,Sb–Sbc,8.79,103.48,7.283e-11,0.469,3.6582,13.3823
NGC5985,Sb–Sbc,9.50,97.94,7.175e-11,0.471,3.4247,11.7289
NGC5985,Sb–Sbc,10.27,91.40,7.205e-11,0.468,3.3994,11.5558
NGC5985,Sb–Sbc,11.08,78.50,7.176e-11,0.466,3.1141,9.6976
NGC5985,Sb–Sbc,11.82,68.99,6.974e-11,0.469,2.9831,8.8989
NGC5985,Sb–Sbc,12.56,60.99,6.733e-11,0.473,2.8066,7.8771
NGC5985,Sb–Sbc,13.39,53.89,6.467e-11,0.478,2.7093,7.3402
NGC5985,Sb–Sbc,14.10,47.17,6.252e-11,0.482,2.4815,6.1580
NGC5985,Sb–Sbc,14.93,39.48,5.909e-11,0.490,2.2836,5.2148
NGC5985,Sb–Sbc,15.64,35.43,5.601e-11,0.498,2.2111,4.8891
NGC5985,Sb–Sbc,16.35,32.65,5.353e-11,0.504,2.0773,4.3152
NGC5985,Sb–Sbc,17.18,27.62,5.090e-11,0.511,2.0501,4.2030
NGC5985,Sb–Sbc,17.89,22.98,4.814e-11,0.519,1.9266,3.7119
NGC5985,Sb–Sbc,18.72,20.07,4.463e-11,0.531,1.9374,3.7534
NGC5985,Sb–Sbc,19.44,18.79,4.207e-11,0.540,2.0628,4.2551
NGC5985,Sb–Sbc,20.26,17.16,3.983e-11,0.548,1.9607,3.8445
NGC5985,Sb–Sbc,20.98,15.54,3.803e-11,0.555,1.9030,3.6216
NGC5985,Sb–Sbc,21.69,14.06,3.627e-11,0.561,1.9251,3.7059
NGC5985,Sb–Sbc,22.52,12.74,3.437e-11,0.569,1.9819,3.9281
NGC5985,Sb–Sbc,23.23,11.86,3.287e-11,0.576,2.0230,4.0925
NGC5985,Sb–Sbc,24.06,11.00,3.137e-11,0.582,1.9319,3.7321
NGC5985,Sb–Sbc,24.77,10.27,3.019e-11,0.587,1.8819,3.5416
NGC5985,Sb–Sbc,25.95,9.23,2.847e-11,0.593,1.9674,3.8708
NGC5985,Sb–Sbc,28.92,5.04,2.426e-11,0.611,1.8747,3.5146
NGC5985,Sb–Sbc,31.76,3.13,2.053e-11,0.634,1.8059,3.2614
NGC5985,Sb–Sbc,34.72,1.81,1.811e-11,0.647,1.7408,3.0304
NGC6195,Sb–Sbc,2.34,1120.27,6.976e-10,0.234,0.3757,0.1412
NGC6195,Sb–Sbc,3.33,715.07,5.157e-10,0.280,0.3881,0.1506
NGC6195,Sb–Sbc,4.34,470.68,4.072e-10,0.309,0.1655,0.0274
NGC6195,Sb–Sbc,5.35,354.00,3.310e-10,0.333,0.1085,0.0118
NGC6195,Sb–Sbc,8.32,137.86,2.125e-10,0.376,0.1967,0.0387
NGC6195,Sb–Sbc,9.34,115.99,1.834e-10,0.393,0.2527,0.0639
NGC6195,Sb–Sbc,10.38,98.97,1.626e-10,0.405,0.1828,0.0334
NGC6195,Sb–Sbc,11.36,82.65,1.459e-10,0.418,0.3370,0.1135
NGC6195,Sb–Sbc,12.34,73.96,1.314e-10,0.431,0.2639,0.0696
NGC6195,Sb–Sbc,13.32,70.97,1.209e-10,0.441,0.2887,0.0834
NGC6195,Sb–Sbc,14.30,66.27,1.134e-10,0.447,0.1632,0.0266
NGC6195,Sb–Sbc,15.47,57.79,1.066e-10,0.451,0.2658,0.0707
NGC6195,Sb–Sbc,16.35,49.75,1.009e-10,0.457,0.2715,0.0737
NGC6195,Sb–Sbc,17.92,42.47,9.150e-11,0.467,0.3026,0.0916
NGC6195,Sb–Sbc,19.10,36.23,8.568e-11,0.473,0.3547,0.1258
NGC6195,Sb–Sbc,22.52,18.25,6.847e-11,0.498,0.3591,0.1289
NGC6195,Sb–Sbc,26.05,8.70,5.208e-11,0.536,0.4893,0.2394
NGC6195,Sb–Sbc,29.48,4.82,4.013e-11,0.573,0.5827,0.3395
NGC6195,Sb–Sbc,33.00,3.82,3.181e-11,0.605,0.5484,0.3008
NGC6195,Sb–Sbc,36.43,3.25,2.689e-11,0.627,0.5973,0.3568
NGC6674,Sb–Sbc,7.49,141.07,1.330e-10,0.406,2.4015,5.7674
NGC6674,Sb–Sbc,12.54,53.33,8.150e-11,0.473,1.8763,3.5204
NGC6674,Sb–Sbc,17.45,20.18,5.111e-11,0.535,1.5035,2.2605
NGC6674,Sb–Sbc,22.47,9.86,3.450e-11,0.586,1.3845,1.9170
NGC6674,Sb–Sbc,27.48,4.17,2.503e-11,0.627,1.2296,1.5119
NGC6674,Sb–Sbc,32.50,1.81,1.850e-11,0.666,1.1894,1.4148
NGC6674,Sb–Sbc,37.51,0.79,1.415e-11,0.698,1.1133,1.2395
NGC6674,Sb–Sbc,42.42,0.35,1.136e-11,0.724,1.0606,1.1248
NGC6674,Sb–Sbc,47.44,0.15,9.208e-12,0.746,1.0534,1.1097
NGC6674,Sb–Sbc,52.45,0.07,7.456e-12,0.767,1.0991,1.2080
NGC6674,Sb–Sbc,57.47,0.03,6.382e-12,0.782,1.1665,1.3607
NGC6674,Sb–Sbc,62.48,0.01,5.484e-12,0.795,1.2180,1.4836
NGC6674,Sb–Sbc,67.40,0.01,4.653e-12,0.808,1.1970,1.4329
NGC6674,Sb–Sbc,72.41,0.00,3.938e-12,0.821,1.2310,1.5154
NGC7331,Sb–Sbc,7.48,98.47,2.796e-10,0.275,0.0623,0.0039
NGC7331,Sb–Sbc,8.55,62.85,2.158e-10,0.309,0.3172,0.1006
NGC7331,Sb–Sbc,9.62,54.38,1.772e-10,0.335,0.3370,0.1135
NGC7331,Sb–Sbc,10.66,39.85,1.491e-10,0.358,0.4377,0.1916
NGC7331,Sb–Sbc,11.74,34.44,1.264e-10,0.381,0.5238,0.2743
NGC7331,Sb–Sbc,12.83,27.54,1.100e-10,0.399,0.5516,0.3043
NGC7331,Sb–Sbc,13.91,21.71,9.650e-11,0.418,0.5771,0.3330
NGC7331,Sb–Sbc,15.00,17.68,8.467e-11,0.436,0.5757,0.3314
NGC7331,Sb–Sbc,16.08,15.34,7.518e-11,0.453,0.5959,0.3551
NGC7331,Sb–Sbc,17.07,13.66,6.831e-11,0.466,0.5829,0.3398
NGC7331,Sb–Sbc,18.15,11.91,6.262e-11,0.478,0.6125,0.3751
NGC7331,Sb–Sbc,19.24,9.99,5.800e-11,0.488,0.6470,0.4186
NGC7331,Sb–Sbc,20.32,7.08,5.353e-11,0.499,0.6758,0.4567
NGC7331,Sb–Sbc,21.41,4.69,4.866e-11,0.513,0.7220,0.5213
NGC7331,Sb–Sbc,22.49,3.79,4.439e-11,0.528,0.7786,0.6062
NGC7331,Sb–Sbc,23.48,3.24,4.108e-11,0.539,0.7734,0.5981
NGC7331,Sb–Sbc,24.57,2.67,3.741e-11,0.551,0.7985,0.6376
NGC7331,Sb–Sbc,25.65,2.19,3.428e-11,0.562,0.8189,0.6707
NGC7331,Sb–Sbc,26.74,1.76,3.158e-11,0.573,0.8737,0.7633
NGC7331,Sb–Sbc,27.82,1.42,2.910e-11,0.584,0.9176,0.8420
NGC7331,Sb–Sbc,28.91,1.14,2.676e-11,0.594,0.9515,0.9053
NGC7331,Sb–Sbc,29.89,0.94,2.483e-11,0.603,1.0104,1.0209
NGC7331,Sb–Sbc,30.98,0.76,2.292e-11,0.613,0.9744,0.9494
NGC7331,Sb–Sbc,32.06,0.61,2.131e-11,0.622,0.9988,0.9977
NGC7331,Sb–Sbc,33.15,0.49,1.996e-11,0.630,1.0559,1.1150
NGC7331,Sb–Sbc,34.23,0.40,1.873e-11,0.638,1.0448,1.0916
NGC7331,Sb–Sbc,35.32,0.00,1.755e-11,0.645,1.1219,1.2586
NGC7331,Sb–Sbc,36.31,0.00,1.639e-11,0.653,1.1053,1.2216
F571-8,Sc–Scd,3.44,17.99,5.473e-11,0.554,0.2079,0.0432
F571-8,Sc–Scd,3.78,12.51,4.655e-11,0.574,0.2946,0.0868
F571-8,Sc–Scd,4.77,4.25,2.925e-11,0.636,0.8935,0.7983
F571-8,Sc–Scd,5.44,3.32,2.273e-11,0.666,1.1484,1.3189
F571-8,Sc–Scd,6.11,3.08,1.805e-11,0.693,1.3089,1.7132
F571-8,Sc–Scd,7.22,2.70,1.353e-11,0.722,1.5799,2.4960
F571-8,Sc–Scd,9.33,1.40,8.579e-12,0.765,1.9555,3.8242
F571-8,Sc–Scd,11.10,0.89,6.431e-12,0.788,2.1192,4.4910
F571-8,Sc–Scd,15.55,0.00,3.467e-12,0.835,2.2717,5.1604
F583-4,Sc–Scd,0.76,30.04,6.776e-12,0.834,0.5668,0.3213
F583-4,Sc–Scd,1.31,21.02,9.043e-12,0.782,0.8728,0.7618
F583-4,Sc–Scd,1.94,15.54,9.094e-12,0.766,0.7164,0.5133
F583-4,Sc–Scd,3.92,4.82,6.648e-12,0.780,0.7777,0.6048
F583-4,Sc–Scd,4.35,4.34,6.128e-12,0.785,0.8175,0.6683
F583-4,Sc–Scd,5.00,3.19,5.640e-12,0.786,0.8448,0.7136
F583-4,Sc–Scd,5.05,3.10,5.590e-12,0.787,0.9429,0.8891
F583-4,Sc–Scd,5.83,1.85,4.908e-12,0.797,0.8489,0.7207
F583-4,Sc–Scd,6.09,1.76,4.729e-12,0.799,0.9207,0.8477
F583-4,Sc–Scd,6.74,1.45,4.667e-12,0.794,0.9469,0.8966
F583-4,Sc–Scd,7.29,0.00,4.081e-12,0.809,1.0180,1.0363
NGC0024,Sc–Scd,0.32,153.72,3.384e-11,0.651,1.0065,1.0131
NGC0024,Sc–Scd,0.43,134.29,3.366e-11,0.671,0.9405,0.8846
NGC0024,Sc–Scd,0.54,120.63,3.549e-11,0.662,1.3178,1.7367
NGC0024,Sc–Scd,0.64,111.34,3.538e-11,0.661,1.9575,3.8319
NGC0024,Sc–Scd,0.74,106.02,3.559e-11,0.657,2.0599,4.2432
NGC0024,Sc–Scd,0.85,103.05,3.682e-11,0.647,2.3794,5.6617
NGC0024,Sc–Scd,0.96,95.73,3.845e-11,0.634,2.3842,5.6845
NGC0024,Sc–Scd,1.07,89.95,3.968e-11,0.623,2.2116,4.8910
NGC0024,Sc–Scd,1.17,83.67,4.046e-11,0.615,2.1495,4.6201
NGC0024,Sc–Scd,1.28,79.57,4.139e-11,0.606,2.0760,4.3098
NGC0024,Sc–Scd,1.38,75.17,4.219e-11,0.598,2.0678,4.2757
NGC0024,Sc–Scd,1.48,69.73,4.329e-11,0.589,2.0388,4.1565
NGC0024,Sc–Scd,1.59,62.84,4.361e-11,0.583,2.1185,4.4880
NGC0024,Sc–Scd,1.70,55.70,4.371e-11,0.577,1.9934,3.9737
NGC0024,Sc–Scd,1.80,49.84,4.304e-11,0.577,2.0434,4.1754
NGC0024,Sc–Scd,1.91,43.90,4.225e-11,0.576,2.0165,4.0663
NGC0024,Sc–Scd,2.02,38.53,4.083e-11,0.579,2.1880,4.7874
NGC0024,Sc–Scd,2.13,34.48,3.947e-11,0.582,2.0460,4.1862
NGC0024,Sc–Scd,2.23,32.00,3.814e-11,0.585,2.1547,4.6428
NGC0024,Sc–Scd,2.34,28.97,3.703e-11,0.588,2.1377,4.5696
NGC0024,Sc–Scd,2.44,26.16,3.596e-11,0.590,2.2427,5.0298
NGC0024,Sc–Scd,2.54,23.73,3.480e-11,0.594,2.1879,4.7868
NGC0024,Sc–Scd,2.65,21.58,3.359e-11,0.597,2.0830,4.3389
NGC0024,Sc–Scd,2.76,19.64,3.242e-11,0.601,2.0873,4.3567
NGC0024,Sc–Scd,7.07,0.85,9.423e-12,0.763,1.3217,1.7469
NGC0024,Sc–Scd,8.49,0.24,6.590e-12,0.796,1.4143,2.0004
NGC0024,Sc–Scd,9.91,0.10,4.708e-12,0.823,1.5571,2.4244
NGC0024,Sc–Scd,11.27,0.00,3.517e-12,0.845,1.6365,2.6782
NGC0100,Sc–Scd,0.69,57.16,1.309e-11,0.782,0.1215,0.0148
NGC0100,Sc–Scd,1.15,46.49,1.660e-11,0.733,0.3100,0.0961
NGC0100,Sc–Scd,1.59,35.00,1.737e-11,0.711,0.4629,0.2142
NGC0100,Sc–Scd,2.05,27.31,1.700e-11,0.700,0.5631,0.3171
NGC0100,Sc–Scd,2.51,21.59,1.649e-11,0.692,0.6274,0.3936
NGC0100,Sc–Scd,2.97,16.57,1.600e-11,0.687,0.7336,0.5381
NGC0100,Sc–Scd,3.42,12.75,1.534e-11,0.685,0.8483,0.7196
NGC0100,Sc–Scd,3.88,8.05,1.387e-11,0.695,0.9746,0.9498
NGC0100,Sc–Scd,4.34,6.53,1.234e-11,0.708,1.0359,1.0731
NGC0100,Sc–Scd,4.79,4.88,1.110e-11,0.718,1.0547,1.1123
NGC0100,Sc–Scd,5.24,3.70,1.004e-11,0.728,1.0633,1.1307
NGC0100,Sc–Scd,5.70,2.52,8.893e-12,0.741,1.0265,1.0537
NGC0100,Sc–Scd,6.16,2.10,7.855e-12,0.754,1.0643,1.1326
NGC0100,Sc–Scd,7.16,1.19,6.192e-12,0.777,1.1698,1.3684
NGC0100,Sc–Scd,7.52,1.00,5.763e-12,0.784,1.1975,1.4340
NGC0100,Sc–Scd,7.98,0.81,5.291e-12,0.792,1.2305,1.5141
NGC0100,Sc–Scd,8.44,0.64,4.921e-12,0.799,1.2525,1.5689
NGC0100,Sc–Scd,8.90,0.48,4.620e-12,0.805,1.2703,1.6136
NGC0100,Sc–Scd,9.35,0.42,4.382e-12,0.810,1.2791,1.6360
NGC0100,Sc–Scd,9.62,0.41,4.287e-12,0.813,1.2773,1.6315
NGC0801,Sc–Scd,1.96,935.14,4.467e-10,0.275,1.4666,2.1510
NGC0801,Sc–Scd,2.73,656.86,4.161e-10,0.293,1.1678,1.3638
NGC0801,Sc–Scd,3.52,412.80,3.654e-10,0.306,0.9673,0.9356
NGC0801,Sc–Scd,10.59,79.75,1.125e-10,0.487,0.4484,0.2011
NGC0801,Sc–Scd,17.65,24.00,5.706e-11,0.567,0.4809,0.2313
NGC0801,Sc–Scd,24.61,18.12,3.677e-11,0.613,0.4624,0.2138
NGC0801,Sc–Scd,31.67,7.64,2.823e-11,0.635,0.4522,0.2045
NGC0801,Sc–Scd,38.74,2.97,2.033e-11,0.673,0.4735,0.2242
NGC0801,Sc–Scd,45.80,1.06,1.431e-11,0.715,0.5049,0.2549
NGC0801,Sc–Scd,52.86,0.60,1.096e-11,0.743,0.5580,0.3114
NGC0801,Sc–Scd,59.82,0.00,9.204e-12,0.760,0.5512,0.3039
NGC1003,Sc–Scd,2.08,53.80,3.311e-11,0.561,0.5209,0.2713
NGC1003,Sc–Scd,2.90,33.80,3.266e-11,0.567,0.5760,0.3317
NGC1003,Sc–Scd,3.73,23.64,2.812e-11,0.590,0.5977,0.3573
NGC1003,Sc–Scd,4.56,14.96,2.455e-11,0.605,0.6622,0.4385
NGC1003,Sc–Scd,5.39,7.33,2.118e-11,0.621,0.7855,0.6170
NGC1003,Sc–Scd,6.22,3.92,1.646e-11,0.660,0.9194,0.8453
NGC1003,Sc–Scd,7.04,2.62,1.369e-11,0.685,1.0579,1.1192
NGC1003,Sc–Scd,7.87,1.61,1.196e-11,0.704,1.1168,1.2472
NGC1003,Sc–Scd,8.70,1.01,1.037e-11,0.721,1.0024,1.0048
NGC1003,Sc–Scd,9.54,0.53,8.970e-12,0.738,0.9458,0.8945
NGC1003,Sc–Scd,10.34,0.29,7.757e-12,0.754,0.9515,0.9053
NGC1003,Sc–Scd,11.21,0.18,6.892e-12,0.767,0.8358,0.6986
NGC1003,Sc–Scd,11.98,0.11,6.329e-12,0.776,0.8236,0.6783
NGC1003,Sc–Scd,12.85,0.07,5.770e-12,0.785,0.8128,0.6606
NGC1003,Sc–Scd,13.72,0.04,5.275e-12,0.794,0.8331,0.6940
NGC1003,Sc–Scd,14.49,0.03,4.865e-12,0.801,0.8310,0.6905
NGC1003,Sc–Scd,15.36,0.01,4.454e-12,0.809,0.8852,0.7836
NGC1003,Sc–Scd,16.13,0.01,4.094e-12,0.815,0.9760,0.9526
NGC1003,Sc–Scd,17.00,0.01,3.866e-12,0.820,0.9501,0.9027
NGC1003,Sc–Scd,17.78,0.01,3.475e-12,0.828,0.9938,0.9876
NGC1003,Sc–Scd,18.65,0.00,3.160e-12,0.835,1.0951,1.1992
NGC1003,Sc–Scd,19.52,0.00,2.772e-12,0.844,1.1587,1.3426
NGC1003,Sc–Scd,20.29,0.00,2.570e-12,0.849,1.0913,1.1910
NGC1003,Sc–Scd,21.16,0.00,2.379e-12,0.854,1.0691,1.1429
NGC1003,Sc–Scd,21.93,0.00,2.165e-12,0.859,1.0918,1.1920
NGC1003,Sc–Scd,22.80,0.00,1.974e-12,0.865,1.1564,1.3374
NGC1003,Sc–Scd,23.67,0.00,1.767e-12,0.871,1.2148,1.4757
NGC1003,Sc–Scd,24.44,0.00,1.725e-12,0.873,1.2119,1.4688
NGC1003,Sc–Scd,25.31,0.00,1.611e-12,0.876,1.2149,1.4761
NGC1003,Sc–Scd,26.08,0.00,1.504e-12,0.880,1.2260,1.5032
NGC1003,Sc–Scd,26.95,0.00,1.530e-12,0.880,1.2370,1.5301
NGC1003,Sc–Scd,27.73,0.00,1.733e-12,0.874,1.1240,1.2635
NGC1003,Sc–Scd,28.60,0.00,1.731e-12,0.874,1.0412,1.0841
NGC1003,Sc–Scd,29.47,0.00,1.871e-12,0.870,0.9728,0.9464
NGC1003,Sc–Scd,30.24,0.00,2.029e-12,0.866,0.9291,0.8632
NGC2403,Sc–Scd,0.26,503.18,7.779e-11,0.591,0.6901,0.4762
NGC2403,Sc–Scd,0.36,469.13,9.963e-11,0.556,0.5481,0.3004
NGC2403,Sc–Scd,0.46,394.89,1.135e-10,0.527,0.6087,0.3705
NGC2403,Sc–Scd,0.56,312.32,1.181e-10,0.511,0.7826,0.6124
NGC2403,Sc–Scd,0.66,255.82,1.125e-10,0.513,0.8449,0.7138
NGC2403,Sc–Scd,0.76,234.66,1.074e-10,0.514,0.9835,0.9673
NGC2403,Sc–Scd,0.86,201.26,1.004e-10,0.521,1.0008,1.0017
NGC2403,Sc–Scd,0.96,190.59,9.516e-11,0.525,0.8807,0.7757
NGC2403,Sc–Scd,1.06,179.81,9.150e-11,0.527,0.8626,0.7441
NGC2403,Sc–Scd,1.16,172.71,8.885e-11,0.527,0.8416,0.7082
NGC2403,Sc–Scd,1.27,166.13,8.685e-11,0.526,0.9415,0.8865
NGC2403,Sc–Scd,1.36,158.78,8.719e-11,0.520,0.9616,0.9247
NGC2403,Sc–Scd,1.47,148.62,8.598e-11,0.517,0.8954,0.8017
NGC2403,Sc–Scd,1.57,143.36,8.577e-11,0.512,0.9154,0.8379
NGC2403,Sc–Scd,1.67,135.50,8.645e-11,0.506,0.9328,0.8701
NGC2403,Sc–Scd,1.77,126.19,8.664e-11,0.500,0.8388,0.7036
NGC2403,Sc–Scd,1.87,115.53,8.605e-11,0.497,0.8353,0.6978
NGC2403,Sc–Scd,1.97,107.25,8.537e-11,0.494,0.8407,0.7067
NGC2403,Sc–Scd,2.08,101.58,8.469e-11,0.491,0.8379,0.7021
NGC2403,Sc–Scd,2.18,88.89,8.441e-11,0.486,0.7374,0.5437
NGC2403,Sc–Scd,2.28,71.63,8.177e-11,0.489,0.7072,0.5002
NGC2403,Sc–Scd,2.37,62.73,7.793e-11,0.496,0.7046,0.4964
NGC2403,Sc–Scd,2.47,57.75,7.401e-11,0.503,0.6682,0.4465
NGC2403,Sc–Scd,2.57,54.32,7.059e-11,0.509,0.6981,0.4873
NGC2403,Sc–Scd,2.68,49.51,6.694e-11,0.516,0.6966,0.4853
NGC2403,Sc–Scd,2.78,45.83,6.396e-11,0.522,0.6943,0.4821
NGC2403,Sc–Scd,2.88,43.38,6.123e-11,0.528,0.7203,0.5189
NGC2403,Sc–Scd,2.98,41.90,5.888e-11,0.533,0.7429,0.5519
NGC2403,Sc–Scd,3.08,40.90,5.702e-11,0.536,0.7953,0.6325
NGC2403,Sc–Scd,3.19,39.18,5.516e-11,0.540,0.7491,0.5611
NGC2403,Sc–Scd,3.29,37.68,5.399e-11,0.541,0.7301,0.5330
NGC2403,Sc–Scd,3.39,35.99,5.303e-11,0.542,0.7713,0.5948
NGC2403,Sc–Scd,3.49,33.74,5.205e-11,0.543,0.8776,0.7702
NGC2403,Sc–Scd,3.59,31.20,5.081e-11,0.545,0.9583,0.9183
NGC2403,Sc–Scd,3.69,28.39,4.995e-11,0.546,1.0012,1.0025
NGC2403,Sc–Scd,3.79,26.21,4.880e-11,0.549,1.0504,1.1033
NGC2403,Sc–Scd,3.90,23.98,4.733e-11,0.552,1.1707,1.3706
NGC2403,Sc–Scd,3.99,22.29,4.611e-11,0.556,1.1607,1.3471
NGC2403,Sc–Scd,4.47,15.97,4.068e-11,0.572,1.1091,1.2300
NGC2403,Sc–Scd,4.97,12.09,3.576e-11,0.588,1.1723,1.3743
NGC2403,Sc–Scd,5.47,7.99,3.152e-11,0.603,1.2439,1.5474
NGC2403,Sc–Scd,5.96,5.66,2.770e-11,0.620,1.2664,1.6037
NGC2403,Sc–Scd,6.46,3.95,2.442e-11,0.636,1.2919,1.6689
NGC2403,Sc–Scd,6.96,2.75,2.196e-11,0.650,1.2739,1.6227
NGC2403,Sc–Scd,7.45,1.94,1.994e-11,0.663,1.2533,1.5708
NGC2403,Sc–Scd,7.95,1.35,1.821e-11,0.675,1.2321,1.5180
NGC2403,Sc–Scd,8.45,0.95,1.685e-11,0.685,1.2303,1.5136
NGC2403,Sc–Scd,8.94,0.67,1.574e-11,0.693,1.2276,1.5069
NGC2403,Sc–Scd,9.44,0.47,1.474e-11,0.701,1.1988,1.4372
NGC2403,Sc–Scd,9.94,0.33,1.380e-11,0.709,1.1518,1.3267
NGC2403,Sc–Scd,10.43,0.23,1.311e-11,0.716,1.1226,1.2602
NGC2403,Sc–Scd,10.93,0.16,1.243e-11,0.722,1.1215,1.2578
NGC2403,Sc–Scd,11.43,0.11,1.177e-11,0.728,1.1499,1.3222
NGC2403,Sc–Scd,11.92,0.08,1.111e-11,0.734,1.1373,1.2935
NGC2403,Sc–Scd,12.42,0.06,1.054e-11,0.739,1.1675,1.3630
NGC2403,Sc–Scd,12.92,0.04,9.995e-12,0.745,1.1779,1.3874
NGC2403,Sc–Scd,13.42,0.03,9.392e-12,0.751,1.1760,1.3831
NGC2403,Sc–Scd,13.91,0.02,8.803e-12,0.757,1.1805,1.3936
NGC2403,Sc–Scd,14.41,0.01,8.290e-12,0.763,1.1806,1.3938
NGC2403,Sc–Scd,14.91,0.01,7.825e-12,0.768,1.2027,1.4465
NGC2403,Sc–Scd,15.40,0.01,7.386e-12,0.774,1.2050,1.4520
NGC2403,Sc–Scd,15.90,0.01,6.958e-12,0.779,1.1872,1.4096
NGC2403,Sc–Scd,16.40,0.01,6.552e-12,0.784,1.2162,1.4790
NGC2403,Sc–Scd,16.89,0.00,6.145e-12,0.790,1.2282,1.5084
NGC2403,Sc–Scd,17.39,0.00,5.780e-12,0.795,1.2826,1.6452
NGC2403,Sc–Scd,17.89,0.00,5.426e-12,0.800,1.2952,1.6774
NGC2403,Sc–Scd,18.38,0.00,5.105e-12,0.805,1.2853,1.6519
NGC2403,Sc–Scd,18.88,0.00,4.799e-12,0.810,1.2532,1.5706
NGC2403,Sc–Scd,19.38,0.00,4.567e-12,0.813,1.2788,1.6354
NGC2403,Sc–Scd,19.87,0.00,4.406e-12,0.816,1.3169,1.7343
NGC2403,Sc–Scd,20.37,0.00,4.251e-12,0.819,1.2872,1.6569
NGC2403,Sc–Scd,20.87,0.00,4.109e-12,0.821,1.2578,1.5820
NGC2976,Sc–Scd,0.31,163.40,2.881e-11,0.731,0.1553,0.0241
NGC2976,Sc–Scd,0.38,153.25,3.035e-11,0.721,0.3536,0.1251
NGC2976,Sc–Scd,0.45,147.47,3.181e-11,0.710,0.3525,0.1243
NGC2976,Sc–Scd,0.52,143.41,3.353e-11,0.698,0.2299,0.0528
NGC2976,Sc–Scd,0.59,138.64,3.540e-11,0.685,0.2576,0.0664
NGC2976,Sc–Scd,0.66,133.17,3.717e-11,0.672,0.3238,0.1049
NGC2976,Sc–Scd,0.73,129.19,3.883e-11,0.661,0.3968,0.1575
NGC2976,Sc–Scd,0.80,125.03,4.037e-11,0.651,0.4548,0.2068
NGC2976,Sc–Scd,0.87,122.28,4.193e-11,0.640,0.4940,0.2441
NGC2976,Sc–Scd,0.94,122.77,4.395e-11,0.628,0.5275,0.2782
NGC2976,Sc–Scd,1.01,124.14,4.706e-11,0.611,0.4138,0.1712
NGC2976,Sc–Scd,1.08,118.94,5.057e-11,0.594,0.3886,0.1510
NGC2976,Sc–Scd,1.14,115.00,5.354e-11,0.580,0.5331,0.2842
NGC2976,Sc–Scd,1.21,114.42,5.781e-11,0.563,0.6874,0.4726
NGC2976,Sc–Scd,1.29,108.16,6.263e-11,0.544,0.7072,0.5001
NGC2976,Sc–Scd,1.35,101.63,6.623e-11,0.531,0.6755,0.4563
NGC2976,Sc–Scd,1.42,94.71,6.966e-11,0.519,0.6332,0.4009
NGC2976,Sc–Scd,1.49,87.03,7.274e-11,0.509,0.6191,0.3833
NGC2976,Sc–Scd,1.56,77.70,7.551e-11,0.500,0.6177,0.3815
NGC2976,Sc–Scd,1.63,67.30,7.689e-11,0.495,0.6638,0.4406
NGC2976,Sc–Scd,1.74,49.97,7.678e-11,0.493,0.7150,0.5112
NGC2976,Sc–Scd,1.93,29.21,6.632e-11,0.513,0.7423,0.5509
NGC2976,Sc–Scd,2.10,23.05,5.771e-11,0.535,0.9600,0.9217
NGC2976,Sc–Scd,2.27,20.77,5.145e-11,0.551,0.8310,0.6905
NGC2998,Sc–Scd,0.99,595.22,1.423e-10,0.540,2.2112,4.8894
NGC2998,Sc–Scd,1.98,444.22,1.430e-10,0.509,1.4538,2.1137
NGC2998,Sc–Scd,2.64,392.06,1.470e-10,0.487,1.7998,3.2392
NGC2998,Sc–Scd,3.63,351.27,1.730e-10,0.430,1.4382,2.0684
NGC2998,Sc–Scd,7.59,96.44,1.060e-10,0.493,0.7288,0.5312
NGC2998,Sc–Scd,12.50,28.05,6.158e-11,0.549,0.7618,0.5803
NGC2998,Sc–Scd,17.48,8.71,4.039e-11,0.592,0.7330,0.5373
NGC2998,Sc–Scd,22.46,5.27,2.626e-11,0.648,0.8114,0.6584
NGC2998,Sc–Scd,27.44,2.63,1.965e-11,0.679,0.8268,0.6837
NGC2998,Sc–Scd,32.32,1.25,1.556e-11,0.705,0.8070,0.6513
NGC2998,Sc–Scd,37.30,0.48,1.227e-11,0.730,0.8172,0.6678
NGC2998,Sc–Scd,42.28,0.17,9.667e-12,0.754,0.7379,0.5445
NGC3198,Sc–Scd,1.28,164.67,8.658e-11,0.525,0.0007,0.0000
NGC3198,Sc–Scd,1.61,134.31,7.139e-11,0.555,0.2688,0.0723
NGC3198,Sc–Scd,1.93,123.83,5.808e-11,0.590,0.4925,0.2425
NGC3198,Sc–Scd,2.24,113.78,5.480e-11,0.593,0.5319,0.2829
NGC3198,Sc–Scd,2.57,102.51,4.983e-11,0.605,0.5937,0.3525
NGC3198,Sc–Scd,2.89,100.10,4.437e-11,0.624,0.8469,0.7172
NGC3198,Sc–Scd,3.21,104.29,4.441e-11,0.618,0.7878,0.6206
NGC3198,Sc–Scd,3.54,104.23,4.690e-11,0.600,0.8232,0.6777
NGC3198,Sc–Scd,3.85,98.03,4.958e-11,0.583,0.8370,0.7006
NGC3198,Sc–Scd,4.17,89.98,5.186e-11,0.567,0.8025,0.6441
NGC3198,Sc–Scd,4.50,82.09,5.236e-11,0.560,0.7451,0.5551
NGC3198,Sc–Scd,4.82,75.50,5.303e-11,0.552,0.8488,0.7205
NGC3198,Sc–Scd,5.15,69.04,5.291e-11,0.547,0.8873,0.7874
NGC3198,Sc–Scd,5.46,63.00,5.292e-11,0.542,0.8564,0.7334
NGC3198,Sc–Scd,5.78,56.81,5.258e-11,0.538,0.8585,0.7370
NGC3198,Sc–Scd,6.10,50.59,5.210e-11,0.535,0.8672,0.7520
NGC3198,Sc–Scd,6.43,43.26,5.127e-11,0.533,0.8595,0.7387
NGC3198,Sc–Scd,6.74,35.12,4.936e-11,0.537,0.8800,0.7744
NGC3198,Sc–Scd,7.06,28.84,4.635e-11,0.546,0.9241,0.8540
NGC3198,Sc–Scd,8.04,20.37,3.818e-11,0.574,0.9494,0.9014
NGC3198,Sc–Scd,9.04,15.91,3.210e-11,0.599,0.9687,0.9384
NGC3198,Sc–Scd,10.04,13.32,2.829e-11,0.614,1.0285,1.0578
NGC3198,Sc–Scd,11.04,10.51,2.570e-11,0.623,1.0530,1.1089
NGC3198,Sc–Scd,12.05,7.71,2.344e-11,0.633,1.0397,1.0809
NGC3198,Sc–Scd,14.05,3.21,1.883e-11,0.660,1.0388,1.0791
NGC3198,Sc–Scd,16.07,1.48,1.449e-11,0.696,0.9883,0.9767
NGC3198,Sc–Scd,18.13,1.20,1.168e-11,0.721,0.9990,0.9979
NGC3198,Sc–Scd,20.05,0.72,1.007e-11,0.737,1.0027,1.0055
NGC3198,Sc–Scd,22.12,0.36,8.594e-12,0.753,0.9808,0.9620
NGC3198,Sc–Scd,24.03,0.14,7.460e-12,0.768,0.9285,0.8621
NGC3198,Sc–Scd,26.10,0.08,6.615e-12,0.780,0.8944,0.8000
NGC3198,Sc–Scd,28.16,0.04,5.970e-12,0.789,0.8594,0.7385
NGC3198,Sc–Scd,30.08,0.02,5.327e-12,0.799,0.8308,0.6902
NGC3198,Sc–Scd,32.14,0.01,4.709e-12,0.810,0.8532,0.7280
NGC3198,Sc–Scd,34.06,0.01,4.303e-12,0.817,0.8620,0.7431
NGC3198,Sc–Scd,36.12,0.01,4.003e-12,0.823,0.8436,0.7117
NGC3198,Sc–Scd,38.19,0.00,3.736e-12,0.828,0.8413,0.7079
NGC3198,Sc–Scd,40.10,0.00,3.521e-12,0.832,0.8402,0.7059
NGC3198,Sc–Scd,42.17,0.00,3.370e-12,0.835,0.8143,0.6630
NGC3198,Sc–Scd,44.08,0.00,3.079e-12,0.842,0.8098,0.6559
NGC3726,Sc–Scd,5.24,100.22,8.316e-11,0.398,0.2449,0.0600
NGC3726,Sc–Scd,6.98,78.14,7.387e-11,0.435,0.4176,0.1744
NGC3726,Sc–Scd,8.72,33.17,6.415e-11,0.461,0.6530,0.4264
NGC3726,Sc–Scd,10.47,21.02,4.969e-11,0.504,0.6259,0.3917
NGC3726,Sc–Scd,12.19,13.40,4.051e-11,0.535,0.5903,0.3485
NGC3726,Sc–Scd,13.94,7.83,3.455e-11,0.561,0.4982,0.2482
NGC3726,Sc–Scd,16.03,3.35,2.785e-11,0.597,0.3699,0.1368
NGC3726,Sc–Scd,22.30,0.70,1.458e-11,0.679,0.7031,0.4943
NGC3726,Sc–Scd,27.52,0.14,9.204e-12,0.731,0.9615,0.9245
NGC3726,Sc–Scd,30.08,0.07,7.591e-12,0.750,1.0152,1.0306
NGC3726,Sc–Scd,32.52,0.00,6.453e-12,0.766,1.0099,1.0199
NGC3877,Sc–Scd,2.61,184.11,9.241e-11,0.498,0.9736,0.9480
NGC3877,Sc–Scd,3.50,158.68,8.227e-11,0.516,1.1921,1.4211
NGC3877,Sc–Scd,4.37,144.75,7.837e-11,0.518,1.1291,1.2750
NGC3877,Sc–Scd,5.24,135.91,8.115e-11,0.502,0.9443,0.8916
NGC3877,Sc–Scd,6.11,118.30,8.983e-11,0.469,0.6221,0.3870
NGC3877,Sc–Scd,6.98,86.60,8.991e-11,0.459,0.5183,0.2686
NGC3877,Sc–Scd,7.85,66.03,8.374e-11,0.465,0.4702,0.2211
NGC3877,Sc–Scd,8.72,50.62,7.793e-11,0.469,0.4458,0.1987
NGC3877,Sc–Scd,9.60,33.49,7.163e-11,0.477,0.4153,0.1725
NGC3877,Sc–Scd,10.47,21.67,6.172e-11,0.499,0.4515,0.2038
NGC3877,Sc–Scd,11.35,15.53,5.402e-11,0.517,0.4766,0.2272
NGC3893,Sc–Scd,1.74,519.38,3.866e-10,0.056,0.2202,0.0485
NGC3893,Sc–Scd,3.50,164.02,2.079e-10,0.326,0.7186,0.5164
NGC3893,Sc–Scd,5.24,68.50,1.430e-10,0.374,1.0503,1.1031
NGC3893,Sc–Scd,6.98,24.39,9.042e-11,0.448,1.0500,1.1026
NGC3893,Sc–Scd,8.81,17.15,6.330e-11,0.499,1.0141,1.0283
NGC3893,Sc–Scd,10.90,7.63,4.469e-11,0.543,1.1388,1.2968
NGC3893,Sc–Scd,13.12,2.65,3.173e-11,0.587,1.2108,1.4661
NGC3893,Sc–Scd,15.33,0.95,2.318e-11,0.630,1.1289,1.2745
NGC3893,Sc–Scd,17.30,0.47,1.846e-11,0.658,1.1126,1.2378
NGC3893,Sc–Scd,19.05,0.00,1.548e-11,0.681,0.9694,0.9397
NGC3917,Sc–Scd,1.74,75.78,2.105e-11,0.702,0.5001,0.2501
NGC3917,Sc–Scd,2.61,66.56,2.270e-11,0.692,0.8719,0.7602
NGC3917,Sc–Scd,3.50,56.55,2.566e-11,0.663,1.3628,1.8572
NGC3917,Sc–Scd,4.37,51.23,2.813e-11,0.638,1.1433,1.3072
NGC3917,Sc–Scd,5.24,41.93,2.987e-11,0.615,1.0858,1.1790
NGC3917,Sc–Scd,6.11,33.09,2.966e-11,0.604,1.1161,1.2458
NGC3917,Sc–Scd,6.98,23.59,2.839e-11,0.606,1.1451,1.3112
NGC3917,Sc–Scd,7.85,18.26,2.653e-11,0.611,1.1418,1.3038
NGC3917,Sc–Scd,8.72,13.31,2.369e-11,0.624,1.1465,1.3144
NGC3917,Sc–Scd,9.60,9.91,2.213e-11,0.632,1.0841,1.1752
NGC3917,Sc–Scd,10.47,6.99,2.010e-11,0.644,1.0230,1.0465
NGC3917,Sc–Scd,11.35,4.75,1.820e-11,0.657,1.0164,1.0331
NGC3917,Sc–Scd,12.19,3.23,1.632e-11,0.670,1.0126,1.0253
NGC3917,Sc–Scd,13.12,1.77,1.395e-11,0.689,1.0512,1.1051
NGC3917,Sc–Scd,13.94,0.91,1.244e-11,0.704,1.0762,1.1582
NGC3917,Sc–Scd,14.86,0.40,1.072e-11,0.723,1.0802,1.1668
NGC4085,Sc–Scd,2.71,128.52,1.234e-10,0.423,0.2940,0.0864
NGC4085,Sc–Scd,3.58,88.88,1.033e-10,0.442,0.5226,0.2731
NGC4085,Sc–Scd,4.45,49.10,9.174e-11,0.445,0.4254,0.1810
NGC4085,Sc–Scd,5.32,21.38,7.220e-11,0.476,0.5411,0.2928
NGC4085,Sc–Scd,6.20,6.64,5.388e-11,0.518,0.7399,0.5474
NGC4183,Sc–Scd,1.74,47.70,2.278e-11,0.657,1.3335,1.7781
NGC4183,Sc–Scd,2.61,34.98,2.173e-11,0.664,1.1662,1.3600
NGC4183,Sc–Scd,3.50,27.22,1.817e-11,0.690,1.2322,1.5183
NGC4183,Sc–Scd,4.37,22.41,1.824e-11,0.680,1.3161,1.7322
NGC4183,Sc–Scd,5.24,18.27,1.787e-11,0.680,1.1379,1.2948
NGC4183,Sc–Scd,6.11,16.05,1.731e-11,0.678,1.0706,1.1462
NGC4183,Sc–Scd,6.98,12.33,1.682e-11,0.674,1.0447,1.0914
NGC4183,Sc–Scd,7.85,9.84,1.673e-11,0.671,1.0016,1.0031
NGC4183,Sc–Scd,8.72,6.67,1.667e-11,0.668,0.9448,0.8926
NGC4183,Sc–Scd,9.60,3.56,1.494e-11,0.681,0.9329,0.8703
NGC4183,Sc–Scd,10.47,1.92,1.307e-11,0.700,0.8231,0.6774
NGC4183,Sc–Scd,11.35,1.24,1.216e-11,0.712,0.7439,0.5534
NGC4183,Sc–Scd,12.31,0.85,1.019e-11,0.732,0.7981,0.6370
NGC4183,Sc–Scd,13.12,0.69,8.816e-12,0.748,0.7865,0.6185
NGC4183,Sc–Scd,14.05,0.55,7.786e-12,0.760,0.7737,0.5986
NGC4183,Sc–Scd,14.98,0.45,7.166e-12,0.769,0.7770,0.6037
NGC4183,Sc–Scd,16.03,0.35,6.339e-12,0.780,0.8252,0.6810
NGC4183,Sc–Scd,16.95,0.25,5.574e-12,0.791,0.8317,0.6917
NGC4183,Sc–Scd,17.88,0.17,5.229e-12,0.797,0.7932,0.6291
NGC4183,Sc–Scd,18.93,0.13,4.709e-12,0.806,0.8174,0.6682
NGC4183,Sc–Scd,19.97,0.09,4.202e-12,0.815,0.8726,0.7615
NGC4183,Sc–Scd,21.02,0.00,3.844e-12,0.822,0.8926,0.7967
NGC4559,Sc–Scd,1.32,155.61,7.119e-11,0.520,0.3886,0.1510
NGC4559,Sc–Scd,1.97,116.04,6.428e-11,0.537,0.3234,0.1046
NGC4559,Sc–Scd,2.62,91.37,5.818e-11,0.547,0.4202,0.1766
NGC4559,Sc–Scd,3.28,77.28,5.687e-11,0.539,0.5193,0.2697
NGC4559,Sc–Scd,3.93,57.52,5.555e-11,0.530,0.4821,0.2324
NGC4559,Sc–Scd,4.58,37.41,4.989e-11,0.540,0.4551,0.2071
NGC4559,Sc–Scd,5.22,29.09,4.355e-11,0.557,0.4784,0.2289
NGC4559,Sc–Scd,5.90,21.43,3.844e-11,0.572,0.4532,0.2054
NGC4559,Sc–Scd,6.54,15.69,3.367e-11,0.590,0.4986,0.2486
NGC4559,Sc–Scd,7.19,14.12,2.981e-11,0.606,0.5602,0.3138
NGC4559,Sc–Scd,7.87,11.91,2.761e-11,0.612,0.5940,0.3529
NGC4559,Sc–Scd,8.51,8.78,2.582e-11,0.617,0.6116,0.3741
NGC4559,Sc–Scd,9.16,5.43,2.350e-11,0.628,0.6295,0.3963
NGC4559,Sc–Scd,9.84,2.81,2.101e-11,0.645,0.6518,0.4248
NGC4559,Sc–Scd,10.48,2.08,1.900e-11,0.661,0.6902,0.4764
NGC4559,Sc–Scd,11.13,1.47,1.734e-11,0.673,0.7070,0.4999
NGC4559,Sc–Scd,11.78,1.12,1.572e-11,0.686,0.7338,0.5385
NGC4559,Sc–Scd,12.43,0.85,1.429e-11,0.698,0.7430,0.5520
NGC4559,Sc–Scd,13.08,0.65,1.318e-11,0.707,0.7430,0.5520
NGC4559,Sc–Scd,13.73,0.41,1.238e-11,0.715,0.7502,0.5628
NGC4559,Sc–Scd,14.38,0.26,1.162e-11,0.723,0.7580,0.5746
NGC4559,Sc–Scd,15.03,0.25,1.087e-11,0.731,0.7539,0.5683
NGC4559,Sc–Scd,15.68,0.26,1.033e-11,0.737,0.7242,0.5244
NGC4559,Sc–Scd,16.33,0.18,9.939e-12,0.741,0.7063,0.4988
NGC4559,Sc–Scd,16.98,0.10,9.564e-12,0.745,0.6897,0.4757
NGC4559,Sc–Scd,17.72,0.07,9.154e-12,0.750,0.6407,0.4105
NGC4559,Sc–Scd,18.28,0.06,8.915e-12,0.753,0.6420,0.4121
NGC4559,Sc–Scd,19.02,0.04,8.545e-12,0.758,0.6293,0.3960
NGC4559,Sc–Scd,19.67,0.03,8.199e-12,0.762,0.6072,0.3687
NGC4559,Sc–Scd,20.32,0.02,7.821e-12,0.766,0.5904,0.3486
NGC4559,Sc–Scd,20.97,0.00,7.416e-12,0.771,0.5787,0.3349
NGC5033,Sc–Scd,3.80,153.62,4.115e-10,0.314,0.0468,0.0022
NGC5033,Sc–Scd,5.33,68.92,2.392e-10,0.373,0.4620,0.2135
NGC5033,Sc–Scd,6.85,31.89,1.554e-10,0.425,0.7328,0.5370
NGC5033,Sc–Scd,8.00,23.24,1.154e-10,0.464,0.8424,0.7097
NGC5033,Sc–Scd,10.28,18.68,7.553e-11,0.516,0.9575,0.9168
NGC5033,Sc–Scd,12.56,10.26,5.437e-11,0.554,1.0087,1.0175
NGC5033,Sc–Scd,14.91,5.74,4.053e-11,0.592,1.0857,1.1788
NGC5033,Sc–Scd,17.15,4.29,3.208e-11,0.620,1.0856,1.1785
NGC5033,Sc–Scd,19.39,3.65,2.649e-11,0.642,1.1126,1.2379
NGC5033,Sc–Scd,21.64,2.62,2.332e-11,0.654,1.1134,1.2397
NGC5033,Sc–Scd,24.01,1.25,2.017e-11,0.671,1.1270,1.2701
NGC5033,Sc–Scd,26.25,0.64,1.728e-11,0.689,1.0792,1.1647
NGC5033,Sc–Scd,28.50,0.45,1.465e-11,0.708,1.0960,1.2013
NGC5033,Sc–Scd,30.87,0.32,1.232e-11,0.726,1.0016,1.0033
NGC5033,Sc–Scd,33.12,0.20,1.066e-11,0.740,0.9241,0.8540
NGC5033,Sc–Scd,35.36,0.13,9.225e-12,0.754,0.8540,0.7293
NGC5033,Sc–Scd,37.73,0.08,8.040e-12,0.767,0.9031,0.8156
NGC5033,Sc–Scd,39.98,0.06,7.128e-12,0.778,0.9095,0.8273
NGC5033,Sc–Scd,42.22,0.04,6.372e-12,0.788,0.9506,0.9036
NGC5033,Sc–Scd,44.59,0.00,5.699e-12,0.797,0.9905,0.9811
NGC5907,Sc–Scd,7.55,122.09,9.233e-11,0.384,2.0062,4.0247
NGC5907,Sc–Scd,10.07,83.85,8.296e-11,0.420,1.5804,2.4978
NGC5907,Sc–Scd,12.58,45.35,7.055e-11,0.447,1.2557,1.5768
NGC5907,Sc–Scd,15.10,27.45,5.543e-11,0.487,1.1060,1.2232
NGC5907,Sc–Scd,17.61,18.07,4.521e-11,0.517,1.0967,1.2029
NGC5907,Sc–Scd,20.13,10.69,3.801e-11,0.544,1.0744,1.1544
NGC5907,Sc–Scd,22.65,6.10,3.228e-11,0.571,0.9339,0.8721
NGC5907,Sc–Scd,25.16,3.69,2.586e-11,0.601,0.9940,0.9880
NGC5907,Sc–Scd,27.68,2.36,2.199e-11,0.625,1.0730,1.1513
NGC5907,Sc–Scd,30.20,1.57,1.983e-11,0.643,0.8720,0.7604
NGC5907,Sc–Scd,32.71,1.04,1.679e-11,0.663,0.8631,0.7449
NGC5907,Sc–Scd,35.23,0.65,1.501e-11,0.679,0.8426,0.7099
NGC5907,Sc–Scd,37.75,0.40,1.287e-11,0.696,0.8586,0.7373
NGC5907,Sc–Scd,40.26,0.25,1.154e-11,0.710,0.9346,0.8735
NGC5907,Sc–Scd,42.78,0.15,1.009e-11,0.724,0.9542,0.9104
NGC5907,Sc–Scd,45.29,0.10,9.074e-12,0.736,0.9507,0.9039
NGC5907,Sc–Scd,47.81,0.06,8.188e-12,0.746,0.9852,0.9706
NGC5907,Sc–Scd,50.33,0.00,7.655e-12,0.754,0.9313,0.8674
NGC6015,Sc–Scd,0.67,367.52,9.308e-11,0.540,0.8724,0.7611
NGC6015,Sc–Scd,1.00,282.86,1.039e-10,0.516,1.4699,2.1607
NGC6015,Sc–Scd,1.32,213.31,9.144e-11,0.535,1.6529,2.7320
NGC6015,Sc–Scd,1.65,189.78,8.237e-11,0.547,1.3489,1.8196
NGC6015,Sc–Scd,1.98,178.37,7.749e-11,0.551,1.1933,1.4239
NGC6015,Sc–Scd,2.31,162.28,7.626e-11,0.545,1.2295,1.5116
NGC6015,Sc–Scd,2.63,156.77,7.670e-11,0.536,1.4833,2.2003
NGC6015,Sc–Scd,2.96,145.68,7.921e-11,0.521,1.6059,2.5789
NGC6015,Sc–Scd,3.28,133.82,8.192e-11,0.506,1.5325,2.3485
NGC6015,Sc–Scd,3.61,118.54,8.405e-11,0.493,1.4442,2.0857
NGC6015,Sc–Scd,3.94,101.79,8.453e-11,0.484,1.3316,1.7731
NGC6015,Sc–Scd,4.27,83.88,8.327e-11,0.479,1.2924,1.6704
NGC6015,Sc–Scd,4.60,67.70,7.938e-11,0.483,1.1264,1.2687
NGC6015,Sc–Scd,4.94,54.16,7.407e-11,0.491,1.0306,1.0621
NGC6015,Sc–Scd,5.30,44.22,6.757e-11,0.504,0.9414,0.8861
NGC6015,Sc–Scd,5.63,40.18,6.235e-11,0.515,0.8857,0.7844
NGC6015,Sc–Scd,5.96,36.71,5.911e-11,0.520,1.0373,1.0760
NGC6015,Sc–Scd,6.27,31.57,5.618e-11,0.526,0.9402,0.8840
NGC6015,Sc–Scd,8.24,11.91,3.986e-11,0.570,0.8993,0.8088
NGC6015,Sc–Scd,10.30,5.62,2.833e-11,0.618,0.8453,0.7145
NGC6015,Sc–Scd,11.13,4.33,2.556e-11,0.631,0.8926,0.7968
NGC6015,Sc–Scd,11.95,2.99,2.344e-11,0.642,0.9319,0.8685
NGC6015,Sc–Scd,12.72,1.93,2.145e-11,0.654,0.9402,0.8840
NGC6015,Sc–Scd,13.58,1.42,1.935e-11,0.668,0.9948,0.9897
NGC6015,Sc–Scd,14.43,1.00,1.752e-11,0.680,1.0346,1.0704
NGC6015,Sc–Scd,15.29,0.70,1.587e-11,0.692,1.0393,1.0802
NGC6015,Sc–Scd,16.02,0.48,1.460e-11,0.702,1.0646,1.1333
NGC6015,Sc–Scd,16.88,0.30,1.322e-11,0.713,1.1134,1.2398
NGC6015,Sc–Scd,17.73,0.22,1.202e-11,0.723,1.1623,1.3509
NGC6015,Sc–Scd,18.59,0.15,1.095e-11,0.733,1.1561,1.3366
NGC6015,Sc–Scd,19.32,0.11,1.018e-11,0.741,1.2003,1.4408
NGC6015,Sc–Scd,20.18,0.07,9.416e-12,0.749,1.2217,1.4926
NGC6015,Sc–Scd,21.04,0.05,8.700e-12,0.757,1.2472,1.5555
NGC6015,Sc–Scd,21.89,0.04,8.053e-12,0.764,1.1992,1.4381
NGC6015,Sc–Scd,22.63,0.03,7.582e-12,0.770,1.1289,1.2745
NGC6015,Sc–Scd,23.48,0.02,7.097e-12,0.776,1.0607,1.1251
NGC6015,Sc–Scd,24.34,0.01,6.631e-12,0.782,1.0489,1.1001
NGC6015,Sc–Scd,25.19,0.01,6.251e-12,0.787,0.9649,0.9310
NGC6015,Sc–Scd,25.93,0.01,6.185e-12,0.788,1.0014,1.0029
NGC6015,Sc–Scd,26.78,0.01,5.443e-12,0.799,1.1107,1.2335
NGC6015,Sc–Scd,27.64,0.01,4.984e-12,0.806,1.0510,1.1046
NGC6015,Sc–Scd,28.37,0.00,4.642e-12,0.811,1.1948,1.4277
NGC6015,Sc–Scd,29.23,0.00,4.330e-12,0.817,1.1022,1.2148
NGC6503,Sc–Scd,1.52,281.64,1.630e-10,0.383,0.4976,0.2476
NGC6503,Sc–Scd,2.28,112.80,1.459e-10,0.391,0.2774,0.0770
NGC6503,Sc–Scd,3.04,33.24,9.795e-11,0.447,0.6377,0.4067
NGC6503,Sc–Scd,3.79,14.31,6.513e-11,0.505,0.9057,0.8202
NGC6503,Sc–Scd,4.55,7.32,4.585e-11,0.553,1.0291,1.0591
NGC6503,Sc–Scd,5.31,4.46,3.440e-11,0.592,0.9846,0.9695
NGC6503,Sc–Scd,6.07,3.44,2.690e-11,0.624,1.0076,1.0153
NGC6503,Sc–Scd,6.83,2.65,2.202e-11,0.647,1.0355,1.0723
NGC6503,Sc–Scd,7.59,1.49,1.839e-11,0.668,1.0543,1.1116
NGC6503,Sc–Scd,8.35,0.97,1.547e-11,0.689,1.0467,1.0956
NGC6503,Sc–Scd,9.11,0.87,1.330e-11,0.706,1.0556,1.1143
NGC6503,Sc–Scd,9.86,0.77,1.172e-11,0.719,1.0819,1.1705
NGC6503,Sc–Scd,10.64,0.41,1.035e-11,0.732,1.1089,1.2297
NGC6503,Sc–Scd,11.38,0.29,9.261e-12,0.744,1.1058,1.2228
NGC6503,Sc–Scd,12.12,0.21,8.377e-12,0.754,1.1246,1.2647
NGC6503,Sc–Scd,12.86,0.15,7.657e-12,0.763,1.0900,1.1880
NGC6503,Sc–Scd,13.70,0.10,6.927e-12,0.772,1.0598,1.1233
NGC6503,Sc–Scd,14.44,0.07,6.302e-12,0.781,1.0408,1.0833
NGC6503,Sc–Scd,15.18,0.05,5.736e-12,0.789,1.0940,1.1968
NGC6503,Sc–Scd,15.91,0.04,5.264e-12,0.796,1.0750,1.1557
NGC6503,Sc–Scd,16.65,0.03,4.887e-12,0.803,1.0486,1.0996
NGC6503,Sc–Scd,17.49,0.01,4.479e-12,0.810,1.0498,1.1022
NGC6503,Sc–Scd,18.23,0.01,4.135e-12,0.816,1.0564,1.1159
NGC6503,Sc–Scd,18.97,0.01,3.806e-12,0.822,1.0446,1.0912
NGC6503,Sc–Scd,19.71,0.01,3.539e-12,0.828,1.0710,1.1470
NGC6503,Sc–Scd,20.45,0.01,3.308e-12,0.833,1.0511,1.1047
NGC6503,Sc–Scd,21.29,0.01,3.075e-12,0.838,1.0967,1.2027
NGC6503,Sc–Scd,22.03,0.00,2.880e-12,0.842,1.0784,1.1629
NGC6503,Sc–Scd,22.76,0.00,2.705e-12,0.846,1.1489,1.3200
NGC6503,Sc–Scd,23.50,0.00,2.535e-12,0.851,1.0880,1.1837
NGC6946,Sc–Scd,1.22,492.56,4.295e-10,0.315,0.2405,0.0579
NGC6946,Sc–Scd,1.59,401.21,3.261e-10,0.347,0.0756,0.0057
NGC6946,Sc–Scd,1.96,339.70,2.635e-10,0.374,0.1291,0.0167
NGC6946,Sc–Scd,2.34,320.63,2.321e-10,0.385,0.2177,0.0474
NGC6946,Sc–Scd,2.71,264.90,2.210e-10,0.382,0.0737,0.0054
NGC6946,Sc–Scd,2.99,235.81,2.029e-10,0.391,0.1440,0.0207
NGC6946,Sc–Scd,3.37,202.22,1.866e-10,0.398,0.1489,0.0222
NGC6946,Sc–Scd,3.74,174.44,1.711e-10,0.407,0.2931,0.0859
NGC6946,Sc–Scd,4.12,159.69,1.583e-10,0.414,0.4078,0.1663
NGC6946,Sc–Scd,4.40,150.01,1.521e-10,0.416,0.4924,0.2424
NGC6946,Sc–Scd,4.77,133.94,1.458e-10,0.416,0.5537,0.3065
NGC6946,Sc–Scd,5.15,120.98,1.403e-10,0.416,0.5449,0.2969
NGC6946,Sc–Scd,5.52,104.00,1.384e-10,0.412,0.4918,0.2419
NGC6946,Sc–Scd,5.89,70.85,1.301e-10,0.418,0.5165,0.2668
NGC6946,Sc–Scd,6.17,63.09,1.206e-10,0.429,0.5266,0.2773
NGC6946,Sc–Scd,6.55,61.97,1.129e-10,0.436,0.5421,0.2939
NGC6946,Sc–Scd,6.92,49.23,1.078e-10,0.440,0.5386,0.2901
NGC6946,Sc–Scd,7.30,36.26,9.999e-11,0.450,0.5164,0.2666
NGC6946,Sc–Scd,7.58,30.07,9.345e-11,0.460,0.5467,0.2989
NGC6946,Sc–Scd,7.95,24.68,8.512e-11,0.474,0.5920,0.3504
NGC6946,Sc–Scd,8.33,23.20,7.773e-11,0.489,0.6129,0.3757
NGC6946,Sc–Scd,8.70,23.41,7.315e-11,0.496,0.6045,0.3654
NGC6946,Sc–Scd,9.08,20.52,6.894e-11,0.503,0.5970,0.3564
NGC6946,Sc–Scd,9.36,17.77,6.569e-11,0.508,0.5584,0.3118
NGC6946,Sc–Scd,9.73,15.05,6.126e-11,0.518,0.5672,0.3217
NGC6946,Sc–Scd,10.10,12.98,5.739e-11,0.526,0.5894,0.3474
NGC6946,Sc–Scd,10.48,11.16,5.366e-11,0.535,0.5787,0.3350
NGC6946,Sc–Scd,10.76,9.95,5.111e-11,0.541,0.6132,0.3760
NGC6946,Sc–Scd,11.13,8.56,4.784e-11,0.550,0.6898,0.4758
NGC6946,Sc–Scd,11.51,7.31,4.500e-11,0.558,0.7084,0.5018
NGC6946,Sc–Scd,11.88,6.29,4.248e-11,0.566,0.7414,0.5497
NGC6946,Sc–Scd,12.26,5.38,4.020e-11,0.573,0.7367,0.5428
NGC6946,Sc–Scd,12.54,4.79,3.870e-11,0.579,0.7270,0.5286
NGC6946,Sc–Scd,12.91,4.13,3.685e-11,0.585,0.7355,0.5410
NGC6946,Sc–Scd,13.29,3.53,3.519e-11,0.592,0.7398,0.5474
NGC6946,Sc–Scd,13.66,3.04,3.375e-11,0.598,0.7749,0.6004
NGC6946,Sc–Scd,14.03,2.61,3.234e-11,0.604,0.7623,0.5811
NGC6946,Sc–Scd,14.31,2.33,3.135e-11,0.608,0.7164,0.5133
NGC6946,Sc–Scd,14.69,2.00,2.967e-11,0.615,0.6713,0.4507
NGC6946,Sc–Scd,15.06,1.71,2.799e-11,0.623,0.6625,0.4388
NGC6946,Sc–Scd,15.44,1.47,2.655e-11,0.629,0.6480,0.4200
NGC6946,Sc–Scd,15.72,1.30,2.567e-11,0.634,0.6404,0.4102
NGC6946,Sc–Scd,16.09,1.12,2.289e-11,0.646,0.7011,0.4916
NGC6946,Sc–Scd,16.47,0.96,2.182e-11,0.652,0.6821,0.4653
NGC6946,Sc–Scd,16.84,0.82,2.087e-11,0.658,0.6776,0.4591
NGC6946,Sc–Scd,17.21,0.71,1.997e-11,0.663,0.6728,0.4526
NGC6946,Sc–Scd,17.50,0.63,1.930e-11,0.667,0.6807,0.4634
NGC6946,Sc–Scd,17.87,0.55,1.849e-11,0.672,0.6902,0.4763
NGC6946,Sc–Scd,18.24,0.47,1.775e-11,0.677,0.7443,0.5539
NGC6946,Sc–Scd,18.62,0.40,1.703e-11,0.682,0.7376,0.5441
NGC6946,Sc–Scd,18.90,0.35,1.653e-11,0.686,0.7590,0.5761
NGC6946,Sc–Scd,19.27,0.30,1.592e-11,0.690,0.7358,0.5415
NGC6946,Sc–Scd,19.65,0.26,1.535e-11,0.694,0.6977,0.4867
NGC6946,Sc–Scd,20.02,0.00,1.472e-11,0.699,0.7364,0.5423
NGC6946,Sc–Scd,20.40,0.00,1.413e-11,0.704,0.7009,0.4912
UGC02885,Sc–Scd,3.41,440.76,4.827e-10,0.245,0.9243,0.8542
UGC02885,Sc–Scd,6.82,181.57,2.184e-10,0.360,0.7566,0.5725
UGC02885,Sc–Scd,13.67,62.62,9.657e-11,0.469,0.9079,0.8243
UGC02885,Sc–Scd,19.49,30.74,6.063e-11,0.525,1.0673,1.1391
UGC02885,Sc–Scd,23.36,23.68,4.945e-11,0.547,1.0877,1.1830
UGC02885,Sc–Scd,27.24,15.38,4.062e-11,0.570,1.0140,1.0282
UGC02885,Sc–Scd,31.22,9.24,3.297e-11,0.597,0.9921,0.9842
UGC02885,Sc–Scd,35.10,7.00,2.749e-11,0.620,1.0019,1.0038
UGC02885,Sc–Scd,38.97,4.93,2.391e-11,0.637,0.9935,0.9871
UGC02885,Sc–Scd,42.85,3.32,2.093e-11,0.655,0.9887,0.9775
UGC02885,Sc–Scd,46.73,2.62,1.751e-11,0.677,1.0796,1.1654
UGC02885,Sc–Scd,50.71,2.40,1.594e-11,0.687,1.1020,1.2145
UGC02885,Sc–Scd,54.58,1.73,1.498e-11,0.693,1.1137,1.2404
UGC02885,Sc–Scd,58.46,0.97,1.371e-11,0.704,1.0904,1.1889
UGC02885,Sc–Scd,62.34,0.69,1.218e-11,0.717,1.0990,1.2077
UGC02885,Sc–Scd,66.21,0.50,1.093e-11,0.729,1.1067,1.2247
UGC02885,Sc–Scd,70.19,0.35,1.015e-11,0.737,1.0859,1.1791
UGC02885,Sc–Scd,74.07,0.00,9.242e-12,0.747,1.0861,1.1797
UGC06667,Sc–Scd,1.74,4.34,1.119e-12,0.914,3.1156,9.7070
UGC06667,Sc–Scd,2.61,3.48,2.204e-12,0.873,2.5271,6.3861
UGC06667,Sc–Scd,3.50,2.89,3.692e-12,0.834,2.1936,4.8119
UGC06667,Sc–Scd,4.37,2.40,3.755e-12,0.831,2.1923,4.8060
UGC06667,Sc–Scd,5.24,2.10,4.345e-12,0.819,1.8308,3.3518
UGC06667,Sc–Scd,6.11,1.82,4.137e-12,0.821,1.7553,3.0811
UGC06667,Sc–Scd,6.98,1.61,4.249e-12,0.818,1.5390,2.3685
UGC06667,Sc–Scd,7.85,1.41,3.659e-12,0.826,1.5305,2.3423
UGC06983,Sc–Scd,2.61,23.41,2.477e-11,0.530,2.5112,6.3062
UGC06983,Sc–Scd,3.50,12.27,1.728e-11,0.611,2.2555,5.0872
UGC06983,Sc–Scd,4.37,8.71,1.347e-11,0.657,1.9886,3.9546
UGC06983,Sc–Scd,5.24,5.84,1.198e-11,0.683,1.8487,3.4176
UGC06983,Sc–Scd,6.11,5.12,1.033e-11,0.703,1.7300,2.9929
UGC06983,Sc–Scd,6.98,3.91,9.922e-12,0.713,1.5604,2.4348
UGC06983,Sc–Scd,7.85,2.89,1.003e-11,0.717,1.4679,2.1548
UGC06983,Sc–Scd,8.72,1.91,8.866e-12,0.730,1.4364,2.0633
UGC06983,Sc–Scd,9.60,1.35,8.096e-12,0.742,1.4054,1.9751
UGC06983,Sc–Scd,10.47,0.94,8.049e-12,0.746,1.3299,1.7686
UGC06983,Sc–Scd,11.35,0.55,7.688e-12,0.753,1.1453,1.3117
UGC06983,Sc–Scd,12.19,0.29,7.144e-12,0.762,1.0446,1.0911
UGC06983,Sc–Scd,13.12,0.00,6.655e-12,0.770,1.0172,1.0346
UGC06983,Sc–Scd,13.94,0.00,6.086e-12,0.780,0.9742,0.9490
UGC06983,Sc–Scd,14.86,0.00,5.471e-12,0.790,0.9685,0.9380
UGC06983,Sc–Scd,15.68,0.00,4.974e-12,0.799,0.9922,0.9845
UGC07151,Sc–Scd,1.00,50.59,2.387e-11,0.648,0.7562,0.5719
UGC07151,Sc–Scd,1.50,33.55,2.200e-11,0.656,1.2922,1.6699
UGC07151,Sc–Scd,2.00,17.64,2.086e-11,0.650,1.1678,1.3638
UGC07151,Sc–Scd,2.49,12.45,1.875e-11,0.666,1.0146,1.0295
UGC07151,Sc–Scd,3.00,9.12,1.655e-11,0.682,0.9091,0.8264
UGC07151,Sc–Scd,3.49,6.53,1.388e-11,0.702,0.9164,0.8398
UGC07151,Sc–Scd,4.00,6.07,1.361e-11,0.706,0.8420,0.7089
UGC07151,Sc–Scd,4.49,5.50,1.257e-11,0.710,0.8230,0.6773
UGC07151,Sc–Scd,5.01,3.87,1.185e-11,0.712,0.8053,0.6486
UGC07151,Sc–Scd,5.50,2.50,1.146e-11,0.715,0.7915,0.6265
UGC08286,Sc–Scd,0.95,26.36,1.006e-11,0.757,1.7291,2.9898
UGC08286,Sc–Scd,1.42,20.11,1.027e-11,0.748,2.3711,5.6220
UGC08286,Sc–Scd,1.90,15.62,1.152e-11,0.727,2.3226,5.3943
UGC08286,Sc–Scd,2.37,11.35,1.192e-11,0.712,2.0308,4.1241
UGC08286,Sc–Scd,2.84,7.76,1.033e-11,0.725,1.9318,3.7317
UGC08286,Sc–Scd,3.30,5.67,9.622e-12,0.728,1.8181,3.3054
UGC08286,Sc–Scd,3.78,3.65,9.059e-12,0.736,1.6680,2.7821
UGC08286,Sc–Scd,4.25,2.12,8.700e-12,0.739,1.5923,2.5353
UGC08286,Sc–Scd,4.73,1.05,8.558e-12,0.747,1.4524,2.1093
UGC08286,Sc–Scd,5.20,0.68,7.241e-12,0.765,1.4527,2.1102
UGC08286,Sc–Scd,5.67,0.47,6.371e-12,0.778,1.4395,2.0723
UGC08286,Sc–Scd,6.15,0.30,5.313e-12,0.794,1.5094,2.2783
UGC08286,Sc–Scd,6.62,0.18,4.807e-12,0.803,1.4828,2.1986
UGC08286,Sc–Scd,7.10,0.10,5.096e-12,0.801,1.3057,1.7047
UGC08286,Sc–Scd,7.57,0.09,4.558e-12,0.810,1.3116,1.7203
UGC08286,Sc–Scd,8.04,0.06,4.306e-12,0.815,1.2829,1.6459
UGC09037,Sc–Scd,6.08,60.80,6.440e-11,0.479,0.2088,0.0436
UGC09037,Sc–Scd,7.29,45.36,6.003e-11,0.488,0.1457,0.0212
UGC09037,Sc–Scd,8.51,31.09,5.149e-11,0.514,0.2002,0.0401
UGC09037,Sc–Scd,9.73,24.50,4.442e-11,0.535,0.2831,0.0802
UGC09037,Sc–Scd,10.96,19.83,3.903e-11,0.550,0.3628,0.1316
UGC09037,Sc–Scd,12.19,12.63,3.598e-11,0.562,0.3980,0.1584
UGC09037,Sc–Scd,13.41,9.33,3.259e-11,0.581,0.4193,0.1758
UGC09037,Sc–Scd,14.55,7.48,2.948e-11,0.596,0.4446,0.1977
UGC09037,Sc–Scd,15.78,5.33,2.710e-11,0.608,0.5130,0.2632
UGC09037,Sc–Scd,17.00,3.84,2.422e-11,0.625,0.5802,0.3366
UGC09037,Sc–Scd,18.23,2.94,2.125e-11,0.642,0.6230,0.3882
UGC09037,Sc–Scd,19.46,2.35,1.881e-11,0.657,0.6606,0.4364
UGC09037,Sc–Scd,20.69,1.98,1.772e-11,0.667,0.6029,0.3635
UGC09037,Sc–Scd,21.92,1.69,1.602e-11,0.679,0.5766,0.3325
UGC09037,Sc–Scd,23.14,1.29,1.434e-11,0.691,0.6157,0.3791
UGC09037,Sc–Scd,24.28,1.05,1.338e-11,0.700,0.5851,0.3423
UGC09037,Sc–Scd,25.51,0.96,1.196e-11,0.712,0.5611,0.3149
UGC09037,Sc–Scd,26.73,0.89,1.174e-11,0.716,0.4170,0.1739
UGC09037,Sc–Scd,27.96,0.83,1.126e-11,0.722,0.5317,0.2827
UGC11455,Sc–Scd,2.47,462.99,1.662e-10,0.472,0.0092,0.0001
UGC11455,Sc–Scd,3.08,402.70,1.543e-10,0.479,0.2843,0.0808
UGC11455,Sc–Scd,3.68,368.26,1.441e-10,0.486,0.3971,0.1577
UGC11455,Sc–Scd,4.32,337.46,1.357e-10,0.491,0.6384,0.4076
UGC11455,Sc–Scd,4.91,331.46,1.302e-10,0.494,0.8890,0.7903
UGC11455,Sc–Scd,5.53,325.23,1.331e-10,0.483,0.7595,0.5769
UGC11455,Sc–Scd,6.17,325.00,1.392e-10,0.467,0.4963,0.2463
UGC11455,Sc–Scd,6.78,319.85,1.532e-10,0.440,0.2533,0.0642
UGC11455,Sc–Scd,7.38,282.88,1.667e-10,0.415,0.3225,0.1040
UGC11455,Sc–Scd,8.00,235.51,1.680e-10,0.408,0.3207,0.1029
UGC11455,Sc–Scd,8.62,204.10,1.590e-10,0.415,0.5102,0.2603
UGC11455,Sc–Scd,9.23,194.75,1.537e-10,0.417,0.5508,0.3034
UGC11455,Sc–Scd,9.85,179.25,1.510e-10,0.416,0.5702,0.3252
UGC11455,Sc–Scd,10.43,164.07,1.486e-10,0.415,0.5382,0.2896
UGC11455,Sc–Scd,11.05,147.78,1.448e-10,0.415,0.7182,0.5158
UGC11455,Sc–Scd,11.67,134.60,1.403e-10,0.417,0.6500,0.4225
UGC11455,Sc–Scd,12.19,124.62,1.371e-10,0.417,0.5778,0.3339
UGC11455,Sc–Scd,12.91,110.44,1.324e-10,0.418,0.6623,0.4386
UGC11455,Sc–Scd,14.56,77.02,1.200e-10,0.426,0.7126,0.5078
UGC11455,Sc–Scd,16.63,49.23,9.863e-11,0.453,0.8141,0.6627
UGC11455,Sc–Scd,17.77,42.95,8.879e-11,0.467,0.7762,0.6024
UGC11455,Sc–Scd,18.49,38.95,8.390e-11,0.474,0.8123,0.6599
UGC11455,Sc–Scd,20.24,30.82,7.552e-11,0.487,0.8109,0.6576
UGC11455,Sc–Scd,22.62,21.10,6.656e-11,0.503,0.7770,0.6037
UGC11455,Sc–Scd,24.89,12.68,5.712e-11,0.521,0.5974,0.3569
UGC11455,Sc–Scd,27.06,6.75,4.789e-11,0.546,0.6499,0.4223
UGC11455,Sc–Scd,29.13,4.46,4.048e-11,0.570,0.7808,0.6097
UGC11455,Sc–Scd,31.30,2.54,3.461e-11,0.591,0.8615,0.7421
UGC11455,Sc–Scd,33.46,1.07,3.037e-11,0.610,0.7284,0.5305
UGC11455,Sc–Scd,35.53,0.30,2.625e-11,0.630,0.9211,0.8484
UGC11455,Sc–Scd,37.70,0.23,2.261e-11,0.650,0.9972,0.9944
UGC11455,Sc–Scd,39.87,0.10,2.026e-11,0.665,0.9937,0.9874
UGC11455,Sc–Scd,41.93,0.00,1.818e-11,0.678,0.9542,0.9105
UGC12506,Sc–Scd,2.46,153.10,4.867e-11,0.628,3.4623,11.9878
UGC12506,Sc–Scd,4.10,114.12,5.366e-11,0.595,3.0962,9.5866
UGC12506,Sc–Scd,5.74,88.50,5.031e-11,0.592,2.3459,5.5032
UGC12506,Sc–Scd,7.38,79.43,4.601e-11,0.594,2.2237,4.9449
UGC12506,Sc–Scd,9.02,66.27,4.559e-11,0.577,2.1131,4.4654
UGC12506,Sc–Scd,10.65,51.83,4.390e-11,0.569,2.0235,4.0946
UGC12506,Sc–Scd,12.29,38.38,4.110e-11,0.569,2.0148,4.0593
UGC12506,Sc–Scd,13.93,28.97,3.766e-11,0.579,1.7926,3.2134
UGC12506,Sc–Scd,15.57,23.18,3.561e-11,0.585,1.6757,2.8081
UGC12506,Sc–Scd,17.21,17.57,3.375e-11,0.592,1.6195,2.6228
UGC12506,Sc–Scd,18.85,13.24,3.112e-11,0.603,1.5957,2.5463
UGC12506,Sc–Scd,20.49,10.39,2.805e-11,0.617,1.5301,2.3412
UGC12506,Sc–Scd,22.13,8.60,2.521e-11,0.630,1.5429,2.3806
UGC12506,Sc–Scd,23.77,6.82,2.244e-11,0.644,1.6303,2.6577
UGC12506,Sc–Scd,25.41,5.51,1.997e-11,0.658,1.4561,2.1202
UGC12506,Sc–Scd,27.05,4.50,1.817e-11,0.670,1.4438,2.0845
UGC12506,Sc–Scd,28.68,3.71,1.701e-11,0.679,1.4775,2.1830
UGC12506,Sc–Scd,30.32,3.23,1.606e-11,0.686,1.4588,2.1281
UGC12506,Sc–Scd,31.96,2.86,1.499e-11,0.694,1.4067,1.9788
UGC12506,Sc–Scd,33.60,2.44,1.362e-11,0.704,1.3510,1.8253
UGC12506,Sc–Scd,35.24,2.12,1.232e-11,0.715,1.3035,1.6991
UGC12506,Sc–Scd,36.88,1.88,1.142e-11,0.722,1.2909,1.6665
UGC12506,Sc–Scd,38.52,1.66,1.089e-11,0.727,1.3081,1.7112
UGC12506,Sc–Scd,40.16,1.44,1.041e-11,0.732,1.2295,1.5117
UGC12506,Sc–Scd,41.80,1.26,9.818e-12,0.737,1.1066,1.2245
UGC12506,Sc–Scd,43.44,1.13,9.317e-12,0.741,1.1719,1.3734
UGC12506,Sc–Scd,45.08,0.00,9.102e-12,0.740,1.1533,1.3302
UGC12506,Sc–Scd,46.71,0.00,8.622e-12,0.751,1.0824,1.1716
UGC12506,Sc–Scd,48.35,0.00,8.683e-12,0.753,0.9664,0.9339
UGC12506,Sc–Scd,49.99,0.00,8.815e-12,0.753,0.8930,0.7975
ESO116-G012,Sd,0.83,84.50,2.373e-11,0.725,0.6203,0.3848
ESO116-G012,Sd,1.38,70.50,3.089e-11,0.651,0.5453,0.2974
ESO116-G012,Sd,1.85,40.62,3.382e-11,0.611,0.8824,0.7786
ESO116-G012,Sd,2.68,23.00,2.402e-11,0.658,1.1625,1.3513
ESO116-G012,Sd,3.19,20.70,2.310e-11,0.653,1.0911,1.1905
ESO116-G012,Sd,3.68,15.12,2.227e-11,0.650,1.2376,1.5316
ESO116-G012,Sd,4.13,12.10,2.116e-11,0.651,1.5289,2.3376
ESO116-G012,Sd,5.23,4.74,1.697e-11,0.675,1.4575,2.1242
ESO116-G012,Sd,6.05,1.78,1.366e-11,0.703,1.5483,2.3971
ESO116-G012,Sd,6.81,1.39,1.128e-11,0.727,1.4738,2.1720
ESO116-G012,Sd,7.56,1.02,1.020e-11,0.737,1.4247,2.0296
ESO116-G012,Sd,8.32,0.60,9.559e-12,0.745,1.3462,1.8124
ESO116-G012,Sd,9.09,0.36,8.785e-12,0.754,1.3079,1.7106
ESO116-G012,Sd,9.86,0.00,7.271e-12,0.772,1.3771,1.8965
F568-3,Sd,1.18,28.05,6.220e-12,0.824,0.2391,0.0572
F568-3,Sd,1.80,23.15,6.963e-12,0.814,0.3883,0.1508
F568-3,Sd,2.03,22.05,7.107e-12,0.810,0.5233,0.2738
F568-3,Sd,2.78,18.84,7.748e-12,0.791,0.8591,0.7380
F568-3,Sd,3.00,17.78,7.861e-12,0.786,1.1840,1.4018
F568-3,Sd,3.64,15.13,8.081e-12,0.775,1.1885,1.4126
F568-3,Sd,4.19,12.64,8.197e-12,0.767,1.4385,2.0693
F568-3,Sd,4.60,10.54,7.925e-12,0.769,1.5097,2.2791
F568-3,Sd,5.14,9.79,7.522e-12,0.773,1.5154,2.2963
F568-3,Sd,5.39,9.55,7.496e-12,0.772,1.4393,2.0714
F568-3,Sd,6.31,7.47,7.621e-12,0.765,1.3536,1.8323
F568-3,Sd,9.10,3.99,7.225e-12,0.770,1.0342,1.0696
F568-3,Sd,10.17,3.38,7.159e-12,0.769,0.9690,0.9391
F568-3,Sd,11.99,2.23,6.672e-12,0.775,0.9076,0.8238
F568-3,Sd,14.02,1.55,5.969e-12,0.786,0.9363,0.8767
F568-3,Sd,15.94,1.21,5.511e-12,0.792,1.0619,1.1276
F568-3,Sd,17.98,0.83,4.903e-12,0.800,1.0711,1.1472
F568-V1,Sd,1.18,30.39,1.133e-11,0.766,1.2816,1.6425
F568-V1,Sd,1.95,17.10,9.937e-12,0.768,2.1094,4.4495
F568-V1,Sd,2.74,13.57,8.131e-12,0.781,2.6823,7.1947
F568-V1,Sd,3.53,11.34,7.927e-12,0.770,2.6986,7.2822
F568-V1,Sd,4.30,8.39,7.825e-12,0.762,2.6936,7.2556
F568-V1,Sd,5.09,5.76,7.174e-12,0.767,2.8446,8.0919
F568-V1,Sd,5.87,4.68,6.390e-12,0.777,2.8162,7.9310
F568-V1,Sd,6.40,4.04,6.098e-12,0.780,2.7056,7.3204
F568-V1,Sd,7.44,3.10,5.828e-12,0.781,2.3944,5.7332
F568-V1,Sd,8.21,2.16,5.737e-12,0.781,2.1395,4.5776
F568-V1,Sd,9.00,1.50,5.472e-12,0.788,1.9127,3.6583
F568-V1,Sd,9.72,1.23,5.453e-12,0.789,1.7421,3.0349
F568-V1,Sd,11.79,0.58,5.505e-12,0.793,1.4064,1.9781
F568-V1,Sd,17.63,0.00,3.395e-12,0.833,1.3097,1.7153
F571-V1,Sd,1.95,11.72,5.739e-12,0.623,1.1891,1.4139
F571-V1,Sd,3.88,5.38,7.188e-12,0.739,1.0096,1.0192
F571-V1,Sd,5.83,2.08,5.480e-12,0.785,1.1217,1.2582
F571-V1,Sd,7.78,1.04,4.958e-12,0.796,1.0210,1.0424
F571-V1,Sd,9.72,0.61,4.605e-12,0.803,0.9651,0.9314
F571-V1,Sd,11.66,0.23,3.814e-12,0.820,0.9146,0.8364
F571-V1,Sd,13.59,0.00,2.820e-12,0.843,0.9252,0.8559
F574-1,Sd,1.41,34.59,1.244e-11,0.756,0.6793,0.4614
F574-1,Sd,2.35,18.43,1.171e-11,0.747,1.1325,1.2826
F574-1,Sd,3.29,12.43,8.981e-12,0.770,1.5369,2.3621
F574-1,Sd,4.22,10.60,7.786e-12,0.777,1.6602,2.7561
F574-1,Sd,5.17,8.40,7.214e-12,0.777,1.5887,2.5239
F574-1,Sd,6.11,6.86,6.907e-12,0.775,1.4937,2.2310
F574-1,Sd,7.05,5.27,6.390e-12,0.780,1.4534,2.1124
F574-1,Sd,7.99,4.33,6.148e-12,0.781,1.3818,1.9095
F574-1,Sd,8.92,3.42,5.701e-12,0.789,1.3129,1.7238
F574-1,Sd,9.87,3.17,5.653e-12,0.788,1.2276,1.5071
F574-1,Sd,10.79,2.65,5.681e-12,0.786,1.1337,1.2854
F574-1,Sd,11.80,2.04,5.653e-12,0.785,1.0422,1.0861
F574-1,Sd,12.60,1.61,5.557e-12,0.787,0.9728,0.9463
NGC0247,Sd,1.61,27.16,9.194e-12,0.738,1.3645,1.8618
NGC0247,Sd,2.15,22.23,9.452e-12,0.751,1.5132,2.2896
NGC0247,Sd,2.70,18.96,9.335e-12,0.756,1.4013,1.9637
NGC0247,Sd,3.22,16.68,9.431e-12,0.752,1.2671,1.6056
NGC0247,Sd,3.77,14.52,9.438e-12,0.750,1.1481,1.3182
NGC0247,Sd,4.31,12.79,9.427e-12,0.747,1.0331,1.0672
NGC0247,Sd,4.85,11.19,9.241e-12,0.746,0.9767,0.9539
NGC0247,Sd,5.38,9.78,8.862e-12,0.748,0.9558,0.9135
NGC0247,Sd,5.92,8.51,8.606e-12,0.749,0.9806,0.9615
NGC0247,Sd,6.46,7.42,8.471e-12,0.749,0.9796,0.9597
NGC0247,Sd,6.99,6.50,8.445e-12,0.749,0.9476,0.8979
NGC0247,Sd,7.53,5.75,8.543e-12,0.748,0.9501,0.9028
NGC0247,Sd,8.07,5.17,8.513e-12,0.748,0.9693,0.9395
NGC0247,Sd,8.62,4.71,8.449e-12,0.748,0.9627,0.9268
NGC0247,Sd,9.14,4.04,8.466e-12,0.747,0.9654,0.9320
NGC0247,Sd,9.69,3.43,8.462e-12,0.747,0.9562,0.9144
NGC0247,Sd,10.23,2.90,8.397e-12,0.748,0.9577,0.9171
NGC0247,Sd,10.76,2.46,8.280e-12,0.750,0.9509,0.9042
NGC0247,Sd,11.30,2.08,8.060e-12,0.754,0.9313,0.8674
NGC0247,Sd,11.84,1.78,7.713e-12,0.758,0.9289,0.8628
NGC0247,Sd,12.38,1.56,7.290e-12,0.764,0.9163,0.8396
NGC0247,Sd,12.91,1.31,6.778e-12,0.770,0.9205,0.8473
NGC0247,Sd,13.48,1.11,6.207e-12,0.778,0.9569,0.9157
NGC0247,Sd,14.01,0.98,5.675e-12,0.786,1.0246,1.0497
NGC0247,Sd,14.54,0.90,5.182e-12,0.793,1.0241,1.0488
NGC0300,Sd,1.36,33.62,1.675e-11,0.633,1.2165,1.4798
NGC0300,Sd,1.82,26.90,1.574e-11,0.666,1.1486,1.3194
NGC0300,Sd,2.27,20.94,1.533e-11,0.670,1.0926,1.1938
NGC0300,Sd,2.72,15.98,1.459e-11,0.678,1.1955,1.4292
NGC0300,Sd,3.17,12.36,1.338e-11,0.686,1.2927,1.6710
NGC0300,Sd,3.63,9.49,1.201e-11,0.697,1.7456,3.0470
NGC0300,Sd,4.08,7.34,1.086e-11,0.707,1.7314,2.9976
NGC0300,Sd,4.54,5.64,1.009e-11,0.716,1.5587,2.4297
NGC0300,Sd,4.99,4.36,9.161e-12,0.726,1.4016,1.9644
NGC0300,Sd,5.45,3.35,8.248e-12,0.737,1.3252,1.7561
NGC0300,Sd,5.90,2.59,7.669e-12,0.745,1.3360,1.7848
NGC0300,Sd,6.36,1.99,7.716e-12,0.749,1.3882,1.9270
NGC0300,Sd,6.81,1.54,7.817e-12,0.751,1.2490,1.5601
NGC0300,Sd,7.26,1.19,7.758e-12,0.754,1.1390,1.2973
NGC0300,Sd,7.71,0.92,7.369e-12,0.760,1.0827,1.1722
NGC0300,Sd,8.17,0.70,6.672e-12,0.770,1.1239,1.2630
NGC0300,Sd,8.62,0.55,5.968e-12,0.780,1.1474,1.3165
NGC0300,Sd,9.07,0.42,5.425e-12,0.789,1.2823,1.6443
NGC0300,Sd,9.53,0.33,4.986e-12,0.796,1.3872,1.9243
NGC0300,Sd,9.96,0.26,4.474e-12,0.805,1.3890,1.9293
NGC0300,Sd,10.45,0.19,3.982e-12,0.814,1.3704,1.8781
NGC0300,Sd,10.93,0.14,3.559e-12,0.822,1.3232,1.7508
NGC0300,Sd,11.32,0.12,3.241e-12,0.829,1.3624,1.8562
NGC0300,Sd,11.80,0.00,2.999e-12,0.835,1.3878,1.9261
NGC4010,Sd,1.74,111.92,3.933e-11,0.607,0.2670,0.0713
NGC4010,Sd,2.61,79.53,4.511e-11,0.577,0.1328,0.0176
NGC4010,Sd,3.50,50.41,4.300e-11,0.572,0.3859,0.1489
NGC4010,Sd,4.37,35.78,3.817e-11,0.583,0.5214,0.2719
NGC4010,Sd,5.24,25.55,3.286e-11,0.600,0.6907,0.4771
NGC4010,Sd,6.11,19.70,2.931e-11,0.611,0.8851,0.7834
NGC4010,Sd,6.98,15.50,2.686e-11,0.619,1.0993,1.2085
NGC4010,Sd,7.85,10.41,2.489e-11,0.626,1.0533,1.1095
NGC4010,Sd,8.72,6.87,2.232e-11,0.640,0.9476,0.8979
NGC4010,Sd,9.60,4.87,1.899e-11,0.660,0.8939,0.7991
NGC4010,Sd,10.47,3.44,1.612e-11,0.679,0.8796,0.7737
NGC5585,Sd,0.26,195.86,4.535e-11,0.675,0.4471,0.1999
NGC5585,Sd,0.43,134.56,4.726e-11,0.644,0.4487,0.2013
NGC5585,Sd,0.60,92.83,4.355e-11,0.638,0.1851,0.0343
NGC5585,Sd,0.77,74.26,3.973e-11,0.637,0.1157,0.0134
NGC5585,Sd,0.94,64.50,3.667e-11,0.637,0.1127,0.0127
NGC5585,Sd,1.11,50.48,3.422e-11,0.638,0.1246,0.0155
NGC5585,Sd,1.28,43.65,3.092e-11,0.646,0.2357,0.0556
NGC5585,Sd,1.46,39.44,2.854e-11,0.651,0.2673,0.0715
NGC5585,Sd,1.63,34.37,2.673e-11,0.654,0.2637,0.0695
NGC5585,Sd,2.05,27.37,2.351e-11,0.659,0.4666,0.2177
NGC5585,Sd,2.74,16.98,2.001e-11,0.667,0.7218,0.5210
NGC5585,Sd,3.42,11.53,1.659e-11,0.683,0.9522,0.9066
NGC5585,Sd,4.11,7.54,1.516e-11,0.684,0.9316,0.8678
NGC5585,Sd,4.79,4.30,1.359e-11,0.696,0.8991,0.8084
NGC5585,Sd,5.48,1.69,1.172e-11,0.715,0.9893,0.9786
NGC5585,Sd,6.16,0.71,1.034e-11,0.731,1.0818,1.1702
NGC5585,Sd,6.85,0.00,8.862e-12,0.749,1.1087,1.2293
NGC5585,Sd,7.53,0.00,7.792e-12,0.765,1.0870,1.1815
NGC5585,Sd,8.21,0.00,7.185e-12,0.774,1.0551,1.1133
NGC5585,Sd,8.90,0.00,6.574e-12,0.783,1.0334,1.0680
NGC5585,Sd,9.57,0.00,5.957e-12,0.791,0.9744,0.9495
NGC5585,Sd,10.31,0.00,5.425e-12,0.800,0.9158,0.8386
NGC5585,Sd,10.96,0.00,4.918e-12,0.808,0.9070,0.8227
NGC7793,Sd,0.24,389.77,9.746e-11,0.548,0.2034,0.0414
NGC7793,Sd,0.28,359.74,9.582e-11,0.554,0.3870,0.1498
NGC7793,Sd,0.32,336.61,9.461e-11,0.555,0.4568,0.2087
NGC7793,Sd,0.35,319.94,9.405e-11,0.555,0.6380,0.4071
NGC7793,Sd,0.39,296.44,9.323e-11,0.554,0.7812,0.6102
NGC7793,Sd,0.42,285.36,9.240e-11,0.553,0.8655,0.7490
NGC7793,Sd,0.46,273.54,9.182e-11,0.551,0.8889,0.7902
NGC7793,Sd,0.49,266.12,9.172e-11,0.549,0.8692,0.7555
NGC7793,Sd,0.53,255.15,9.206e-11,0.544,0.8210,0.6740
NGC7793,Sd,0.56,235.26,9.175e-11,0.542,0.7961,0.6338
NGC7793,Sd,0.60,217.59,8.978e-11,0.543,0.7395,0.5469
NGC7793,Sd,0.63,213.87,8.840e-11,0.544,0.8195,0.6716
NGC7793,Sd,0.66,209.20,8.748e-11,0.544,0.8173,0.6679
NGC7793,Sd,0.70,203.85,8.667e-11,0.542,0.7521,0.5656
NGC7793,Sd,0.87,166.31,8.173e-11,0.542,0.5002,0.2502
NGC7793,Sd,1.05,139.19,7.535e-11,0.547,0.5011,0.2511
NGC7793,Sd,1.22,123.15,7.031e-11,0.552,0.5087,0.2588
NGC7793,Sd,1.40,115.66,6.704e-11,0.552,0.5887,0.3465
NGC7793,Sd,1.57,106.67,6.583e-11,0.548,0.5878,0.3455
NGC7793,Sd,1.75,100.94,6.523e-11,0.542,0.6333,0.4010
NGC7793,Sd,1.92,94.67,6.694e-11,0.529,0.6342,0.4022
NGC7793,Sd,2.10,83.31,6.848e-11,0.516,0.6644,0.4414
NGC7793,Sd,2.27,68.22,6.885e-11,0.509,0.6424,0.4127
NGC7793,Sd,2.45,50.55,6.508e-11,0.514,0.7836,0.6140
NGC7793,Sd,2.62,45.95,6.104e-11,0.523,0.8668,0.7514
NGC7793,Sd,2.79,40.62,5.856e-11,0.527,0.8586,0.7372
NGC7793,Sd,2.97,35.05,5.640e-11,0.530,0.7827,0.6127
NGC7793,Sd,3.16,27.84,5.386e-11,0.534,0.8215,0.6748
NGC7793,Sd,3.33,23.29,5.108e-11,0.541,0.8650,0.7483
NGC7793,Sd,3.51,19.80,4.833e-11,0.549,0.9752,0.9511
NGC7793,Sd,3.68,17.04,4.609e-11,0.556,1.1868,1.4086
NGC7793,Sd,3.85,14.91,4.331e-11,0.563,1.1155,1.2444
NGC7793,Sd,4.03,12.42,4.064e-11,0.571,1.1802,1.3928
NGC7793,Sd,4.20,10.17,3.812e-11,0.579,1.2508,1.5644
NGC7793,Sd,4.38,8.63,3.572e-11,0.589,1.1826,1.3984
NGC7793,Sd,4.73,7.05,3.200e-11,0.603,1.1720,1.3735
NGC7793,Sd,5.25,4.42,2.782e-11,0.621,0.9998,0.9995
NGC7793,Sd,5.78,1.89,2.359e-11,0.644,0.9504,0.9033
NGC7793,Sd,6.30,2.46,2.036e-11,0.662,0.9095,0.8273
NGC7793,Sd,6.82,1.29,1.779e-11,0.677,0.8230,0.6773
NGC7793,Sd,7.35,0.85,1.524e-11,0.695,0.6963,0.4848
NGC7793,Sd,7.87,0.00,1.317e-11,0.710,0.6456,0.4168
UGC04278,Sd,0.42,33.45,4.965e-12,0.877,0.3770,0.1422
UGC04278,Sd,0.69,31.71,7.934e-12,0.820,0.5532,0.3060
UGC04278,Sd,0.97,26.28,1.014e-11,0.778,0.6827,0.4661
UGC04278,Sd,1.25,20.38,1.083e-11,0.756,0.6007,0.3609
UGC04278,Sd,1.52,13.23,9.200e-12,0.769,0.7013,0.4919
UGC04278,Sd,1.80,10.66,6.879e-12,0.804,0.8022,0.6435
UGC04278,Sd,2.07,8.87,6.064e-12,0.813,0.8683,0.7540
UGC04278,Sd,2.35,7.86,5.815e-12,0.810,0.8995,0.8092
UGC04278,Sd,2.63,7.16,5.646e-12,0.805,0.8549,0.7308
UGC04278,Sd,2.91,6.58,5.423e-12,0.804,0.9685,0.9380
UGC04278,Sd,3.19,5.91,5.045e-12,0.808,0.9720,0.9447
UGC04278,Sd,3.46,5.23,4.657e-12,0.814,1.0957,1.2006
UGC04278,Sd,3.74,4.51,4.260e-12,0.821,1.2715,1.6167
UGC04278,Sd,4.01,3.92,3.920e-12,0.828,1.5722,2.4718
UGC04278,Sd,4.29,3.63,3.585e-12,0.835,1.7025,2.8985
UGC04278,Sd,4.57,3.30,3.679e-12,0.826,1.8540,3.4372
UGC04278,Sd,4.85,2.92,4.104e-12,0.805,2.0181,4.0729
UGC04278,Sd,5.13,2.37,4.502e-12,0.798,2.0242,4.0976
UGC04278,Sd,5.40,2.00,5.481e-12,0.785,1.7791,3.1651
UGC04278,Sd,5.68,1.78,6.828e-12,0.769,1.5018,2.2554
UGC04278,Sd,5.86,1.54,7.586e-12,0.761,1.3920,1.9377
UGC04278,Sd,6.36,0.74,1.002e-11,0.739,1.1109,1.2342
UGC04278,Sd,6.51,0.57,1.055e-11,0.735,1.0603,1.1242
UGC04278,Sd,6.69,0.40,1.004e-11,0.740,1.1114,1.2352
UGC05721,Sd,0.27,154.50,6.392e-11,0.589,1.2431,1.5453
UGC05721,Sd,0.45,90.66,6.098e-11,0.564,1.2783,1.6340
UGC05721,Sd,0.63,52.97,5.203e-11,0.569,1.5504,2.4038
UGC05721,Sd,0.81,31.39,4.292e-11,0.585,1.3929,1.9403
UGC05721,Sd,0.99,22.55,3.577e-11,0.603,1.4958,2.2374
UGC05721,Sd,1.17,14.87,3.185e-11,0.609,1.9237,3.7004
UGC05721,Sd,1.35,7.62,2.769e-11,0.625,2.4330,5.9193
UGC05721,Sd,1.53,4.59,2.499e-11,0.639,2.5905,6.7106
UGC05721,Sd,1.71,2.67,2.289e-11,0.652,2.4470,5.9880
UGC05721,Sd,1.89,1.66,2.007e-11,0.669,2.3914,5.7188
UGC05721,Sd,2.07,1.17,1.617e-11,0.693,2.4591,6.0470
UGC05721,Sd,2.25,0.76,1.285e-11,0.717,2.5852,6.6830
UGC05721,Sd,2.67,0.34,9.888e-12,0.745,2.4442,5.9741
UGC05721,Sd,3.15,0.07,8.295e-12,0.763,2.1098,4.4512
UGC05721,Sd,3.61,0.02,6.797e-12,0.782,1.9937,3.9748
UGC05721,Sd,4.04,0.01,5.821e-12,0.795,1.9139,3.6632
UGC05721,Sd,4.49,0.00,5.304e-12,0.803,1.7926,3.2135
UGC05721,Sd,4.93,0.00,5.147e-12,0.805,1.6456,2.7079
UGC05721,Sd,5.38,0.00,4.952e-12,0.808,1.5301,2.3412
UGC05721,Sd,5.86,0.00,4.495e-12,0.816,1.4895,2.2186
UGC05721,Sd,6.28,0.00,4.076e-12,0.823,1.4786,2.1862
UGC05721,Sd,6.74,0.00,3.735e-12,0.829,1.4676,2.1538
UGC06446,Sd,1.16,16.85,1.225e-11,0.698,2.5312,6.4068
UGC06446,Sd,1.74,10.07,9.546e-12,0.735,2.2705,5.1550
UGC06446,Sd,2.33,6.16,7.809e-12,0.752,2.0693,4.2820
UGC06446,Sd,2.91,4.59,7.846e-12,0.756,1.7494,3.0604
UGC06446,Sd,3.49,3.22,7.394e-12,0.760,1.6476,2.7146
UGC06446,Sd,4.07,2.46,5.982e-12,0.775,1.8058,3.2610
UGC06446,Sd,4.65,1.18,5.887e-12,0.780,1.7524,3.0709
UGC06446,Sd,5.23,0.83,6.116e-12,0.781,1.5781,2.4904
UGC06446,Sd,5.81,0.61,6.064e-12,0.784,1.3652,1.8639
UGC06446,Sd,6.40,0.43,6.166e-12,0.784,1.2201,1.4887
UGC06446,Sd,6.98,0.29,6.213e-12,0.785,1.1082,1.2282
UGC06446,Sd,7.62,0.19,6.305e-12,0.785,0.9956,0.9913
UGC06446,Sd,8.28,0.12,5.817e-12,0.792,1.0124,1.0250
UGC06446,Sd,8.90,0.08,4.736e-12,0.808,1.0595,1.1225
UGC06446,Sd,9.52,0.06,4.423e-12,0.814,0.9907,0.9815
UGC06446,Sd,10.22,0.00,4.211e-12,0.818,0.8523,0.7264
UGC06930,Sd,3.50,20.42,1.689e-11,0.647,1.6356,2.6753
UGC06930,Sd,5.24,12.49,1.412e-11,0.685,1.3128,1.7233
UGC06930,Sd,6.98,8.99,1.297e-11,0.697,1.0824,1.1716
UGC06930,Sd,8.72,5.46,1.165e-11,0.706,0.9922,0.9845
UGC06930,Sd,10.47,3.02,1.066e-11,0.715,0.9265,0.8585
UGC06930,Sd,12.19,1.33,9.751e-12,0.729,0.8310,0.6906
UGC06930,Sd,13.94,0.42,8.353e-12,0.748,0.7561,0.5716
UGC06930,Sd,15.68,0.00,6.464e-12,0.776,0.7900,0.6241
UGC06930,Sd,16.61,0.00,5.726e-12,0.787,0.8041,0.6466
UGC07603,Sd,0.34,53.40,2.031e-11,0.379,1.3138,1.7260
UGC07603,Sd,0.68,33.16,2.050e-11,0.647,0.7952,0.6324
UGC07603,Sd,1.02,14.18,1.695e-11,0.668,1.1402,1.3002
UGC07603,Sd,1.37,8.82,1.393e-11,0.688,1.5157,2.2975
UGC07603,Sd,1.71,4.15,1.375e-11,0.695,1.5288,2.3371
UGC07603,Sd,2.05,2.19,1.200e-11,0.714,1.5344,2.3545
UGC07603,Sd,2.39,1.15,9.407e-12,0.739,1.5083,2.2751
UGC07603,Sd,2.74,0.59,7.054e-12,0.767,1.5324,2.3482
UGC07603,Sd,3.08,0.31,5.723e-12,0.786,1.6189,2.6207
UGC07603,Sd,3.42,0.17,5.063e-12,0.798,1.5376,2.3642
UGC07603,Sd,3.76,0.09,4.563e-12,0.808,1.5468,2.3924
UGC07603,Sd,4.11,0.00,4.048e-12,0.818,1.5537,2.4138
UGC08550,Sd,0.49,29.43,1.038e-11,0.443,3.7554,14.1032
UGC08550,Sd,0.97,17.22,1.247e-11,0.682,1.7871,3.1939
UGC08550,Sd,1.47,6.05,1.151e-11,0.703,1.4386,2.0695
UGC08550,Sd,1.95,2.21,9.107e-12,0.730,1.2611,1.5903
UGC08550,Sd,2.44,0.45,6.287e-12,0.773,1.2826,1.6450
UGC08550,Sd,2.92,0.18,4.341e-12,0.807,1.3905,1.9336
UGC08550,Sd,3.41,0.07,3.644e-12,0.823,1.3741,1.8881
UGC08550,Sd,3.89,0.03,3.317e-12,0.832,1.3393,1.7938
UGC08550,Sd,4.39,0.01,3.600e-12,0.828,1.2140,1.4738
UGC08550,Sd,4.88,0.01,3.892e-12,0.824,0.9849,0.9700
UGC08550,Sd,5.36,0.00,3.670e-12,0.828,0.9212,0.8487
F583-1,Sdm–Sm,0.44,15.87,2.404e-12,0.894,0.2441,0.0596
F583-1,Sdm–Sm,0.77,13.02,3.532e-12,0.865,0.0570,0.0032
F583-1,Sdm–Sm,0.89,11.58,3.739e-12,0.857,0.3258,0.1061
F583-1,Sdm–Sm,1.22,8.74,3.814e-12,0.847,0.5123,0.2625
F583-1,Sdm–Sm,1.55,5.65,3.342e-12,0.854,0.8554,0.7317
F583-1,Sdm–Sm,1.80,5.25,2.816e-12,0.867,0.8678,0.7530
F583-1,Sdm–Sm,2.21,5.07,2.481e-12,0.873,1.2915,1.6680
F583-1,Sdm–Sm,2.31,4.96,2.449e-12,0.873,1.4540,2.1141
F583-1,Sdm–Sm,2.54,4.60,2.380e-12,0.873,1.4243,2.0286
F583-1,Sdm–Sm,3.10,4.28,2.288e-12,0.870,1.6746,2.8044
F583-1,Sdm–Sm,3.43,3.80,2.425e-12,0.860,1.8121,3.2837
F583-1,Sdm–Sm,3.86,3.02,2.532e-12,0.849,1.9087,3.6430
F583-1,Sdm–Sm,4.09,2.71,2.558e-12,0.844,2.0099,4.0395
F583-1,Sdm–Sm,4.37,2.38,2.602e-12,0.842,1.9333,3.7375
F583-1,Sdm–Sm,4.76,1.95,2.663e-12,0.840,1.9713,3.8859
F583-1,Sdm–Sm,5.40,1.39,2.815e-12,0.837,1.9156,3.6695
F583-1,Sdm–Sm,5.86,1.07,2.923e-12,0.836,1.7457,3.0475
F583-1,Sdm–Sm,6.08,0.96,2.954e-12,0.836,1.7130,2.9344
F583-1,Sdm–Sm,6.43,0.81,3.034e-12,0.835,1.5217,2.3157
F583-1,Sdm–Sm,6.97,0.62,3.222e-12,0.833,1.5208,2.3128
F583-1,Sdm–Sm,7.96,0.46,3.512e-12,0.829,1.3378,1.7898
F583-1,Sdm–Sm,10.29,0.18,3.925e-12,0.823,1.0261,1.0529
F583-1,Sdm–Sm,15.49,0.00,3.569e-12,0.832,0.6945,0.4823
F583-1,Sdm–Sm,16.26,0.00,3.409e-12,0.835,0.6534,0.4269
IC2574,Sdm–Sm,1.14,7.46,2.043e-12,0.851,0.2311,0.0534
IC2574,Sdm–Sm,1.42,6.54,2.203e-12,0.861,0.2896,0.0839
IC2574,Sdm–Sm,1.71,5.79,2.434e-12,0.859,0.2783,0.0775
IC2574,Sdm–Sm,1.99,5.40,2.718e-12,0.851,0.2359,0.0557
IC2574,Sdm–Sm,2.28,4.62,2.726e-12,0.851,0.4459,0.1988
IC2574,Sdm–Sm,2.55,4.21,2.822e-12,0.848,0.4404,0.1940
IC2574,Sdm–Sm,2.84,3.69,2.794e-12,0.848,0.4654,0.2166
IC2574,Sdm–Sm,3.13,3.46,2.746e-12,0.849,0.5515,0.3041
IC2574,Sdm–Sm,3.41,2.94,2.670e-12,0.851,0.5783,0.3344
IC2574,Sdm–Sm,3.70,2.85,2.432e-12,0.859,0.5620,0.3158
IC2574,Sdm–Sm,3.98,2.94,2.211e-12,0.865,0.7205,0.5191
IC2574,Sdm–Sm,4.26,3.04,2.206e-12,0.862,0.5493,0.3018
IC2574,Sdm–Sm,4.55,3.25,2.552e-12,0.850,0.6130,0.3758
IC2574,Sdm–Sm,4.84,2.88,2.899e-12,0.836,0.4818,0.2321
IC2574,Sdm–Sm,5.12,2.30,3.048e-12,0.832,0.5317,0.2827
IC2574,Sdm–Sm,5.41,2.15,3.017e-12,0.832,0.5362,0.2875
IC2574,Sdm–Sm,5.68,2.02,3.107e-12,0.828,0.5430,0.2949
IC2574,Sdm–Sm,5.97,1.71,3.142e-12,0.826,0.5629,0.3168
IC2574,Sdm–Sm,6.26,1.38,3.264e-12,0.824,0.6010,0.3612
IC2574,Sdm–Sm,6.54,1.07,3.379e-12,0.823,0.6366,0.4052
IC2574,Sdm–Sm,6.83,0.83,3.301e-12,0.826,0.6434,0.4140
IC2574,Sdm–Sm,7.10,0.78,3.271e-12,0.828,0.6371,0.4060
IC2574,Sdm–Sm,7.39,0.77,3.216e-12,0.830,0.6691,0.4477
IC2574,Sdm–Sm,7.68,0.70,3.274e-12,0.829,0.7121,0.5071
IC2574,Sdm–Sm,7.96,0.62,3.289e-12,0.829,0.6316,0.3990
IC2574,Sdm–Sm,8.25,0.56,3.271e-12,0.830,0.5127,0.2629
IC2574,Sdm–Sm,8.52,0.51,3.139e-12,0.833,0.7904,0.6248
IC2574,Sdm–Sm,8.81,0.46,3.066e-12,0.834,0.6742,0.4546
IC2574,Sdm–Sm,9.10,0.41,3.023e-12,0.835,0.6686,0.4470
IC2574,Sdm–Sm,9.38,0.38,3.053e-12,0.834,0.7816,0.6110
IC2574,Sdm–Sm,9.67,0.34,3.186e-12,0.831,0.7061,0.4985
IC2574,Sdm–Sm,9.96,0.00,3.170e-12,0.833,0.7260,0.5271
IC2574,Sdm–Sm,10.23,0.00,3.249e-12,0.833,0.6909,0.4774
NGC0055,Sdm–Sm,1.23,29.00,1.487e-11,0.583,0.3289,0.1082
NGC0055,Sdm–Sm,1.84,19.01,1.550e-11,0.676,0.2901,0.0842
NGC0055,Sdm–Sm,2.46,14.75,1.501e-11,0.691,0.2822,0.0797
NGC0055,Sdm–Sm,3.07,10.82,1.452e-11,0.698,0.3570,0.1274
NGC0055,Sdm–Sm,3.68,8.16,1.420e-11,0.703,0.4623,0.2137
NGC0055,Sdm–Sm,4.30,6.53,1.388e-11,0.707,0.5243,0.2748
NGC0055,Sdm–Sm,4.91,5.46,1.317e-11,0.714,0.5414,0.2931
NGC0055,Sdm–Sm,5.52,4.68,1.243e-11,0.721,0.5692,0.3240
NGC0055,Sdm–Sm,6.14,4.17,1.168e-11,0.728,0.5573,0.3106
NGC0055,Sdm–Sm,6.75,3.91,1.098e-11,0.734,0.6246,0.3901
NGC0055,Sdm–Sm,7.37,3.69,1.037e-11,0.739,0.6645,0.4415
NGC0055,Sdm–Sm,7.98,3.35,9.827e-12,0.743,0.6699,0.4487
NGC0055,Sdm–Sm,8.59,2.98,9.414e-12,0.746,0.6530,0.4264
NGC0055,Sdm–Sm,9.21,2.68,8.863e-12,0.751,0.6249,0.3904
NGC0055,Sdm–Sm,9.82,2.42,8.237e-12,0.757,0.6468,0.4183
NGC0055,Sdm–Sm,10.43,2.19,7.618e-12,0.763,0.6119,0.3744
NGC0055,Sdm–Sm,11.05,1.99,6.923e-12,0.771,0.6220,0.3869
NGC0055,Sdm–Sm,11.66,1.79,6.333e-12,0.777,0.6505,0.4231
NGC0055,Sdm–Sm,12.28,1.62,5.947e-12,0.780,0.6454,0.4165
NGC0055,Sdm–Sm,12.89,1.47,5.668e-12,0.782,0.6676,0.4457
NGC0055,Sdm–Sm,13.50,0.00,5.477e-12,0.779,0.6460,0.4173
NGC3109,Sdm–Sm,0.52,4.38,9.773e-13,0.929,0.5342,0.2854
NGC3109,Sdm–Sm,0.77,4.21,1.895e-12,0.889,0.4919,0.2420
NGC3109,Sdm–Sm,1.03,3.96,2.507e-12,0.868,0.5427,0.2945
NGC3109,Sdm–Sm,1.29,3.33,3.117e-12,0.847,0.6777,0.4593
NGC3109,Sdm–Sm,1.55,2.58,3.552e-12,0.835,0.8333,0.6945
NGC3109,Sdm–Sm,1.81,2.35,3.876e-12,0.827,0.9274,0.8600
NGC3109,Sdm–Sm,2.06,1.91,4.036e-12,0.822,1.0149,1.0301
NGC3109,Sdm–Sm,2.32,1.49,3.954e-12,0.823,1.1569,1.3384
NGC3109,Sdm–Sm,2.58,1.22,3.803e-12,0.826,1.0347,1.0705
NGC3109,Sdm–Sm,2.84,1.15,3.658e-12,0.829,1.2351,1.5254
NGC3109,Sdm–Sm,3.10,1.21,3.542e-12,0.830,1.2686,1.6092
NGC3109,Sdm–Sm,3.35,0.98,3.500e-12,0.828,1.2587,1.5842
NGC3109,Sdm–Sm,3.61,0.61,3.438e-12,0.829,1.3064,1.7067
NGC3109,Sdm–Sm,3.87,0.39,3.157e-12,0.836,1.3598,1.8490
NGC3109,Sdm–Sm,4.13,0.34,2.902e-12,0.843,1.3498,1.8220
NGC3109,Sdm–Sm,4.38,0.41,2.820e-12,0.845,1.4061,1.9772
NGC3109,Sdm–Sm,4.64,0.38,2.752e-12,0.846,1.4282,2.0398
NGC3109,Sdm–Sm,4.90,0.32,2.712e-12,0.847,1.4695,2.1593
NGC3109,Sdm–Sm,5.16,0.26,2.672e-12,0.848,1.4796,2.1892
NGC3109,Sdm–Sm,5.42,0.21,2.680e-12,0.848,1.4838,2.2016
NGC3109,Sdm–Sm,5.67,0.18,2.688e-12,0.847,1.5199,2.3100
NGC3109,Sdm–Sm,5.93,0.00,2.579e-12,0.850,1.4709,2.1636
NGC3109,Sdm–Sm,6.19,0.00,2.429e-12,0.855,1.4379,2.0677
NGC3109,Sdm–Sm,6.45,0.00,2.293e-12,0.859,1.4698,2.1604
UGC00128,Sdm–Sm,3.75,14.05,1.060e-11,0.744,1.3808,1.9067
UGC00128,Sdm–Sm,6.25,7.96,6.888e-12,0.785,1.6637,2.7680
UGC00128,Sdm–Sm,8.76,5.34,5.396e-12,0.802,1.7263,2.9803
UGC00128,Sdm–Sm,11.25,4.29,4.658e-12,0.808,1.6441,2.7029
UGC00128,Sdm–Sm,13.74,3.02,4.520e-12,0.801,1.4397,2.0727
UGC00128,Sdm–Sm,16.22,1.75,4.403e-12,0.801,1.3999,1.9596
UGC00128,Sdm–Sm,18.71,1.06,4.235e-12,0.808,1.3013,1.6935
UGC00128,Sdm–Sm,21.30,0.68,4.024e-12,0.815,1.1780,1.3878
UGC00128,Sdm–Sm,23.79,0.40,3.865e-12,0.820,1.0712,1.1475
UGC00128,Sdm–Sm,26.28,0.29,3.581e-12,0.827,0.9897,0.9796
UGC00128,Sdm–Sm,28.77,0.19,3.456e-12,0.830,0.9386,0.8810
UGC00128,Sdm–Sm,31.25,0.12,3.110e-12,0.838,0.9116,0.8310
UGC00128,Sdm–Sm,33.74,0.09,2.627e-12,0.850,0.9335,0.8715
UGC00128,Sdm–Sm,36.23,0.06,2.332e-12,0.857,0.8624,0.7438
UGC00128,Sdm–Sm,38.82,0.04,2.130e-12,0.863,0.8269,0.6838
UGC00128,Sdm–Sm,41.31,0.03,1.914e-12,0.870,0.8876,0.7879
UGC00128,Sdm–Sm,43.80,0.01,1.681e-12,0.877,0.9347,0.8737
UGC00128,Sdm–Sm,46.28,0.01,1.484e-12,0.884,0.9824,0.9650
UGC00128,Sdm–Sm,48.77,0.01,1.299e-12,0.891,0.9233,0.8524
UGC00128,Sdm–Sm,51.26,0.01,1.152e-12,0.896,0.9901,0.9803
UGC00128,Sdm–Sm,53.75,0.00,1.037e-12,0.901,0.8852,0.7837
UGC00191,Sdm–Sm,0.87,39.65,1.529e-11,0.655,0.9901,0.9802
UGC00191,Sdm–Sm,1.12,30.14,1.523e-11,0.682,1.4317,2.0498
UGC00191,Sdm–Sm,1.37,24.15,1.457e-11,0.694,1.3350,1.7822
UGC00191,Sdm–Sm,1.62,20.24,1.354e-11,0.706,1.6245,2.6391
UGC00191,Sdm–Sm,2.30,15.46,1.253e-11,0.712,1.9074,3.6382
UGC00191,Sdm–Sm,4.97,2.62,9.376e-12,0.749,1.0352,1.0716
UGC00191,Sdm–Sm,7.45,0.59,7.743e-12,0.768,0.8135,0.6618
UGC00191,Sdm–Sm,9.98,0.00,5.349e-12,0.801,0.8146,0.6635
UGC01281,Sdm–Sm,0.38,11.40,1.120e-12,0.948,0.1930,0.0372
UGC01281,Sdm–Sm,0.54,10.45,1.732e-12,0.922,0.2700,0.0729
UGC01281,Sdm–Sm,0.69,10.30,1.887e-12,0.915,0.3737,0.1397
UGC01281,Sdm–Sm,0.84,9.38,2.053e-12,0.907,0.4675,0.2185
UGC01281,Sdm–Sm,1.00,8.71,2.276e-12,0.896,0.5577,0.3110
UGC01281,Sdm–Sm,1.15,7.75,2.382e-12,0.890,0.6660,0.4435
UGC01281,Sdm–Sm,1.30,6.91,3.416e-12,0.846,0.7464,0.5570
UGC01281,Sdm–Sm,1.46,5.96,3.661e-12,0.834,0.8359,0.6987
UGC01281,Sdm–Sm,1.61,4.96,4.146e-12,0.821,0.8405,0.7064
UGC01281,Sdm–Sm,1.76,4.14,4.452e-12,0.814,0.9023,0.8141
UGC01281,Sdm–Sm,1.92,3.53,4.833e-12,0.807,0.9319,0.8684
UGC01281,Sdm–Sm,2.07,3.07,5.011e-12,0.803,0.9727,0.9461
UGC01281,Sdm–Sm,2.22,2.69,5.230e-12,0.800,0.9956,0.9912
UGC01281,Sdm–Sm,2.38,2.44,5.322e-12,0.798,1.0241,1.0487
UGC01281,Sdm–Sm,2.53,2.11,5.327e-12,0.797,1.0792,1.1646
UGC01281,Sdm–Sm,2.68,1.79,5.305e-12,0.798,1.1064,1.2240
UGC01281,Sdm–Sm,2.76,1.67,5.246e-12,0.799,1.1197,1.2538
UGC01281,Sdm–Sm,3.07,1.32,5.023e-12,0.803,1.2066,1.4558
UGC01281,Sdm–Sm,3.46,1.05,4.878e-12,0.805,1.1181,1.2501
UGC01281,Sdm–Sm,3.83,0.81,4.415e-12,0.813,1.1046,1.2202
UGC01281,Sdm–Sm,4.23,0.69,3.857e-12,0.823,1.1110,1.2343
UGC01281,Sdm–Sm,4.62,0.59,3.868e-12,0.823,1.0273,1.0553
UGC01281,Sdm–Sm,4.99,0.48,3.798e-12,0.824,0.9697,0.9404
UGC02259,Sdm–Sm,1.02,27.20,1.012e-11,0.401,13.2818,176.4073
UGC02259,Sdm–Sm,2.04,15.39,1.134e-11,0.700,2.6004,6.7619
UGC02259,Sdm–Sm,3.05,8.97,1.087e-11,0.713,2.1595,4.6635
UGC02259,Sdm–Sm,4.07,4.08,9.989e-12,0.721,1.7304,2.9944
UGC02259,Sdm–Sm,5.09,2.23,7.976e-12,0.750,1.5287,2.3370
UGC02259,Sdm–Sm,6.11,1.25,7.025e-12,0.764,1.4195,2.0149
UGC02259,Sdm–Sm,7.13,0.66,6.196e-12,0.777,1.3563,1.8396
UGC02259,Sdm–Sm,8.14,0.00,4.872e-12,0.799,1.4177,2.0098
UGC04325,Sdm–Sm,1.40,30.55,1.307e-11,0.723,2.8191,7.9473
UGC04325,Sdm–Sm,2.09,21.09,1.608e-11,0.692,2.5735,6.6229
UGC04325,Sdm–Sm,2.79,14.96,1.742e-11,0.674,2.0538,4.2180
UGC04325,Sdm–Sm,3.49,8.70,1.704e-11,0.670,1.6838,2.8353
UGC04325,Sdm–Sm,4.19,4.92,1.493e-11,0.687,1.5276,2.3337
UGC04325,Sdm–Sm,4.89,2.32,1.284e-11,0.703,1.4499,2.1021
UGC04325,Sdm–Sm,5.59,0.88,1.095e-11,0.722,1.3229,1.7500
UGC04499,Sdm–Sm,1.82,12.78,1.178e-11,0.688,0.9415,0.8864
UGC04499,Sdm–Sm,2.73,7.58,1.081e-11,0.718,1.0108,1.0217
UGC04499,Sdm–Sm,3.63,4.99,1.099e-11,0.717,0.8370,0.7005
UGC04499,Sdm–Sm,4.55,2.69,9.566e-12,0.736,0.8384,0.7030
UGC04499,Sdm–Sm,5.45,1.64,8.443e-12,0.750,0.8370,0.7005
UGC04499,Sdm–Sm,6.37,1.23,7.161e-12,0.766,0.8429,0.7105
UGC04499,Sdm–Sm,7.28,0.77,6.845e-12,0.771,0.7407,0.5487
UGC04499,Sdm–Sm,8.18,0.00,6.299e-12,0.778,0.7072,0.5001
UGC05716,Sdm–Sm,1.03,15.34,7.800e-12,0.438,6.6612,44.3721
UGC05716,Sdm–Sm,2.07,5.15,6.828e-12,0.739,1.6049,2.5758
UGC05716,Sdm–Sm,3.09,2.10,5.102e-12,0.780,1.4792,2.1881
UGC05716,Sdm–Sm,4.13,1.01,4.221e-12,0.802,1.3656,1.8648
UGC05716,Sdm–Sm,5.16,0.47,3.898e-12,0.813,1.2833,1.6469
UGC05716,Sdm–Sm,6.20,0.14,3.724e-12,0.821,1.2026,1.4463
UGC05716,Sdm–Sm,7.23,0.06,3.736e-12,0.824,1.1037,1.2183
UGC05716,Sdm–Sm,8.26,0.03,3.663e-12,0.827,1.0013,1.0027
UGC05716,Sdm–Sm,9.28,0.01,3.446e-12,0.832,0.8923,0.7963
UGC05716,Sdm–Sm,10.34,0.01,3.124e-12,0.839,0.8182,0.6694
UGC05716,Sdm–Sm,11.40,0.00,2.716e-12,0.849,0.8157,0.6653
UGC05716,Sdm–Sm,12.37,0.00,2.308e-12,0.859,0.8756,0.7667
UGC05750,Sdm–Sm,1.47,10.53,3.548e-12,0.864,0.0839,0.0070
UGC05750,Sdm–Sm,2.52,8.09,3.702e-12,0.853,0.2973,0.0884
UGC05750,Sdm–Sm,3.35,6.12,3.796e-12,0.844,0.4268,0.1822
UGC05750,Sdm–Sm,4.09,5.47,3.456e-12,0.852,0.5848,0.3419
UGC05750,Sdm–Sm,4.82,5.78,3.560e-12,0.845,0.6744,0.4549
UGC05750,Sdm–Sm,6.60,4.33,4.334e-12,0.813,0.7558,0.5712
UGC05750,Sdm–Sm,7.86,3.54,4.499e-12,0.803,0.7957,0.6332
UGC05750,Sdm–Sm,9.43,2.19,4.622e-12,0.793,0.7845,0.6155
UGC05750,Sdm–Sm,11.43,0.41,3.733e-12,0.816,0.8039,0.6462
UGC05750,Sdm–Sm,22.85,0.00,2.438e-12,0.856,0.4399,0.1935
UGC05986,Sdm–Sm,1.26,60.98,2.239e-11,0.680,0.9258,0.8571
UGC05986,Sdm–Sm,1.88,52.49,2.480e-11,0.655,1.1765,1.3841
UGC05986,Sdm–Sm,2.51,39.06,2.877e-11,0.615,1.3724,1.8836
UGC05986,Sdm–Sm,3.13,24.20,2.674e-11,0.617,1.5635,2.4445
UGC05986,Sdm–Sm,3.77,16.66,2.360e-11,0.631,1.8068,3.2646
UGC05986,Sdm–Sm,4.39,12.12,2.222e-11,0.634,1.8255,3.3323
UGC05986,Sdm–Sm,5.02,6.28,2.027e-11,0.644,1.7785,3.1630
UGC05986,Sdm–Sm,5.65,3.30,1.688e-11,0.668,1.7725,3.1417
UGC05986,Sdm–Sm,6.28,1.45,1.386e-11,0.691,1.7886,3.1991
UGC05986,Sdm–Sm,6.90,0.00,1.182e-11,0.711,1.7668,3.1216
UGC05986,Sdm–Sm,7.54,0.00,9.670e-12,0.737,1.7062,2.9111
UGC05986,Sdm–Sm,8.16,0.00,8.017e-12,0.757,1.6735,2.8008
UGC05986,Sdm–Sm,8.79,0.00,7.015e-12,0.771,1.5595,2.4319
UGC05986,Sdm–Sm,9.41,0.00,6.719e-12,0.776,1.4024,1.9668
UGC06399,Sdm–Sm,1.74,18.96,1.052e-11,0.724,1.0581,1.1196
UGC06399,Sdm–Sm,2.61,13.44,9.576e-12,0.741,1.3081,1.7111
UGC06399,Sdm–Sm,3.50,9.62,1.009e-11,0.725,1.3047,1.7024
UGC06399,Sdm–Sm,4.37,5.87,9.307e-12,0.732,1.3836,1.9143
UGC06399,Sdm–Sm,5.24,3.75,8.724e-12,0.741,1.3565,1.8402
UGC06399,Sdm–Sm,6.11,2.42,7.943e-12,0.750,1.2414,1.5411
UGC06399,Sdm–Sm,6.98,1.70,7.011e-12,0.760,1.2183,1.4842
UGC06399,Sdm–Sm,7.85,0.00,6.167e-12,0.775,1.1981,1.4354
UGC06818,Sdm–Sm,0.87,38.33,1.439e-11,0.282,1.0610,1.1257
UGC06818,Sdm–Sm,1.74,18.20,1.427e-11,0.670,0.0114,0.0001
UGC06818,Sdm–Sm,2.61,9.29,1.098e-11,0.708,0.2153,0.0464
UGC06818,Sdm–Sm,3.50,5.38,8.975e-12,0.729,0.4981,0.2481
UGC06818,Sdm–Sm,4.37,3.21,7.322e-12,0.751,1.0116,1.0234
UGC06818,Sdm–Sm,5.24,1.55,6.626e-12,0.762,1.1639,1.3546
UGC06818,Sdm–Sm,6.11,0.69,5.652e-12,0.780,0.9468,0.8964
UGC06818,Sdm–Sm,6.98,0.43,4.833e-12,0.796,1.1086,1.2289
UGC06917,Sdm–Sm,2.61,29.70,2.168e-11,0.561,1.4905,2.2217
UGC06917,Sdm–Sm,3.50,19.43,1.802e-11,0.622,1.6222,2.6315
UGC06917,Sdm–Sm,4.37,14.93,1.665e-11,0.645,1.5888,2.5242
UGC06917,Sdm–Sm,5.24,9.79,1.480e-11,0.665,1.4995,2.2486
UGC06917,Sdm–Sm,6.11,8.17,1.328e-11,0.680,1.4053,1.9749
UGC06917,Sdm–Sm,6.98,5.47,1.243e-11,0.691,1.2595,1.5864
UGC06917,Sdm–Sm,7.85,4.14,1.132e-11,0.704,1.2064,1.4554
UGC06917,Sdm–Sm,8.72,3.10,1.028e-11,0.715,1.1889,1.4135
UGC06917,Sdm–Sm,9.60,2.39,9.838e-12,0.723,1.2083,1.4599
UGC06917,Sdm–Sm,10.47,1.68,9.812e-12,0.725,1.0959,1.2009
UGC07089,Sdm–Sm,0.87,34.01,7.520e-12,0.493,1.1944,1.4266
UGC07089,Sdm–Sm,1.74,28.20,1.155e-11,0.735,0.4098,0.1679
UGC07089,Sdm–Sm,2.61,18.18,1.294e-11,0.715,0.3218,0.1035
UGC07089,Sdm–Sm,3.50,12.68,1.185e-11,0.718,0.4120,0.1697
UGC07089,Sdm–Sm,4.37,8.89,1.084e-11,0.719,0.5616,0.3154
UGC07089,Sdm–Sm,5.24,5.76,1.001e-11,0.726,0.5913,0.3496
UGC07089,Sdm–Sm,6.11,3.81,8.962e-12,0.740,0.6087,0.3705
UGC07089,Sdm–Sm,6.55,3.19,8.488e-12,0.745,0.7142,0.5101
UGC07089,Sdm–Sm,6.98,2.67,8.074e-12,0.750,0.6126,0.3753
UGC07089,Sdm–Sm,7.85,1.85,7.304e-12,0.761,0.6514,0.4243
UGC07089,Sdm–Sm,8.72,1.27,6.560e-12,0.771,0.7168,0.5138
UGC07089,Sdm–Sm,9.16,1.03,6.128e-12,0.777,0.7496,0.5620
UGC07125,Sdm–Sm,1.44,26.11,1.042e-11,0.551,0.3843,0.1477
UGC07125,Sdm–Sm,2.88,10.14,1.073e-11,0.722,0.3609,0.1303
UGC07125,Sdm–Sm,4.33,5.32,7.658e-12,0.754,0.4236,0.1794
UGC07125,Sdm–Sm,5.76,2.79,6.198e-12,0.776,0.4348,0.1890
UGC07125,Sdm–Sm,7.20,1.73,4.591e-12,0.801,0.5266,0.2773
UGC07125,Sdm–Sm,8.64,1.39,4.385e-12,0.806,0.4629,0.2143
UGC07125,Sdm–Sm,10.08,0.84,4.237e-12,0.809,0.4400,0.1936
UGC07125,Sdm–Sm,11.47,0.53,4.179e-12,0.812,0.4206,0.1769
UGC07125,Sdm–Sm,13.00,0.24,4.825e-12,0.804,0.2992,0.0895
UGC07125,Sdm–Sm,14.42,0.00,4.462e-12,0.811,0.2696,0.0727
UGC07125,Sdm–Sm,15.84,0.00,3.817e-12,0.824,0.2776,0.0771
UGC07125,Sdm–Sm,17.26,0.00,3.567e-12,0.830,0.2524,0.0637
UGC07125,Sdm–Sm,18.68,0.00,2.653e-12,0.850,0.3102,0.0963
UGC07261,Sdm–Sm,0.95,48.55,1.363e-11,0.329,9.1405,83.5486
UGC07261,Sdm–Sm,1.90,23.23,2.258e-11,0.591,1.3817,1.9091
UGC07261,Sdm–Sm,2.86,10.01,1.514e-11,0.656,1.2247,1.5000
UGC07261,Sdm–Sm,3.81,3.75,1.176e-11,0.692,1.1169,1.2474
UGC07261,Sdm–Sm,4.76,0.73,8.895e-12,0.733,1.1363,1.2913
UGC07261,Sdm–Sm,5.72,0.00,7.522e-12,0.759,1.0193,1.0389
UGC07261,Sdm–Sm,6.67,0.00,7.265e-12,0.768,0.8680,0.7534
UGC07399,Sdm–Sm,1.22,19.70,2.206e-11,0.629,2.9333,8.6043
UGC07399,Sdm–Sm,1.84,8.52,1.582e-11,0.684,3.1473,9.9055
UGC07399,Sdm–Sm,2.45,6.80,1.303e-11,0.706,2.9394,8.6400
UGC07399,Sdm–Sm,3.07,3.88,1.121e-11,0.722,2.6635,7.0940
UGC07399,Sdm–Sm,3.68,2.66,9.351e-12,0.741,2.6240,6.8854
UGC07399,Sdm–Sm,4.30,2.04,7.773e-12,0.757,2.5968,6.7436
UGC07399,Sdm–Sm,4.91,1.21,7.085e-12,0.767,2.5298,6.4000
UGC07399,Sdm–Sm,5.52,0.96,6.734e-12,0.773,2.4167,5.8402
UGC07399,Sdm–Sm,6.13,0.66,6.000e-12,0.783,2.4721,6.1112
UGC07524,Sdm–Sm,0.69,21.52,7.497e-12,0.779,0.7762,0.6025
UGC07524,Sdm–Sm,1.03,15.46,6.282e-12,0.809,0.7742,0.5994
UGC07524,Sdm–Sm,1.38,13.29,5.323e-12,0.826,0.7961,0.6337
UGC07524,Sdm–Sm,1.72,12.48,5.133e-12,0.828,0.8846,0.7825
UGC07524,Sdm–Sm,2.07,10.74,5.146e-12,0.821,0.9490,0.9007
UGC07524,Sdm–Sm,2.41,9.87,5.066e-12,0.819,0.9726,0.9459
UGC07524,Sdm–Sm,2.76,8.68,5.486e-12,0.806,0.9274,0.8601
UGC07524,Sdm–Sm,3.10,7.47,5.645e-12,0.801,1.0087,1.0174
UGC07524,Sdm–Sm,3.45,6.02,5.832e-12,0.797,1.0954,1.2000
UGC07524,Sdm–Sm,3.79,5.89,6.014e-12,0.794,1.1316,1.2805
UGC07524,Sdm–Sm,4.14,5.42,6.256e-12,0.788,1.1286,1.2736
UGC07524,Sdm–Sm,4.48,4.75,6.299e-12,0.786,1.1038,1.2183
UGC07524,Sdm–Sm,4.82,4.38,6.175e-12,0.788,1.0432,1.0882
UGC07524,Sdm–Sm,5.17,4.23,6.046e-12,0.788,1.0772,1.1604
UGC07524,Sdm–Sm,5.51,3.46,5.722e-12,0.791,1.0755,1.1568
UGC07524,Sdm–Sm,5.86,3.17,5.389e-12,0.796,1.0637,1.1315
UGC07524,Sdm–Sm,6.20,3.14,5.278e-12,0.798,1.0603,1.1242
UGC07524,Sdm–Sm,6.55,2.94,5.286e-12,0.797,1.0501,1.1027
UGC07524,Sdm–Sm,6.89,2.74,5.351e-12,0.795,1.0172,1.0346
UGC07524,Sdm–Sm,7.25,2.58,5.423e-12,0.793,0.9644,0.9301
UGC07524,Sdm–Sm,7.58,2.42,5.538e-12,0.791,0.9507,0.9038
UGC07524,Sdm–Sm,7.94,2.21,5.671e-12,0.788,0.8804,0.7751
UGC07524,Sdm–Sm,8.27,2.00,5.832e-12,0.785,0.8175,0.6683
UGC07524,Sdm–Sm,8.63,1.78,5.998e-12,0.782,0.7873,0.6199
UGC07524,Sdm–Sm,8.97,1.57,6.063e-12,0.781,0.7780,0.6054
UGC07524,Sdm–Sm,9.30,1.38,6.108e-12,0.780,0.7547,0.5696
UGC07524,Sdm–Sm,9.66,1.18,6.102e-12,0.780,0.7401,0.5478
UGC07524,Sdm–Sm,9.99,1.04,6.078e-12,0.780,0.7376,0.5441
UGC07524,Sdm–Sm,10.35,0.94,6.041e-12,0.779,0.7479,0.5593
UGC07524,Sdm–Sm,10.69,0.00,5.847e-12,0.783,0.6206,0.3852
UGC08490,Sdm–Sm,0.68,57.91,3.962e-11,0.573,1.5048,2.2645
UGC08490,Sdm–Sm,1.02,37.88,3.481e-11,0.588,1.6137,2.6040
UGC08490,Sdm–Sm,1.36,20.61,2.903e-11,0.608,1.8145,3.2924
UGC08490,Sdm–Sm,1.69,13.76,2.410e-11,0.631,1.8813,3.5393
UGC08490,Sdm–Sm,2.03,7.76,1.993e-11,0.652,1.8938,3.5865
UGC08490,Sdm–Sm,2.37,4.86,1.734e-11,0.671,1.7785,3.1630
UGC08490,Sdm–Sm,2.70,3.44,1.531e-11,0.688,1.6902,2.8569
UGC08490,Sdm–Sm,3.05,2.40,1.313e-11,0.705,1.6691,2.7859
UGC08490,Sdm–Sm,3.38,1.74,1.168e-11,0.718,1.5789,2.4930
UGC08490,Sdm–Sm,3.72,1.21,1.086e-11,0.726,1.4983,2.2448
UGC08490,Sdm–Sm,4.06,0.71,1.009e-11,0.735,1.4302,2.0455
UGC08490,Sdm–Sm,4.39,0.29,8.836e-12,0.749,1.4242,2.0284
UGC08490,Sdm–Sm,4.74,0.13,7.776e-12,0.762,1.4078,1.9818
UGC08490,Sdm–Sm,5.08,0.09,6.710e-12,0.776,1.4141,1.9998
UGC08490,Sdm–Sm,5.41,0.06,5.650e-12,0.791,1.4608,2.1339
UGC08490,Sdm–Sm,5.75,0.04,5.215e-12,0.798,1.4982,2.2445
UGC08490,Sdm–Sm,6.09,0.02,4.922e-12,0.804,1.4498,2.1019
UGC08490,Sdm–Sm,6.42,0.01,4.505e-12,0.811,1.4418,2.0788
UGC08490,Sdm–Sm,6.77,0.01,4.171e-12,0.817,1.4232,2.0255
UGC08490,Sdm–Sm,7.11,0.01,3.848e-12,0.823,1.4031,1.9687
UGC08490,Sdm–Sm,7.44,0.01,3.824e-12,0.824,1.3327,1.7760
UGC08490,Sdm–Sm,7.78,0.00,3.633e-12,0.828,1.2953,1.6778
UGC08490,Sdm–Sm,8.12,0.00,3.208e-12,0.837,1.3374,1.7885
UGC08490,Sdm–Sm,8.46,0.00,3.069e-12,0.840,1.2852,1.6518
UGC08490,Sdm–Sm,8.80,0.00,2.958e-12,0.843,1.2234,1.4968
UGC08490,Sdm–Sm,9.13,0.00,2.721e-12,0.848,1.2124,1.4700
UGC08490,Sdm–Sm,9.47,0.00,2.501e-12,0.854,1.2421,1.5429
UGC08490,Sdm–Sm,9.77,0.00,2.398e-12,0.856,1.1946,1.4271
UGC08490,Sdm–Sm,10.15,0.00,2.320e-12,0.858,1.2018,1.4444
UGC10310,Sdm–Sm,1.10,24.47,7.021e-12,0.442,4.5854,21.0262
UGC10310,Sdm–Sm,2.21,13.79,9.883e-12,0.714,1.3718,1.8817
UGC10310,Sdm–Sm,3.31,7.51,9.048e-12,0.729,1.3618,1.8546
UGC10310,Sdm–Sm,4.42,3.69,8.082e-12,0.750,1.1155,1.2444
UGC10310,Sdm–Sm,5.52,2.38,8.689e-12,0.745,0.8217,0.6752
UGC10310,Sdm–Sm,6.64,1.21,8.150e-12,0.753,0.7019,0.4927
UGC10310,Sdm–Sm,7.74,0.00,6.629e-12,0.773,0.6986,0.4880
UGC11557,Sdm–Sm,3.85,35.33,3.027e-11,0.626,0.0167,0.0003
UGC11557,Sdm–Sm,4.62,27.68,2.748e-11,0.630,0.1264,0.0160
UGC11557,Sdm–Sm,5.28,24.88,2.677e-11,0.625,0.2068,0.0428
UGC11557,Sdm–Sm,5.94,18.12,2.580e-11,0.621,0.3222,0.1038
UGC11557,Sdm–Sm,7.04,9.76,2.289e-11,0.633,0.1313,0.0173
UGC11557,Sdm–Sm,8.80,3.53,1.862e-11,0.663,0.1609,0.0259
UGC11557,Sdm–Sm,10.56,0.74,1.301e-11,0.706,0.2849,0.0812
UGC11820,Sdm–Sm,0.44,36.80,7.177e-12,0.811,0.6200,0.3844
UGC11820,Sdm–Sm,0.61,28.86,9.005e-12,0.788,0.7897,0.6237
UGC11820,Sdm–Sm,0.79,23.34,9.616e-12,0.774,1.3058,1.7052
UGC11820,Sdm–Sm,1.01,17.50,9.924e-12,0.759,1.6747,2.8046
UGC11820,Sdm–Sm,5.26,0.95,3.997e-12,0.853,0.7747,0.6001
UGC11820,Sdm–Sm,7.91,0.49,4.540e-12,0.828,0.6910,0.4775
UGC11820,Sdm–Sm,10.52,0.09,4.632e-12,0.821,0.6396,0.4090
UGC11820,Sdm–Sm,13.14,0.03,3.541e-12,0.839,0.6887,0.4743
UGC11820,Sdm–Sm,15.82,0.00,2.860e-12,0.853,0.7104,0.5047
UGC12632,Sdm–Sm,1.42,10.86,4.699e-12,0.812,1.0398,1.0812
UGC12632,Sdm–Sm,2.14,7.63,5.178e-12,0.803,1.1931,1.4234
UGC12632,Sdm–Sm,2.85,5.25,5.301e-12,0.797,1.3619,1.8549
UGC12632,Sdm–Sm,3.55,4.01,4.714e-12,0.807,1.2853,1.6520
UGC12632,Sdm–Sm,4.26,3.38,4.178e-12,0.812,1.3556,1.8377
UGC12632,Sdm–Sm,4.97,2.31,4.095e-12,0.812,1.2689,1.6102
UGC12632,Sdm–Sm,5.69,2.10,3.894e-12,0.816,1.1890,1.4137
UGC12632,Sdm–Sm,6.40,1.25,4.140e-12,0.808,1.0932,1.1951
UGC12632,Sdm–Sm,7.11,0.99,4.303e-12,0.809,0.9596,0.9209
UGC12632,Sdm–Sm,7.82,0.57,4.585e-12,0.806,0.8337,0.6951
UGC12632,Sdm–Sm,8.52,0.55,4.524e-12,0.809,0.7752,0.6010
UGC12632,Sdm–Sm,9.25,0.41,4.308e-12,0.813,0.7741,0.5992
UGC12632,Sdm–Sm,9.95,0.30,4.246e-12,0.814,0.7055,0.4977
UGC12632,Sdm–Sm,10.66,0.00,4.085e-12,0.816,0.6691,0.4477
UGC12732,Sdm–Sm,1.92,12.32,6.874e-12,0.765,1.5429,2.3804
UGC12732,Sdm–Sm,2.88,7.82,6.120e-12,0.774,1.6381,2.6834
UGC12732,Sdm–Sm,3.84,4.50,5.797e-12,0.775,1.5124,2.2874
UGC12732,Sdm–Sm,4.80,2.90,4.932e-12,0.792,1.4931,2.2295
UGC12732,Sdm–Sm,5.76,2.19,4.713e-12,0.798,1.3911,1.9352
UGC12732,Sdm–Sm,6.72,1.32,4.531e-12,0.798,1.3109,1.7185
UGC12732,Sdm–Sm,7.68,0.62,3.864e-12,0.813,1.3467,1.8137
UGC12732,Sdm–Sm,8.64,0.43,3.851e-12,0.818,1.1758,1.3826
UGC12732,Sdm–Sm,9.60,0.26,3.682e-12,0.823,1.1083,1.2283
UGC12732,Sdm–Sm,10.60,0.16,3.578e-12,0.827,1.0550,1.1129
UGC12732,Sdm–Sm,11.50,0.10,3.749e-12,0.825,0.9582,0.9182
UGC12732,Sdm–Sm,12.50,0.06,4.050e-12,0.820,0.8646,0.7475
UGC12732,Sdm–Sm,13.40,0.04,4.285e-12,0.817,0.8193,0.6713
UGC12732,Sdm–Sm,14.40,0.03,4.489e-12,0.814,0.8170,0.6675
UGC12732,Sdm–Sm,15.40,0.00,4.509e-12,0.814,0.7962,0.6340
UGCA442,Sdm–Sm,0.42,5.53,2.712e-12,0.824,1.0132,1.0265
UGCA442,Sdm–Sm,1.26,2.90,5.930e-12,0.796,0.6536,0.4272
UGCA442,Sdm–Sm,2.11,1.38,7.351e-12,0.773,0.7384,0.5453
UGCA442,Sdm–Sm,2.96,0.50,6.470e-12,0.784,0.8417,0.7085
UGCA442,Sdm–Sm,3.79,0.36,5.127e-12,0.804,0.9788,0.9580
UGCA442,Sdm–Sm,4.65,0.21,3.713e-12,0.827,1.0377,1.0769
UGCA442,Sdm–Sm,5.48,0.09,2.503e-12,0.853,1.1897,1.4153
UGCA442,Sdm–Sm,6.33,0.00,1.725e-12,0.876,1.2030,1.4472
CamB,Im,1.22,2.60,5.015e-12,0.799,0.0363,0.0013
CamB,Im,1.47,1.51,4.226e-12,0.805,0.1141,0.0130
CamB,Im,1.79,0.44,2.877e-12,0.834,0.3068,0.0941
D564-8,Im,0.51,3.19,2.050e-12,0.800,0.3152,0.0993
D564-8,Im,1.02,1.41,2.094e-12,0.852,0.4268,0.1822
D564-8,Im,1.53,0.59,1.727e-12,0.867,0.5867,0.3442
D564-8,Im,2.04,0.26,1.356e-12,0.881,0.6217,0.3865
D564-8,Im,2.56,0.11,1.052e-12,0.895,0.6949,0.4829
D564-8,Im,3.07,0.00,8.321e-13,0.906,0.7194,0.5175
D631-7,Im,0.90,9.82,1.091e-11,0.734,0.0166,0.0003
D631-7,Im,1.35,6.08,1.187e-11,0.717,0.1450,0.0210
D631-7,Im,1.80,2.25,1.042e-11,0.731,0.2390,0.0571
D631-7,Im,2.25,1.05,8.562e-12,0.753,0.3361,0.1129
D631-7,Im,2.69,0.56,7.237e-12,0.770,0.4502,0.2027
D631-7,Im,3.14,0.27,5.990e-12,0.788,0.5692,0.3240
D631-7,Im,3.59,0.18,5.037e-12,0.803,0.6711,0.4504
D631-7,Im,4.04,0.09,4.279e-12,0.816,0.7829,0.6129
D631-7,Im,4.49,0.05,3.616e-12,0.828,0.9020,0.8136
D631-7,Im,4.94,0.03,3.094e-12,0.840,1.0254,1.0514
D631-7,Im,5.39,0.01,2.645e-12,0.850,1.1073,1.2262
D631-7,Im,5.84,0.01,2.278e-12,0.860,1.1936,1.4247
D631-7,Im,6.29,0.01,1.972e-12,0.868,1.2055,1.4533
D631-7,Im,6.74,0.00,1.716e-12,0.876,1.1783,1.3884
D631-7,Im,7.19,0.00,1.499e-12,0.883,1.1725,1.3748
DDO064,Im,0.30,13.63,1.502e-12,0.936,0.8871,0.7870
DDO064,Im,0.49,12.49,3.065e-12,0.879,0.5869,0.3445
DDO064,Im,0.69,10.43,4.842e-12,0.821,0.4982,0.2482
DDO064,Im,0.89,6.96,4.312e-12,0.827,0.6847,0.4688
DDO064,Im,1.09,5.87,4.738e-12,0.813,0.7849,0.6161
DDO064,Im,1.29,5.15,5.945e-12,0.791,1.1263,1.2686
DDO064,Im,1.48,3.98,7.745e-12,0.766,1.1140,1.2410
DDO064,Im,1.68,3.36,8.626e-12,0.754,1.0991,1.2080
DDO064,Im,1.88,1.99,8.976e-12,0.749,1.0422,1.0862
DDO064,Im,2.08,1.42,8.852e-12,0.752,0.9198,0.8461
DDO064,Im,2.27,1.08,8.323e-12,0.758,0.8546,0.7304
DDO064,Im,2.37,0.93,8.165e-12,0.760,0.8232,0.6776
DDO064,Im,2.98,0.00,6.956e-12,0.775,0.7065,0.4992
DDO154,Im,0.49,7.96,5.936e-12,0.603,0.7386,0.5455
DDO154,Im,0.99,2.76,5.287e-12,0.771,0.5619,0.3157
DDO154,Im,1.48,0.63,4.423e-12,0.805,0.7597,0.5772
DDO154,Im,1.97,0.14,4.014e-12,0.817,0.8540,0.7294
DDO154,Im,2.47,0.04,3.542e-12,0.829,0.9087,0.8257
DDO154,Im,2.96,0.01,3.333e-12,0.835,0.9500,0.9025
DDO154,Im,3.46,0.01,3.229e-12,0.838,0.9249,0.8554
DDO154,Im,3.95,0.00,2.879e-12,0.846,0.9332,0.8708
DDO154,Im,4.44,0.00,2.424e-12,0.857,0.9653,0.9319
DDO154,Im,4.94,0.00,2.036e-12,0.867,0.9948,0.9895
DDO154,Im,5.43,0.00,1.710e-12,0.877,0.9614,0.9243
DDO154,Im,5.92,0.00,1.446e-12,0.886,0.8832,0.7800
DDO161,Im,0.60,15.16,6.793e-12,0.686,0.4735,0.2242
DDO161,Im,0.73,13.85,7.416e-12,0.738,0.2301,0.0530
DDO161,Im,0.85,13.57,7.743e-12,0.754,0.2299,0.0528
DDO161,Im,0.98,12.86,8.385e-12,0.752,0.1906,0.0363
DDO161,Im,1.07,12.12,8.770e-12,0.750,0.1938,0.0376
DDO161,Im,1.54,8.61,1.017e-11,0.736,0.2608,0.0680
DDO161,Im,2.02,5.88,1.062e-11,0.731,0.2341,0.0548
DDO161,Im,2.49,3.77,1.038e-11,0.733,0.2015,0.0406
DDO161,Im,2.96,2.56,9.637e-12,0.741,0.2121,0.0450
DDO161,Im,3.43,1.82,8.751e-12,0.751,0.2579,0.0665
DDO161,Im,3.90,1.27,8.053e-12,0.759,0.2793,0.0780
DDO161,Im,4.37,0.87,7.371e-12,0.768,0.3276,0.1073
DDO161,Im,4.86,0.55,6.763e-12,0.776,0.3919,0.1536
DDO161,Im,5.34,0.32,6.256e-12,0.784,0.4340,0.1884
DDO161,Im,5.81,0.23,5.799e-12,0.791,0.4491,0.2017
DDO161,Im,6.28,0.18,5.457e-12,0.797,0.4750,0.2257
DDO161,Im,6.75,0.12,5.169e-12,0.801,0.5156,0.2659
DDO161,Im,7.22,0.08,4.964e-12,0.805,0.5379,0.2893
DDO161,Im,7.69,0.06,4.834e-12,0.808,0.5218,0.2722
DDO161,Im,8.16,0.04,4.730e-12,0.810,0.5186,0.2690
DDO161,Im,8.64,0.03,4.568e-12,0.813,0.5184,0.2687
DDO161,Im,9.11,0.01,4.439e-12,0.815,0.4949,0.2450
DDO161,Im,9.58,0.01,4.226e-12,0.819,0.5154,0.2656
DDO161,Im,10.05,0.01,4.005e-12,0.823,0.5303,0.2812
DDO161,Im,10.52,0.01,3.686e-12,0.829,0.5793,0.3356
DDO161,Im,10.99,0.01,3.371e-12,0.835,0.5726,0.3279
DDO161,Im,11.46,0.00,3.059e-12,0.842,0.5869,0.3444
DDO161,Im,11.94,0.00,2.776e-12,0.848,0.5969,0.3563
DDO161,Im,12.41,0.00,2.522e-12,0.854,0.6172,0.3809
DDO161,Im,12.90,0.00,2.309e-12,0.860,0.6169,0.3806
DDO161,Im,13.37,0.00,2.098e-12,0.865,0.6292,0.3959
DDO168,Im,0.41,10.21,1.128e-11,0.709,0.2373,0.0563
DDO168,Im,0.82,7.29,1.609e-11,0.698,0.1491,0.0222
DDO168,Im,1.24,4.39,1.353e-11,0.716,0.2565,0.0658
DDO168,Im,1.64,2.95,1.059e-11,0.740,0.5089,0.2590
DDO168,Im,2.06,2.04,9.858e-12,0.745,0.7157,0.5122
DDO168,Im,2.47,1.44,8.622e-12,0.757,1.0048,1.0097
DDO168,Im,2.89,1.04,7.525e-12,0.769,0.9522,0.9067
DDO168,Im,3.30,0.78,6.529e-12,0.780,0.9902,0.9805
DDO168,Im,3.71,0.41,5.803e-12,0.790,0.9470,0.8969
DDO168,Im,4.12,0.00,5.122e-12,0.800,0.7865,0.6186
DDO170,Im,1.87,4.69,4.173e-12,0.720,0.8519,0.7257
DDO170,Im,3.36,1.79,4.072e-12,0.804,0.7951,0.6321
DDO170,Im,4.86,1.01,4.153e-12,0.811,0.7983,0.6372
DDO170,Im,6.35,0.46,4.029e-12,0.817,0.6529,0.4262
DDO170,Im,7.85,0.23,3.719e-12,0.824,0.6018,0.3621
DDO170,Im,9.34,0.09,3.169e-12,0.836,0.5510,0.3036
DDO170,Im,10.83,0.04,2.530e-12,0.852,0.5677,0.3223
DDO170,Im,12.33,0.00,1.926e-12,0.868,0.6503,0.4229
ESO444-G084,Im,0.26,15.64,6.930e-12,0.687,2.2918,5.2526
ESO444-G084,Im,0.77,5.22,1.022e-11,0.740,1.4493,2.1005
ESO444-G084,Im,1.29,1.65,9.454e-12,0.751,1.6857,2.8416
ESO444-G084,Im,1.81,0.52,8.155e-12,0.764,1.5810,2.4997
ESO444-G084,Im,2.32,0.17,6.691e-12,0.782,1.6757,2.8078
ESO444-G084,Im,3.39,0.01,3.366e-12,0.836,2.0208,4.0838
ESO444-G084,Im,4.44,0.00,1.790e-12,0.875,2.1418,4.5871
F565-V2,Im,1.26,6.29,2.507e-12,0.774,1.1209,1.2564
F565-V2,Im,2.51,2.85,3.395e-12,0.826,1.0872,1.1819
F565-V2,Im,3.78,2.00,3.437e-12,0.828,1.5167,2.3004
F565-V2,Im,5.03,0.80,3.233e-12,0.836,1.6347,2.6723
F565-V2,Im,6.29,0.79,3.455e-12,0.828,1.4699,2.1607
F565-V2,Im,7.54,0.30,3.531e-12,0.826,1.3646,1.8622
F565-V2,Im,8.80,0.10,3.349e-12,0.833,1.3240,1.7529
KK98-251,Im,0.41,3.31,1.482e-12,0.898,0.1705,0.0291
KK98-251,Im,0.57,3.48,1.965e-12,0.884,0.2150,0.0462
KK98-251,Im,0.74,3.39,2.702e-12,0.861,0.2349,0.0552
KK98-251,Im,0.90,2.85,3.316e-12,0.844,0.2721,0.0740
KK98-251,Im,1.07,2.81,4.013e-12,0.828,0.2730,0.0745
KK98-251,Im,1.24,2.23,4.683e-12,0.814,0.2667,0.0712
KK98-251,Im,1.40,1.94,5.155e-12,0.805,0.2743,0.0752
KK98-251,Im,1.57,1.71,5.453e-12,0.800,0.3134,0.0982
KK98-251,Im,1.72,1.51,5.680e-12,0.796,0.3772,0.1423
KK98-251,Im,1.89,1.31,5.792e-12,0.794,0.4464,0.1993
KK98-251,Im,2.06,1.14,5.761e-12,0.794,0.4935,0.2436
KK98-251,Im,2.46,0.84,5.287e-12,0.800,0.4419,0.1953
KK98-251,Im,2.79,0.67,4.765e-12,0.806,0.4618,0.2132
KK98-251,Im,3.13,0.00,3.941e-12,0.821,0.4532,0.2054
NGC3741,Im,0.23,17.96,1.033e-11,0.455,1.6072,2.5831
NGC3741,Im,0.47,4.98,8.198e-12,0.726,0.5723,0.3276
NGC3741,Im,0.70,1.38,6.009e-12,0.769,0.9868,0.9737
NGC3741,Im,0.93,0.60,4.600e-12,0.797,1.0690,1.1428
NGC3741,Im,1.17,0.16,3.559e-12,0.821,1.0580,1.1193
NGC3741,Im,1.40,0.05,2.902e-12,0.838,0.9214,0.8490
NGC3741,Im,1.64,0.01,2.464e-12,0.851,0.8813,0.7768
NGC3741,Im,1.87,0.01,2.124e-12,0.861,1.1057,1.2225
NGC3741,Im,2.10,0.00,1.869e-12,0.869,1.1640,1.3550
NGC3741,Im,2.33,0.00,1.775e-12,0.873,1.0997,1.2094
NGC3741,Im,2.57,0.00,1.732e-12,0.875,1.2482,1.5579
NGC3741,Im,2.80,0.00,1.726e-12,0.875,1.3053,1.7038
NGC3741,Im,3.26,0.00,1.617e-12,0.879,1.3186,1.7387
NGC3741,Im,3.73,0.00,1.479e-12,0.884,1.2740,1.6230
NGC3741,Im,4.21,0.00,1.440e-12,0.886,1.2507,1.5642
NGC3741,Im,4.67,0.00,1.364e-12,0.888,1.2675,1.6067
NGC3741,Im,5.14,0.00,1.285e-12,0.891,1.2832,1.6467
NGC3741,Im,5.61,0.00,1.172e-12,0.896,1.3158,1.7314
NGC3741,Im,6.07,0.00,1.064e-12,0.900,1.2889,1.6613
NGC3741,Im,6.54,0.00,9.554e-13,0.905,1.2601,1.5878
NGC3741,Im,7.00,0.00,8.636e-13,0.909,1.3229,1.7499
NGC4068,Im,0.64,17.70,7.875e-12,0.776,0.0298,0.0009
NGC4068,Im,1.06,9.88,8.859e-12,0.755,0.2428,0.0590
NGC4068,Im,1.48,5.87,9.396e-12,0.744,0.3965,0.1572
NGC4068,Im,1.91,2.58,9.909e-12,0.738,0.4336,0.1880
NGC4068,Im,2.33,1.11,9.041e-12,0.749,0.5694,0.3243
UGC00731,Im,1.81,1.97,1.725e-12,0.873,2.8697,8.2353
UGC00731,Im,2.73,1.37,1.618e-12,0.879,2.4197,5.8550
UGC00731,Im,3.64,1.08,2.576e-12,0.851,1.7768,3.1571
UGC00731,Im,4.55,0.72,2.595e-12,0.850,1.6106,2.5942
UGC00731,Im,5.45,0.48,2.641e-12,0.848,1.5072,2.2717
UGC00731,Im,6.36,0.34,3.319e-12,0.835,1.2072,1.4573
UGC00731,Im,7.28,0.29,4.492e-12,0.813,0.9337,0.8718
UGC00731,Im,8.19,0.12,4.903e-12,0.807,0.8021,0.6433
UGC00731,Im,9.09,0.07,4.670e-12,0.811,0.7400,0.5476
UGC00731,Im,10.00,0.07,4.481e-12,0.815,0.6691,0.4476
UGC00731,Im,10.91,0.00,4.041e-12,0.822,0.6518,0.4249
UGC04483,Im,0.24,9.76,8.058e-12,0.774,0.2791,0.0779
UGC04483,Im,0.40,3.10,8.304e-12,0.764,0.5926,0.3512
UGC04483,Im,0.57,1.36,7.677e-12,0.769,0.6618,0.4380
UGC04483,Im,0.73,0.56,6.867e-12,0.779,0.5098,0.2599
UGC04483,Im,0.89,0.23,5.980e-12,0.791,0.5785,0.3347
UGC04483,Im,1.05,0.10,5.344e-12,0.801,0.5988,0.3586
UGC04483,Im,1.21,0.00,4.790e-12,0.810,0.5337,0.2848
UGC05005,Im,2.34,13.67,6.943e-12,0.800,0.2804,0.0786
UGC05005,Im,3.91,10.68,7.737e-12,0.767,0.4652,0.2164
UGC05005,Im,5.47,5.88,7.152e-12,0.766,0.5475,0.2998
UGC05005,Im,7.04,3.73,5.885e-12,0.784,0.6597,0.4352
UGC05005,Im,8.60,2.13,5.259e-12,0.792,0.7267,0.5280
UGC05005,Im,10.17,1.44,4.755e-12,0.801,0.7794,0.6074
UGC05005,Im,17.97,0.12,3.278e-12,0.837,0.8148,0.6639
UGC05005,Im,21.07,0.04,2.794e-12,0.848,0.7928,0.6285
UGC05005,Im,22.72,0.03,2.587e-12,0.854,0.7740,0.5991
UGC05005,Im,28.61,0.00,2.102e-12,0.867,0.6606,0.4364
UGC05414,Im,1.37,16.71,1.298e-11,0.705,0.4953,0.2453
UGC05414,Im,2.05,9.98,1.269e-11,0.713,0.6591,0.4344
UGC05414,Im,2.74,6.05,1.144e-11,0.724,0.6780,0.4597
UGC05414,Im,3.42,4.50,9.965e-12,0.736,0.7425,0.5513
UGC05414,Im,4.11,2.96,8.945e-12,0.745,0.7960,0.6336
UGC05764,Im,0.36,7.40,1.979e-12,0.796,5.0996,26.0057
UGC05764,Im,0.73,5.71,3.943e-12,0.822,2.1650,4.6872
UGC05764,Im,1.09,1.83,4.573e-12,0.813,2.3668,5.6015
UGC05764,Im,1.45,1.32,5.079e-12,0.805,2.2429,5.0308
UGC05764,Im,1.81,1.01,5.782e-12,0.794,1.7945,3.2201
UGC05764,Im,2.17,0.80,6.065e-12,0.790,1.6433,2.7004
UGC05764,Im,2.54,0.53,5.952e-12,0.792,1.4925,2.2275
UGC05764,Im,2.90,0.41,5.517e-12,0.798,1.2756,1.6272
UGC05764,Im,3.26,0.28,4.707e-12,0.810,1.0032,1.0065
UGC05764,Im,3.62,0.22,4.008e-12,0.822,0.9911,0.9823
UGC05829,Im,1.26,6.75,1.845e-12,0.889,1.1673,1.3627
UGC05829,Im,1.88,4.92,2.672e-12,0.854,1.1129,1.2385
UGC05829,Im,2.52,3.39,2.235e-12,0.862,1.2302,1.5135
UGC05829,Im,3.14,2.50,3.427e-12,0.830,0.9280,0.8611
UGC05829,Im,3.77,1.81,4.496e-12,0.809,0.7977,0.6363
UGC05829,Im,4.40,1.30,4.862e-12,0.804,0.7509,0.5639
UGC05829,Im,5.03,0.92,5.873e-12,0.790,0.7016,0.4923
UGC05829,Im,5.65,0.67,6.822e-12,0.779,0.5966,0.3559
UGC05829,Im,6.29,0.52,6.925e-12,0.778,0.6287,0.3953
UGC05829,Im,6.91,0.46,6.572e-12,0.782,0.6564,0.4308
UGC05918,Im,0.56,6.69,2.119e-12,0.791,1.7950,3.2221
UGC05918,Im,1.11,4.64,2.230e-12,0.864,1.3850,1.9182
UGC05918,Im,1.67,3.21,2.083e-12,0.865,1.4775,2.1831
UGC05918,Im,2.23,2.33,3.007e-12,0.834,1.0767,1.1593
UGC05918,Im,2.79,1.30,3.260e-12,0.833,0.9304,0.8657
UGC05918,Im,3.34,1.11,2.814e-12,0.842,0.9121,0.8320
UGC05918,Im,3.90,1.03,2.789e-12,0.838,0.8549,0.7308
UGC05918,Im,4.46,0.00,2.825e-12,0.840,0.7779,0.6051
UGC06923,Im,0.93,69.69,4.767e-11,0.254,0.5856,0.3429
UGC06923,Im,1.94,25.75,2.996e-11,0.587,0.4362,0.1903
UGC06923,Im,2.87,13.88,2.321e-11,0.628,0.9422,0.8878
UGC06923,Im,3.72,7.93,1.902e-11,0.653,0.9654,0.9320
UGC06923,Im,4.47,4.34,1.627e-11,0.674,0.8704,0.7575
UGC06923,Im,5.16,2.75,1.442e-11,0.690,0.8383,0.7028
UGC07559,Im,0.36,15.45,4.804e-12,0.623,0.3781,0.1430
UGC07559,Im,0.72,8.48,6.569e-12,0.770,0.2188,0.0479
UGC07559,Im,1.08,4.50,5.959e-12,0.782,0.3651,0.1333
UGC07559,Im,1.45,2.46,5.395e-12,0.788,0.4906,0.2407
UGC07559,Im,1.80,1.01,4.993e-12,0.796,0.5588,0.3122
UGC07559,Im,2.17,0.69,4.900e-12,0.802,0.4804,0.2307
UGC07559,Im,2.53,0.00,4.999e-12,0.800,0.4098,0.1680
UGC07577,Im,0.38,6.74,1.317e-12,0.915,0.0826,0.0068
UGC07577,Im,0.57,5.87,2.247e-12,0.872,0.0517,0.0027
UGC07577,Im,0.75,4.40,3.318e-12,0.839,0.0039,0.0000
UGC07577,Im,0.94,3.08,3.519e-12,0.829,0.0251,0.0006
UGC07577,Im,1.13,2.25,3.456e-12,0.826,0.0582,0.0034
UGC07577,Im,1.32,1.40,3.661e-12,0.819,0.0736,0.0054
UGC07577,Im,1.51,0.51,3.409e-12,0.824,0.1261,0.0159
UGC07577,Im,1.69,0.00,2.946e-12,0.838,0.2052,0.0421
UGC07690,Im,0.59,90.30,5.850e-11,0.137,5.8211,33.8849
UGC07690,Im,1.18,21.00,3.656e-11,0.546,1.4001,1.9604
UGC07690,Im,1.77,8.12,2.328e-11,0.619,1.1696,1.3680
UGC07690,Im,2.36,3.29,1.718e-11,0.660,0.9075,0.8236
UGC07690,Im,2.95,1.03,1.282e-11,0.699,0.8071,0.6515
UGC07690,Im,3.54,0.21,9.875e-12,0.730,0.7387,0.5457
UGC07690,Im,4.13,0.00,7.743e-12,0.758,0.6925,0.4796
UGC07866,Im,0.33,17.02,5.168e-12,0.661,0.9378,0.8795
UGC07866,Im,0.66,8.76,4.872e-12,0.808,0.6617,0.4379
UGC07866,Im,1.00,5.72,5.712e-12,0.778,0.6409,0.4108
UGC07866,Im,1.33,2.92,5.640e-12,0.784,0.5284,0.2792
UGC07866,Im,1.67,1.65,5.240e-12,0.793,0.5076,0.2576
UGC07866,Im,2.00,1.09,5.174e-12,0.798,0.4904,0.2405
UGC07866,Im,2.32,0.81,4.740e-12,0.803,0.5468,0.2990
UGC08837,Im,1.05,10.98,3.578e-12,0.847,0.1513,0.0229
UGC08837,Im,1.57,8.23,4.511e-12,0.814,0.2323,0.0540
UGC08837,Im,2.09,5.85,6.861e-12,0.773,0.2298,0.0528
UGC08837,Im,2.63,4.37,7.559e-12,0.762,0.3219,0.1036
UGC08837,Im,3.15,2.85,7.000e-12,0.762,0.5356,0.2869
UGC08837,Im,3.68,1.29,6.745e-12,0.770,0.5489,0.3012
UGC08837,Im,4.20,0.62,6.634e-12,0.774,0.4904,0.2405
