Name,PSRJ,P0,P1,F0,Binary,Type,Age,Bsurf,Edot,Dist
"J0244+14","J0244+14",2.1281,,0.469903," "," ",,,,2.73
"J0337+1715","J0337+1715",0.00273258863244,1.7666E-20,365.953363096,"ELL1"," ",2.45E9,2.22E8,3.400000045076012E34,1.3
"J0407+1607","J0407+1607",0.02570173919463,7.9E-20,38.90787282632,"BT"," ",5.15E9,1.44E9,1.800000063667539E32,4.07
"J0329+1654","J0329+1654",0.893319660649,2.1525E-16,1.119420118072," "," ",6.58E7,4.4400001E11,1.200000042445026E31,3.35
"B0301+19","J0304+1932",1.387584446262,1.295235E-15,0.720676858762," "," ",1.7E7,1.36000006E12,1.9000000293090119E31,0.95
"J0241+16","J0241+16",1.5454,,0.647082," "," ",,,,1.01
"J0229+20","J0229+20",0.8069,,1.239311," "," ",,,,2.97
"J0158+21","J0158+21",0.5053,,1.979022," "," ",,,,1.45
"J0435+27","J0435+27",0.3262793,,3.064859," "," ",,,,3.43
"J0357+3205","J0357+3205",0.4441044988,1.3037E-14,2.251722292," ","NRAD",540000.0,2.42999991E12,5.900000105611978E33,
"J0417+35","J0417+35",0.6544,,1.52812," "," ",,,,2.68
"J0510+38","J0510+38",0.0765644,,13.0609," "," ",,,,2.74
"J0501+4516","J0501+4516",5.76209653,5.82E-12,0.173547943," ","AXP,NRAD",15700.0,1.84999995E14,1.1999999696854499E33,2.2
"B0458+46","J0502+4654",0.638565481517,5.582339E-15,1.566010110074," "," ",1810000.0,1.91000006E12,8.499999967170877E32,1.78
"J0519+44","J0519+44",0.515,,1.941748," "," ",,,,2.03
"J0419+44","J0419+44",1.241,,0.805802," "," ",,,,3.12
"J0358+42","J0358+42",0.2264777,,4.41545," "," ",,,,2.07
"B0320+39","J0323+3944",3.032071956385,6.3562E-16,0.329807476335," "," ",7.56E7,1.39999995E12,9.000000034120601E29,2.61
"J0340+4130","J0340+4130",0.00329,,303.951368," ","HE",,,,2.67
"B0331+45","J0335+4555",0.26920054092953,7.3505E-18,3.71470278829," "," ",5.8E8,4.4999999E10,1.5000000530562825E31,2.08
"B0353+52","J0357+5236",0.1970300980314,4.76594E-16,5.075366707885," "," ",6550000.0,3.09999993E11,2.5000001187436275E33,4.73
"J0426+4933","J0426+4933",0.922474730055,3.93444E-14,1.084040535116," "," ",371000.0,6.1000002E12,1.9999999494757496E33,3.6
"J0519+54","J0519+54",0.340194,,2.9395," "," ",,,,2.03
"B0450+55","J0454+5543",0.340729436235,2.37227E-15,2.93487997706," "," ",2280000.0,9.1E11,2.3999999393708998E33,1.18
"J0408+551","J0408+551",1.837,,0.544366," "," ",,,,2.04
"J0408+552","J0408+552",0.754,,1.32626," "," ",,,,2.36
"J0218+4232","J0218+4232",0.00232309046783,7.7389E-20,430.4610663457,"ELL1","HE[khvb98,aaa+09f]",4.76E8,4.29E8,2.4000000208616252E35,3.15
"B0153+39","J0156+3949",1.81156061131,1.516E-16,0.55201023568," "," ",1.89E8,5.29999987E11,1.0000000116860971E30,4.85
"B0045+33","J0048+3412",1.217094296058,2.35454E-15,0.821629025162," "," ",8190000.0,1.71000005E12,5.2000000323459955E31,3.68
"B0011+47","J0014+4746",1.240699038946,5.6446E-16,0.805997239145," "," ",3.48E7,8.4699998E11,1.200000042445026E31,1.82
"J0106+4855","J0106+4855",0.083157305005,4.2792E-16,12.02540173638," ","HE",3080000.0,1.91000003E11,2.8999999631196253E34,7.33
"J0102+4839","J0102+4839",0.00296,,337.837838,"BT","HE",,,,4.03
"B0053+47","J0056+4756",0.472036662076,3.32849E-15,2.11847951725," "," ",2250000.0,1.26999999E12,1.1999999696854499E33,1.0
"J0059+50","J0059+50",0.996009,,1.00401," "," ",,,,5.79
"B0052+51","J0055+5117",2.115171148865,9.53764E-15,0.472774981134," "," ",3510000.0,4.5499999E12,3.9999999899009695E31,2.4
"J0139+5621","J0139+5621",1.77534382596,7.9096E-14,0.56327117338," "," ",356000.0,1.20000002E13,5.600000076810828E32,5.54
"J0103+54","J0103+54",0.354304,,2.82243," ","RRAT",,,,2.69
"B0114+58","J0117+5914",0.1014390664824,5.849955E-15,9.85813488508," "," ",275000.0,7.7999997E11,2.1999999880790704E35,2.14
"J0033+57","J0033+57",0.315,,3.174603," "," ",,,,3.34
"B0037+56","J0040+5716",1.1182253452412,2.878973E-15,0.894274132004," "," ",6150000.0,1.81999999E12,8.099999831756574E31,4.48
"J0058+6125","J0058+6125",0.637,,1.569859," "," ",,,,5.81
"J0033+61","J0033+61",0.912,,1.096491," "," ",,,,1.92
"J0026+6320","J0026+6320",0.318357731235,1.5006E-16,3.141120512829," "," ",3.36E7,2.21000008E11,1.800000063667539E32,13.6
"J0324+5239","J0324+5239",0.336620230291,3.81E-16,2.97070677878," "," ",1.4E7,3.61999991E11,3.899999865097924E32,6.28
"B0339+53","J0343+5312",1.934478067294,1.342243E-14,0.516935299969," "," ",2280000.0,5.16E12,7.300000106624791E31,2.48
"B0355+54","J0358+5413",0.1563824177774,4.396862E-15,6.3945807605," ","HE[to07]",564000.0,8.39E11,4.499999806284903E34,1.0
"B0329+54","J0332+5434",0.714519699726,2.048265E-15,1.39954153872," "," ",5530000.0,1.21999996E12,2.2000000171829007E32,1.0
"J0341+5711","J0341+5711",1.888,,0.529661," "," ",,,,4.47
"J0214+5222","J0214+5222",0.02457529479071,2.99E-19,40.6912718043,"BT"," ",1.3E9,2.74E9,7.999999797902999E32,1.21
"J0212+5222","J0212+5222",0.376386292,6.6E-15,2.656844899," "," ",904000.0,1.58999996E12,4.9000000581145276E33,1.91
"J0248+6021","J0248+6021",0.217094,5.509E-14,4.6063," ","HE[tpc+11]",62400.0,3.49999989E12,2.0999999716877932E35,2.0
"J0243+6027","J0243+6027",1.473,,0.678887," "," ",,,,6.99
"J0242+62","J0242+62",0.592,,1.689189," "," ",,,,0.21
"J0418+5732","J0418+5732",9.07838822,4.1E-15,0.1101517115," ","AXP,NRAD",3.51E7,6.17E12,2.2000000043931317E29,
"J0413+58","J0413+58",0.687,,1.455604," "," ",,,,2.24
"B0402+61","J0406+6138",0.5945761650437,5.57316E-15,1.681870311647," "," ",1690000.0,1.84000001E12,9.999999747378748E32,3.05
"J0417+61","J0417+61",0.440283,,2.27127," "," ",,,,3.6
"J0533+67","J0533+67",0.00439,,227.790433," "," ",,,,5.8
"J0358+66","J0358+66",0.09150682,,10.92815," "," ",,,,3.52
"J0338+66","J0338+66",1.762,,0.56754," "," ",,,,3.63
"J0325+67","J0325+67",1.364741,,0.73274," "," ",,,,3.49
"B0410+69","J0415+6954",0.3907150899386,7.6601E-17,2.559409722714," "," ",8.08E7,1.74999994E11,5.10000018039136E31,1.57
"B0144+59","J0147+5922",0.19632137543003,2.56763E-16,5.093688844679," "," ",1.21E7,2.26999992E11,1.3000000035390253E33,1.91
"B0154+61","J0157+6212",2.35174493646,1.889254E-13,0.425216180759," "," ",197000.0,2.1299999E13,5.700000110664403E32,1.61
"B0136+57","J0139+5814",0.27245063095,1.071167E-14,3.67038973818," "," ",403000.0,1.73000006E12,2.0999999251216642E34,2.6
"B0138+59","J0141+6009",1.2229485205457,3.9107E-16,0.817695907227," "," ",4.95E7,6.9999998E11,8.399999842367831E30,2.3
"J0125+62","J0125+62",1.708233,,0.5854," "," ",,,,5.1
"J0146+6145","J0146+6145",8.6889941,1.99E-12,0.115088121," ","AXP,NRAD",69100.0,1.33000004E14,1.200000042445026E32,3.6
"J0141+63","J0141+63",0.04668588,,21.4198," "," ",,,,21.68
"J0136+63","J0136+63",0.717895,,1.39296," "," ",,,,24.03
"J0215+6218","J0215+6218",0.548879819155,6.6212E-16,1.821892452777," "," ",1.31E7,6.0999998E11,1.5999999959603878E32,3.19
"J0205+6449","J0205+6449",0.06571592849324,1.93754256E-13,15.21701089718," ","HE",5370.0,3.60999997E12,2.7000000476837153E37,3.2
"J0201+7005","J0201+7005",1.349184471846,5.5144E-15,0.741188488948," ","RRAT",3880000.0,2.75999988E12,8.899999556888358E31,1.15
"B0105+65","J0108+6608",1.2836598429,1.3051E-14,0.7790225779," "," ",1560000.0,4.14000008E12,2.400000084890052E32,1.65
"J0112+66","J0112+66",4.30124,,0.23249," "," ",,,,5.25
"B0059+65","J0102+6537",1.679164229064,5.95492E-15,0.595534363281," "," ",4470000.0,3.19999993E12,4.9999998736893745E31,2.45
"J0054+66","J0054+66",1.39,,0.719424," ","RRAT",,,,0.81
"J0034+69","J0034+69",0.03680412,,27.17087," "," ",,,,3.99
"B0105+68","J0108+6905",1.071118109859,4.809E-17,0.933603858245," "," ",3.53E8,2.30000001E11,1.5000000530562825E30,2.59
"J0053+69","J0053+69",0.832938,,1.20057," "," ",,,,8.4
"J0007+7303","J0007+7303",0.3158731909,3.6039E-13,3.165827392," ","NRAD",13900.0,1.08000004E13,4.500000178813933E35,1.4
"B0226+70","J0231+7026",1.466820306152,3.10998E-15,0.681746765985," "," ",7470000.0,2.15999998E12,3.9000001379463347E31,2.25
"J0308+74","J0308+74",0.00316,,316.455696," ","HE",,,,0.34
"J0332+79","J0332+79",2.05621,,0.486332," ","RRAT",,,,0.93
"B0919+06","J0922+0638",0.430627098928,1.37294E-14,2.32219477708," "," ",497000.0,2.45999993E12,6.799999973736702E33,1.1
"J0928+06","J0928+06",2.0604,,0.485343," "," ",,,,2.88
"B0834+06","J0837+0610",1.2737682915785,6.799219E-15,0.785072141151," "," ",2970000.0,2.98000004E12,1.2999999853491314E32,0.76
"J0843+0719","J0843+0719",1.36586,,0.73214," "," ",,,,3.72
"J0848+16","J0848+16",0.4524,,2.210433," "," ",,,,3.21
"B0943+10","J0946+0951",1.09770570486,3.49339E-15,0.91099098381," "," ",4980000.0,1.97999998E12,9.999999747378749E31,0.96
"B0940+16","J0943+1631",1.087417728071,9.109E-17,0.919609800526," "," ",1.89E8,3.18000005E11,2.799999947455944E30,1.76
"J0943+22","J0943+22",0.532913,,1.87648," "," ",,,,2.39
"J0927+23","J0927+23",0.761886,,1.312532," "," ",,,,2.52
"J0947+27","J0947+27",0.85105,,1.17502," "," ",,,,2.33
"J0815+0939","J0815+0939",0.64516119106,1.39E-16,1.55000023848," "," ",7.35E7,3.02999994E11,1.9999999949504848E31,4.52
"J0751+1807","J0751+1807",0.00347877078319,7.786E-21,287.457858630106,"ELL1","HE[wob+04,aaa+09f]",7.08E9,1.67E8,7.300000288523731E33,0.4
"B0823+26","J0826+2637",0.53066051169,1.70932E-15,1.88444396743," ","HE[bwt+04]",4920000.0,9.6400002E11,4.5000000682193774E32,0.32
"J0943+41","J0943+41",2.229489,,0.448533," "," ",,,,2.33
"B1112+50","J1115+5030",1.656439759937,2.492785E-15,0.603704417261," "," ",1.05E7,2.06000003E12,2.1999999262334305E31,0.51
"J1012+5307","J1012+5307",0.00525574901412,1.712794E-20,190.267837622058,"ELL1","HE[wob+04]",4.86E9,3.04E8,4.6999999904073764E33,0.7
"J1110+58","J1110+58",0.793348,,1.26048," "," ",,,,2.17
"B0751+32","J0754+3231",1.442349479143,1.079865E-15,0.693313246519," "," ",2.12E7,1.25999999E12,1.3999999737279718E31,3.92
"J0740+41","J0740+41",0.003139215,,318.551," "," ",,,,1.29
"J0622+3749","J0622+3749",0.333208231801,2.54237E-14,3.00112633651," ","NRAD",208000.0,2.95000002E12,2.700000070035457E34,
"J0645+5158","J0645+5158",0.00885349668613,4.923E-21,112.949723194277," "," ",2.85E10,2.11E8,2.800000038405414E32,0.77
"J0636+5129","J0636+5129",0.00286895284631,3.38E-21,348.559232,"ELL1"," ",1.34E10,9.96E7,5.699999746866522E33,0.2
"B0917+63","J0921+6254",1.56799401848,3.60812E-15,0.637757534923," "," ",6890000.0,2.40999989E12,3.6999999792897132E31,0.79
"J1101+65","J1101+65",3.63132,,0.27538," "," ",,,,1.57
"J0750+57","J0750+57",1.174875,,0.85115," "," ",,,,2.19
"J0742+66","J0742+66",0.00288570374,,346.53592," ","HE[lsg+15]",,,,0.87
"J0746+66","J0746+66",0.4076702,,2.45296," "," ",,,,2.38
"B0655+64","J0700+6418",0.19567094516627,6.853E-19,5.110620788131,"BT"," ",4.52E9,1.16999997E10,3.6000000136482405E30,0.49
"J0737+69","J0737+69",6.82424,,0.146536," "," ",,,,0.94
"B0904+77","J0910+77",1.57905,,0.63329," "," ",,,,
"J1122+78","J1122+78",0.0042013838,,238.01682," "," ",,,,0.64
"B0809+74","J0814+7429",1.292241446862,1.68114E-16,0.773849192369," "," ",1.22E8,4.72000004E11,3.0999999012237814E30,0.43
"J0645+80","J0645+80",0.657873,,1.52005," "," ",,,,3.95
"B0643+80","J0653+8051",1.214440511516,3.798787E-15,0.823424441558," "," ",5070000.0,2.16999998E12,8.400000297115183E31,3.37
"J0614+83","J0614+83",1.039203,,0.96228," "," ",,,,4.04
"B0841+80","J0849+8028",1.60222797387,4.463E-16,0.624130907903," "," ",5.69E7,8.5599997E11,4.3000000005122265E30,3.38
"B1541+09","J1543+0929",0.748448416229,4.3248E-16,1.33609742277," "," ",2.74E7,5.7599997E11,4.099999841855605E31,5.9
"B1534+12","J1537+1155",0.0379044411783,2.422494E-18,26.382132776894,"DD"," ",2.48E8,9.6999997E9,1.800000027287751E33,1.05
"J1612+2008","J1612+2008",0.4266459810253,3.727E-17,2.343863635131," "," ",1.81E8,1.28E11,1.9000000293090119E31,1.43
"J1549+2113","J1549+2113",1.262471311613,8.541E-16,0.792097207122," "," ",2.34E7,1.05000003E12,1.6999999843392283E31,2.33
"J1538+2345","J1538+2345",3.44938495332,6.889E-15,0.289906755417," ","RRAT",7930000.0,4.9300001E12,6.600000119760805E30,0.98
"J1404+12","J1404+12",2.65027,,0.37732," "," ",,,,1.9
"J1453+1902","J1453+1902",0.00579230273497,1.162E-20,172.642910040475," "," ",7.9E9,2.63E8,2.3999999393708998E33,0.95
"J1503+2111","J1503+2111",3.31400150122,1.4E-16,0.301750014184," "," ",3.75E8,6.8900002E11,1.4999999464748721E29,0.72
"B1530+27","J1532+2745",1.124835742767,7.7956E-16,0.889018691334," "," ",2.29E7,9.48E11,2.1999999262334305E31,0.98
"J1640+2224","J1640+2224",0.00316331581791,2.8276E-21,316.123984313238,"DD","HE",1.77E10,9.57E7,3.499999875202774E33,1.45
"B1633+24","J1635+2418",0.4905065128003,1.19317E-16,2.038708913957," "," ",6.51E7,2.44999995E11,3.9999999899009695E31,2.27
"J1649+2533","J1649+2533",1.0152573918,5.594E-16,0.9849718978," "," ",2.88E7,7.63E11,2.1000000742787957E31,2.91
"J1652+2651","J1652+2651",0.9158034972,6.537E-16,1.09193730211," "," ",2.22E7,7.8300001E11,3.3999999686784565E31,2.93
"J1605+3249","J1605+3249",6.88,,0.145349," ","XINS,NRAD",,,,
"B1639+36A","J1641+3627A",0.010377509452,,96.362234564," "," ",,,,6.5
"B1639+36B","J1641+3627B",0.003528072,,283.4409,"BT"," ",,,,6.5
"J1641+3627C","J1641+3627C",0.003722,,268.67," "," ",,,,6.5
"J1641+3627D","J1641+3627D",0.003118,,320.72,"BT"," ",,,,6.5
"J1641+3627E","J1641+3627E",0.002487,,402.09,"BT"," ",,,,6.5
"J1630+37","J1630+37",0.00332,,301.204819,"BT"," ",,,,0.85
"B1753+52","J1754+5201",2.39139679486,1.5641E-15,0.418165652037," "," ",2.42E7,1.95999996E12,4.4999998749517534E30,3.56
"J1544+4937","J1544+4937",0.00215928839043,2.933E-21,463.11553585462,"ELL1"," ",1.17E10,8.05E7,1.2000000569969412E34,2.3
"J1629+43","J1629+43",0.1811729,,5.51959," "," ",,,,0.4
"J1710+49","J1710+49",0.0032202231,,310.5375," "," ",,,,0.39
"J1706+59","J1706+59",1.476687,,0.67719," "," ",,,,2.97
"J1342+2822A","J1342+2822A",0.002545,,392.93," "," ",,,,9.9
"J1342+2822C","J1342+2822C",0.002166,,461.7," "," ",,,,9.9
"J1342+2822B","J1342+2822B",0.00238942075779,1.858E-20,418.51147259915,"ELL1"," ",2.04E9,2.13E8,5.400000140070914E34,9.9
"J1342+2822D","J1342+2822D",0.00544297516,,183.7230504,"DD"," ",,,,9.9
"J1518+4904","J1518+4904",0.04093498890833,2.719E-20,24.428979380924,"DD"," ",2.39E10,1.07E9,1.6000000186977554E31,0.7
"B1508+55","J1509+5531",0.739681922904,4.99821E-15,1.35193245777," "," ",2340000.0,1.94999996E12,4.899999839835799E32,2.1
"J1647+66","J1647+66",1.599819,,0.625071," "," ",,,,1.8
"J1320+67","J1320+67",1.02862,,0.97218," "," ",,,,2.33
"J1434+7257","J1434+7257",0.04174114783993,5.5E-19,23.957175395244," "," ",1.2E9,4.8499999E9,2.9999999242136247E32,0.75
"J1649+80","J1649+80",0.0020210978,,494.7806," "," ",,,,3.38
"J1439+76","J1439+76",0.947903,,1.05496," ","RRAT",,,,1.78
"J1412+7922","J1412+7922",0.059198212396,4.0E-19,16.8924019751," ","NRAD",2.34E9,4.92E9,7.6000001172360475E31,
"B1322+83","J1321+8323",0.670037418386,5.663E-16,1.492453962361," "," ",1.87E7,6.2300003E11,7.3999999585794265E31,0.77
"J1627+86","J1627+86",0.395785,,2.52662," "," ",,,,3.65
"B2127+11G","J2129+1210G",0.037660166953,2.0E-18,26.553254563," "," ",2.98E8,8.7800003E9,1.5000000712461764E33,12.9
"B2127+11A","J2129+1210A",0.11066470446904,-2.10281E-17,9.036304798336," "," ",,,,12.9
"B2127+11D","J2129+1210D",0.0048028043457,-1.075E-17,208.21168801," "," ",,,,12.9
"B2127+11H","J2129+1210H",0.0067433942397,2.4E-20,148.293272565," "," ",4.45E9,4.07E8,3.1000000308267766E33,12.9
"B2127+11B","J2129+1210B",0.05613303552473,9.5406E-18,17.81482135523," "," ",9.32E7,2.33999995E10,2.0999999833293252E33,12.9
"B2127+11F","J2129+1210F",0.0040270427071,3.2E-20,248.32118076," "," ",1.99E9,3.63E8,1.900000032037496E34,12.9
"B2127+11E","J2129+1210E",0.00465143521539,1.78E-19,214.987407906," "," ",4.14E8,9.21E8,7.000000216066835E34,12.9
"B2127+11C","J2129+1210C",0.03052929614864,4.98789E-18,32.755422697308,"DD"," ",9.7E7,1.24999997E10,6.900000153109429E33,12.9
"J2045+0912","J2045+0912",0.3955551117394,1.952E-16,2.528092724179," "," ",3.21E7,2.80999985E11,1.200000042445026E32,1.99
"J2047+1053","J2047+1053",0.00429,,233.100233,"BT"," ",,,,2.23
"B2113+14","J2116+1414",0.4401530669475,2.89263E-16,2.271936912618," "," ",2.41E7,3.6100001E11,1.2999999853491314E32,4.43
"J2050+13","J2050+13",1.22,,0.8197," "," ",,,,5.4
"B2044+15","J2046+1540",1.1382856833155,1.82318E-16,0.878514080127," "," ",9.89E7,4.61000016E11,4.8999999080479014E30,2.56
"J2205+1444","J2205+1444",0.93801422813,9.0E-16,1.06608191007," "," ",1.65E7,9.3000001E11,4.300000000512226E31,3.33
"B2122+13","J2124+1407",0.694053479086,7.6801E-16,1.440811162444," "," ",1.43E7,7.3899999E11,9.10000017029233E31,2.09
"J2111+2106","J2111+2106",3.9538529596,3.24E-15,0.25291785259," "," ",1.93E7,3.61999997E12,2.0999999605919577E30,5.64
"J2139+2242","J2139+2242",1.08351351364,1.421E-15,0.922923422192," "," ",1.21E7,1.25999999E12,4.399999852466861E31,4.71
"J2151+2315","J2151+2315",0.593533613,7.08E-16,1.684824546," "," ",1.33E7,6.5600002E11,1.2999999853491314E32,1.42
"J2156+2618","J2156+2618",0.49814907254,1.42E-17,2.00743121914," "," ",5.56E8,8.5100003E10,4.4999998749517534E30,4.71
"J2002+1637","J2002+1637",0.27649748362,2.25E-16,3.616669443," "," ",1.95E7,2.51999994E11,4.199999966658651E32,6.1
"J2040+1657","J2040+1657",0.865606225032,5.949E-16,1.155259714038," "," ",2.31E7,7.2600001E11,3.5999998999614027E31,3.51
"J2043+1711","J2043+1711",0.00237987896026,5.24E-21,420.189436815,"ELL1H","HE",7.2E9,1.13E8,1.5000000130385157E34,1.25
"J2033+1734","J2033+1734",0.00594895753485,1.1112E-20,168.096678139288,"BT"," ",8.48E9,2.6E8,2.0999999833293252E33,1.37
"J2016+1948","J2016+1948",0.06494038824151,4.0063E-19,15.39873762813,"BT"," ",2.57E9,5.16E9,5.800000053568509E31,1.83
"B2025+21","J2027+2146",0.398173021652,2.028E-16,2.511471007883," "," ",3.11E7,2.87999984E11,1.2999999853491314E32,10.09
"B2034+19","J2037+1942",2.0743770781,2.04E-15,0.48207243059," "," ",1.61E7,2.08000005E12,8.999999749903507E30,2.05
"B2028+22","J2030+2228",0.630512646679,8.8535E-16,1.58601101067," "," ",1.13E7,7.5600003E11,1.400000019202707E32,4.75
"B1944+17","J1946+1805",0.4406184769108,2.4092E-17,2.269537144722," "," ",2.9E8,1.03999996E11,1.0999999631167153E31,0.3
"J1953+1846A","J1953+1846A",0.004888,,204.58,"BT"," ",,,,6.68
"J2007+20","J2007+20",4.634,,0.2158," ","RRAT",,,,3.72
"B1957+20","J1959+2048",0.00160740168481,1.68515E-20,622.122030511927,"BT","HE[aaa+10g]",1.51E9,1.67E8,1.6000000759959216E35,1.53
"B1939+17","J1942+1743",0.69626221476,1.01E-16,1.43624051227," "," ",1.09E8,2.68000002E11,1.200000042445026E31,9.83
"B1942+17","J1944+1755",1.9968990135,7.3E-16,0.50077645051," "," ",4.33E7,1.21999996E12,3.6000000136482405E30,9.5
"B1943+18","J1945+1834",1.06870769134,2.42E-16,0.9357095566," "," ",7.0E7,5.15000009E11,7.799999934832156E30,12.77
"J1947+1957","J1947+1957",0.157508542541,5.226E-16,6.34886199737," "," ",4780000.0,2.90000011E11,5.30000019352883E33,9.51
"J1934+19","J1934+19",0.23099,,4.329192," "," ",,,,4.74
"J1932+1916","J1932+1916",0.208214903876,9.31735E-14,4.8027301667," ","NRAD",35400.0,4.4600001E12,4.100000113248824E35,
"J1931+1952","J1931+1952",0.501123112694,1.008E-16,1.995517617665," "," ",7.88E7,2.26999992E11,3.2000000373955108E31,22.62
"J1936+20","J1936+20",1.39088,,0.718969," "," ",,,,9.03
"J1938+2012","J1938+2012",0.00263,,380.228137," "," ",,,,9.42
"J1935+2025","J1935+2025",0.080118133455,6.07579E-14,12.4815688643," "," ",20900.0,2.23000003E12,4.69999998807907E36,8.64
"J1938+2010","J1938+2010",0.68708185664,3.399E-15,1.45543065988," "," ",3200000.0,1.55000006E12,4.099999932805075E32,14.36
"B1937+21","J1939+2134",0.00155780655654,1.051045E-19,641.92822645342," ","HE[tst+01]",2.35E8,4.09E8,1.0999999940395353E36,1.5
"J1943+2210","J1943+2210",0.00508417368995,8.8E-21,196.6887956594,"ELL1"," ",9.17E9,2.14E8,2.6000000070780506E33,8.35
"J1944+2236","J1944+2236",0.00361799307811,7.5E-21,276.3963275801," "," ",7.68E9,1.66E8,6.200000061653553E33,8.46
"B1944+22","J1946+2244",1.33444985809,8.89E-16,0.74937248031," "," ",2.38E7,1.1E12,1.5000000530562825E31,7.09
"J1949+2306","J1949+2306",1.3193733853,1.231E-16,0.757935555728," "," ",1.7E8,4.08000004E11,2.0999999605919577E30,8.65
"J2017+2043","J2017+2043",0.537143086032,9.9555E-16,1.861701334345," "," ",8550000.0,7.4000001E11,2.499999936844687E32,3.55
"J2019+2425","J2019+2425",0.00393452408033,7.0237E-21,254.160345592754,"BT"," ",8.88E9,1.68E8,4.600000102072953E33,0.91
"J2008+2513","J2008+2513",0.58919550332,5.395E-15,1.69722951782," "," ",1730000.0,1.79999998E12,9.999999747378748E32,3.22
"J1957+2516","J1957+2516",0.00396,,252.525253," "," ",,,,2.29
"J2015+2524","J2015+2524",2.3032990816,5.1E-16,0.43415985705," "," ",7.16E7,1.1E12,1.599999990276046E30,0.69
"J2007+2722","J2007+2722",0.02449738854593,9.611E-19,40.820677605083," "," ",4.04E8,4.9100001E9,2.6000000070780506E33,6.85
"B2016+28","J2018+2839",0.5579534804225,1.481058E-16,1.792264113565," "," ",5.97E7,2.90999992E11,3.3999999686784565E31,0.98
"J2010+2845","J2010+2845",0.5653693451984,9.072E-17,1.768755254406," "," ",9.87E7,2.29000004E11,1.9999999949504848E31,6.03
"B2053+21","J2055+2209",0.8151811027646,1.340139E-15,1.226721272866," "," ",9640000.0,1.05999997E12,9.800000043469479E31,2.15
"J2048+2255","J2048+2255",0.2839009641977,1.516E-17,3.522355067817," "," ",2.97E8,6.6400002E10,2.6000000161729978E31,6.18
"J2055+2539","J2055+2539",0.3195611745,4.08E-15,3.12929129," ","NRAD",1240000.0,1.16000005E12,4.9000000581145276E33,
"J2105+28","J2105+28",0.405737,,2.46465," "," ",,,,4.58
"B2110+27","J2113+2754",1.2028517540847,2.622965E-15,0.831357643703," "," ",7270000.0,1.79999998E12,5.899999905523144E31,2.61
"J2043+2740","J2043+2740",0.09613056295,1.27E-15,10.402518921," ","HE[naa+11]",1200000.0,3.54000011E11,5.599999800324438E34,1.13
"J2036+2835","J2036+2835",1.35872676315,2.09E-15,0.735983147695," "," ",1.03E7,1.71000005E12,3.299999889350146E31,6.78
"B2020+28","J2022+2854",0.343402157786,1.894195E-15,2.912037613413," "," ",2870000.0,8.1600001E11,1.800000027287751E33,2.1
"J2038+35","J2038+35",0.16,,6.25," "," ",,,,3.12
"B2053+36","J2055+3630",0.221507638277,3.691271E-16,4.514517006178," "," ",9510000.0,2.88999997E11,1.3000000035390253E33,5.0
"J2102+38","J2102+38",1.19,,0.840336," "," ",,,,4.86
"J2234+2114","J2234+2114",1.35874531269,2.22E-16,0.73597310008," "," ",9.7E7,5.5600002E11,3.4999999343199294E30,3.38
"J2229+2643","J2229+2643",0.00297781929476,1.46E-21,335.81621348252,"BT"," ",3.23E10,6.67E7,2.2000000171829008E33,1.43
"B2303+30","J2305+3100",1.575886338359,2.8925E-15,0.634563531429," "," ",8630000.0,2.15999998E12,2.9000000267842545E31,2.61
"J2204+27","J2204+27",0.0847,,11.806375," "," ",,,,2.61
"J2222+2923","J2222+2923",0.2813991427542,6.17E-18,3.553671095841," "," ",7.23E8,4.2199998E10,1.0999999631167153E31,4.46
"J2227+30","J2227+30",0.842408,,1.187073," "," ",,,,2.36
"B2210+29","J2212+2933",1.004592528853,4.9517E-16,0.995428466049," "," ",3.21E7,7.1399997E11,1.9000000293090119E31,4.76
"J2214+3000","J2214+3000",0.00311922657908,1.4E-20,320.5922925597,"ELL1","HE",3.53E9,2.12E8,1.79999996908009E34,1.0
"J2155+2813","J2155+2813",1.6090199964,9.164E-16,0.6214963159," "," ",2.78E7,1.22999996E12,8.700000080352763E30,5.06
"J2225+35","J2225+35",0.94,,1.06383," ","RRAT",,,,5.56
"B2310+42","J2313+4253",0.3494336821331,1.123699E-16,2.861773352516," "," ",4.93E7,2.00999993E11,9.999999747378749E31,1.06
"J2302+4442","J2302+4442",0.00519232464641,1.33E-20,192.5919637346,"ELL1","HE",6.19E9,2.66E8,3.800000122282653E33,0.75
"B2303+46","J2305+4707",1.066371071565,5.6909E-16,0.937759872398,"BT"," ",2.97E7,7.8800001E11,1.9000000293090119E31,4.35
"J2207+40","J2207+40",0.6369852,,1.5699," "," ",,,,0.64
"B2154+40","J2157+4017",1.525265633965,3.43256E-15,0.655623504347," "," ",7040000.0,2.32000009E12,3.8000000586180238E31,2.9
"J2111+40","J2111+40",4.061,,0.246245," "," ",,,,7.21
"J2203+50","J2203+50",0.745,,1.342282," "," ",,,,3.6
"J2139+4716","J2139+4716",0.282849345409,1.7857E-15,3.5354509962," ","NRAD",2510000.0,7.1899998E11,3.1000000308267766E33,
"J2138+4911","J2138+4911",0.696,,1.436782," "," ",,,,7.49
"B2148+52","J2150+5247",0.3322056715409,1.0105979E-14,3.010183406447," "," ",521000.0,1.85000002E12,1.0999999940395352E34,5.67
"B2217+47","J2219+4754",0.5384688219194,2.765209E-15,1.857117736985," "," ",3090000.0,1.22999996E12,7.000000186963004E32,2.61
"J2215+5135","J2215+5135",0.00260961972345,3.34E-20,383.1975942761,"ELL1","HE",1.24E9,2.99E8,7.400000002235172E34,3.26
"J2213+53","J2213+53",0.751,,1.331558," "," ",,,,7.58
"J2208+5500","J2208+5500",0.93316107478,6.9878E-15,1.07162635372," "," ",2120000.0,2.58000001E12,3.400000059627927E32,3.55
"J2222+5602","J2222+5602",1.336,,0.748503," "," ",,,,7.22
"J2240+5832","J2240+5832",0.1399345,1.5358E-14,7.1462," ","HE[tpc+11]",144000.0,1.48000001E12,2.1999999880790704E35,14.85
"J2238+5903","J2238+5903",0.16273385299,9.7034E-14,6.1450029089," ","NRAD",26600.0,4.02E12,8.900000154972073E35,
"B2306+55","J2308+5547",0.4750676748022,1.99491E-16,2.104963256901," "," ",3.77E7,3.11999988E11,7.300000106624791E31,2.42
"J2315+58","J2315+58",1.061,,0.942507," "," ",,,,2.86
"B2351+61","J2354+6155",0.944783886655,1.626279E-14,1.058443115007," "," ",920000.0,3.96999996E12,7.599999662488697E32,3.31
"J2301+5852","J2301+5852",6.9790709703,4.7123E-13,0.14328554678," ","AXP,NRAD",235000.0,5.8000002E13,5.500000042957252E31,3.3
"B2255+58","J2257+5909",0.368246454342,5.75295E-15,2.71557265035," "," ",1010000.0,1.47000001E12,4.499999922700225E33,3.0
"B2319+60","J2321+6024",2.256488426824,7.03689E-15,0.443166465253," "," ",5080000.0,4.03000001E12,2.400000084890052E31,2.7
"J2302+6028","J2302+6028",1.20640428819,2.04E-15,0.828909520456," "," ",9370000.0,1.58999996E12,4.600000011123483E31,6.8
"J2326+6141","J2326+6141",0.79,,1.265823," "," ",,,,1.78
"B2324+60","J2326+6113",0.2336519694946,3.525632E-16,4.279869765973," "," ",1.05E7,2.90000011E11,1.1000000085914504E33,4.82
"B2334+61","J2337+6151",0.495369868028,1.934498E-13,2.01869363589," "," ",40600.0,9.9099995E12,6.300000008195637E34,0.7
"J2333+6145","J2333+6145",0.756899382059,1.1761E-15,1.321179569839," "," ",1.02E7,9.5500003E11,1.1000000085914504E32,5.01
"J2343+6221","J2343+6221",1.799,,0.555864," "," ",,,,4.59
"B2323+63","J2325+6316",1.436309536149,2.82546E-15,0.696228754897," "," ",8050000.0,2.04000002E12,3.8000000586180238E31,10.86
"J2352+65","J2352+65",1.164,,0.859107," "," ",,,,7.72
"J1929+1955","J1929+1955",0.2578319398983,2.5553E-15,3.878495427659," "," ",1600000.0,8.2100001E11,5.900000105611978E33,12.08
"B1929+20","J1932+2020",0.268217402985,4.21706E-15,3.72831885206," "," ",1010000.0,1.07999999E12,8.599999709986148E33,5.0
"J1929+2121","J1929+2121",0.723598503258,2.1386E-15,1.381981852502," "," ",5360000.0,1.25999999E12,2.2000000171829007E32,3.36
"J1936+21","J1936+21",0.642932,,1.555374," "," ",,,,10.11
"J1938+2213","J1938+2213",0.1661155731566,4.24423E-14,6.01990518407," "," ",62000.0,2.69000009E12,3.700000047683715E35,4.54
"J1935+2154","J1935+2154",3.24498,,0.3081683," ","AXP,NRAD",,,,
"B1930+22","J1932+2220",0.14446976514,5.75717E-14,6.9218635401," "," ",39800.0,2.92E12,7.500000298023221E35,10.9
"B1920+21","J1922+2110",1.07792434298,8.1803E-15,0.92770889396," "," ",2090000.0,3.00000005E12,2.5999999706982627E32,4.0
"B1925+22","J1927+2234",1.431066414236,7.71E-16,0.698779588461," "," ",2.94E7,1.05999997E12,9.999999974752424E30,9.3
"B1919+21","J1921+2153",1.3373021601895,1.348207E-15,0.747774160372," "," ",1.57E7,1.36000006E12,2.1999999262334305E31,0.3
"J1940+2246","J1940+2246",0.25889,,3.862644," "," ",,,,8.82
"J1940+2337","J1940+2337",0.546824157964,7.67965E-14,1.82874144354," "," ",113000.0,6.56E12,1.900000032037496E34,9.87
"J1946+24","J1946+24",4.729,,0.211461," ","RRAT",,,,4.84
"J1950+2414","J1950+2414",0.00430477554974,1.89E-20,232.30014862462,"BT"," ",3.61E9,2.89E8,9.399999980814753E33,7.29
"J1946+2535","J1946+2535",0.51516705131,5.641E-15,1.9411179295," "," ",1450000.0,1.73000006E12,1.5999999595805998E33,9.58
"J1934+2352","J1934+2352",0.17843152366,1.30699E-13,5.6043908581," "," ",21600.0,4.8900001E12,9.099999815225599E35,23.98
"B1937+24","J1939+2449",0.6453024694,1.8271E-14,1.5496608915," "," ",560000.0,3.47000013E12,2.699999895412474E33,7.34
"B1931+24","J1933+2421",0.81369030283,8.1098E-15,1.22896880609," "," ",1590000.0,2.60000003E12,5.9000001783715546E32,5.52
"J1941+2525","J1941+2525",2.306152697,1.608349E-13,0.433622631017," "," ",227000.0,1.95000009E13,5.1999999413965254E32,15.35
"B1935+25","J1937+2544",0.20098020244218,6.429167E-16,4.97561445281," "," ",4950000.0,3.63999986E11,3.1000000308267766E33,2.76
"B1915+22","J1917+2224",0.425897254225,2.86494E-15,2.34798414425," "," ",2360000.0,1.12000002E12,1.5000000712461764E33,8.04
"J1923+2515","J1923+2515",0.00378815551961,9.42E-21,263.98071431401," "," ",6.37E9,1.91E8,6.799999973736702E33,0.99
"J1912+2525","J1912+2525",0.62197624506,2.25E-16,1.60777844482," "," ",4.38E7,3.78999996E11,3.6999999792897132E31,2.02
"B1918+26","J1920+2650",0.785521849527,3.436E-17,1.273039063907," "," ",3.62E8,1.66000001E11,2.799999947455944E30,1.46
"J1955+2527","J1955+2527",0.00487276586298,9.12E-21,205.22225531037," "," ",8.47E9,2.13E8,3.1000000308267766E33,9.06
"J1948+2551","J1948+2551",0.1966268136138,9.02244E-15,5.085776357868," "," ",345000.0,1.35000005E12,4.699999932199715E34,11.85
"J1952+2630","J1952+2630",0.02073236056267,4.2721E-18,48.233774295845,"ELL1"," ",7.69E7,9.52E9,1.900000032037496E34,13.67
"J1946+2611","J1946+2611",0.4350602546,2.197E-14,2.2985321905," "," ",314000.0,3.12999988E12,1.0999999940395352E34,7.78
"J1953+2732","J1953+2732",1.33396499366,1.773E-15,0.749644859312," "," ",1.19E7,1.55999994E12,2.9000000267842545E31,7.86
"J1957+2831","J1957+2831",0.3076828651978,3.10989E-15,3.250099739409," "," ",1570000.0,9.8999999E11,4.1999999666586504E33,6.98
"J1954+2836","J1954+2836",0.0927090547,2.1163E-14,10.78643292," ","NRAD",69400.0,1.41999997E12,1.000000014901161E36,
"B1953+29","J1955+2908",0.00613316651024,2.972E-20,163.04791306911,"BT"," ",3.27E9,4.32E8,5.099999834783374E33,5.39
"B1952+29","J1954+2923",0.4266767865302,1.711E-18,2.343694411248," "," ",3.95E9,2.72999997E10,8.699999654027121E29,0.42
"J1958+2846","J1958+2846",0.29038924475,2.12038E-13,3.4436537099," ","NRAD",21700.0,7.9399999E12,3.4000001847743976E35,
"J2002+30","J2002+30",0.421794,,2.370826," "," ",,,,7.43
"J2006+3102","J2006+3102",0.16369523645,2.4872E-14,6.108913257," "," ",104000.0,2.04000002E12,2.1999999880790704E35,5.58
"J2007+3120","J2007+3120",0.60820531457,1.5604E-14,1.64418162098," "," ",618000.0,3.11999988E12,2.699999895412474E33,7.28
"B2002+31","J2004+3137",2.11126473382,7.45504E-14,0.473649743674," "," ",449000.0,1.27000002E13,3.0999999580672003E32,8.0
"B2000+32","J2002+3217",0.6967605102,1.05139E-13,1.4352133702," "," ",105000.0,8.6599999E12,1.2000000569969412E34,6.68
"J1937+2950","J1937+2950",1.65742878336,3.4811E-15,0.603344173844," "," ",7540000.0,2.42999991E12,3.000000106112565E31,6.44
"J1949+3106","J1949+3106",0.0131381833437,9.3913E-20,76.114023821963,"DD"," ",2.22E9,1.12E9,1.5999999595805998E33,7.78
"B1951+32","J1952+3252",0.0395311928548,5.844803E-15,25.2964792556," ","HE[rbd+95,sof95]",107000.0,4.86000001E11,3.7000000476837145E36,3.0
"J1900+30","J1900+30",0.602227,,1.660503," "," ",,,,4.56
"J1931+30","J1931+30",0.582126,,1.717841," "," ",,,,3.03
"J1946+3417","J1946+3417",0.00317013922781,3.7E-21,315.4435588282,"BT"," ",1.36E10,1.1E8,4.600000102072953E33,6.41
"B1946+35","J1948+3540",0.717311174076,7.0612E-15,1.394095109822," "," ",1610000.0,2.28000006E12,7.599999662488697E32,7.87
"J2013+3058","J2013+3058",0.276027693446,1.5194E-16,3.622824896719," "," ",2.88E7,2.06999994E11,2.9000000722589896E32,6.88
"J2010+3230","J2010+3230",1.4424475206,3.616E-15,0.693266122835," "," ",6320000.0,2.31000008E12,4.800000169780104E31,18.89
"J2011+3331","J2011+3331",0.93173309347,1.7857E-15,1.073268736517," "," ",8270000.0,1.31000002E12,8.699999852979088E31,12.95
"J2009+3326","J2009+3326",1.43836860189,1.468E-15,0.695232083547," "," ",1.55E7,1.47000001E12,1.9000000293090119E31,10.73
"J2018+3431","J2018+3431",0.3876640866385,1.83649E-15,2.57955285121," "," ",3340000.0,8.5400001E11,1.1999999696854499E33,8.79
"J2028+3332","J2028+3332",0.1767074151138,4.85753E-15,5.65907208453," ","NRAD",576000.0,9.3799999E11,3.5000001080334175E34,
"J2021+3651","J2021+3651",0.103740952074,9.57209E-14,9.6393948581," ","HE[aaa+09d]",17200.0,3.18999993E12,3.400000035762786E36,1.8
"J2030+3641","J2030+3641",0.2001285881663,6.5001E-15,4.99678736138," ","HE",488000.0,1.15000004E12,3.1999999191611994E34,11.17
"B2027+37","J2029+3744",1.21680465774,1.231961E-14,0.821824599075," "," ",1560000.0,3.91999993E12,2.7000000045518384E32,7.0
"J2004+3429","J2004+3429",0.24095264193,2.06825E-13,4.15019313335," "," ",18500.0,7.1399999E12,5.799999833106993E35,22.18
"J2005+3547","J2005+3547",0.615033894871,2.808E-16,1.625926649473," "," ",3.47E7,4.20999987E11,4.800000169780104E31,30.0
"J2005+3552","J2005+3552",0.30794290464,2.99E-15,3.2473552238," "," ",1630000.0,9.7099999E11,3.9999998989514993E33,30.0
"J1959+3620","J1959+3620",0.406081181,3.6E-17,2.46256179008," "," ",1.79E8,1.21999999E11,2.1000000742787957E31,29.32
"J2022+3842","J2022+3842",0.048578779636,8.61E-14,20.58511983," ","HE",8940.0,2.07000004E12,2.9999999999999993E37,10.0
"B2011+38","J2013+3845",0.2301936138595,8.851045E-15,4.344169168005," "," ",412000.0,1.43999998E12,2.8999999631196253E34,13.07
"B2035+36","J2037+3621",0.61871508419,4.5024E-15,1.61625282066," "," ",2180000.0,1.69000003E12,7.500000356230882E32,5.05
"J2021+4026","J2021+4026",0.26531766093,5.4682E-14,3.769066848," ","NRAD",76900.0,3.84999988E12,1.2000000104308126E35,2.15
"J2032+4127","J2032+4127",0.1432499,1.25E-14,6.980808,"BT","HE",181000.0,1.36000006E12,1.7000000923871988E35,1.7
"J2030+4415","J2030+4415",0.22707017739,6.4843E-15,4.4039248637," ","NRAD",555000.0,1.22999996E12,2.1999999880790704E34,
"J2027+4557","J2027+4557",1.099651368044,3.094E-16,0.909379126021," "," ",5.63E7,5.9000003E11,9.199999908560128E30,22.99
"B2000+40","J2002+4050",0.9050668203089,1.738783E-15,1.104890796526," "," ",8250000.0,1.26999999E12,9.2999998742016E31,8.3
"J2001+42","J2001+42",0.719161,,1.39051," "," ",,,,3.06
"J1941+43","J1941+43",0.840887,,1.18922," "," ",,,,5.91
"J1954+43","J1954+43",1.386961,,0.721," "," ",,,,12.57
"J2024+48","J2024+48",1.262,,0.792393," "," ",,,,5.62
"J1957+5033","J1957+5033",0.3748062242,7.08E-15,2.66804534," ","NRAD",839000.0,1.65E12,5.30000019352883E33,
"B1953+50","J1955+5059",0.5189379874091,1.372366E-15,1.927012522234," "," ",5990000.0,8.5400001E11,3.899999865097924E32,1.8
"J1913+3732","J1913+3732",0.851078948902,1.3792E-15,1.174979126543," "," ",9780000.0,1.1E12,8.799999704933722E31,5.5
"B1905+39","J1907+4002",1.235757452781,5.40707E-16,0.809220286513," "," ",3.62E7,8.2700003E11,1.0999999631167153E31,1.76
"J1921+42","J1921+42",0.595201,,1.6801," "," ",,,,3.47
"B1811+40","J1813+4013",0.931089084936,2.54871E-15,1.074011086779," "," ",5790000.0,1.55999994E12,1.200000042445026E32,4.32
"J1821+41","J1821+41",1.261787,,0.79253," "," ",,,,3.76
"J1816+4510","J1816+4510",0.00319310355385,4.31E-20,313.174935649713,"ELL1","HE[ksr+12]",1.17E9,3.75E8,5.200000014156101E34,4.2
"J1800+50","J1800+50",0.578364,,1.72901," "," ",,,,1.47
"J1935+52","J1935+52",0.568387,,1.75936," "," ",,,,6.84
"J1922+58","J1922+58",0.529623,,1.88814," "," ",,,,5.38
"J1815+55","J1815+55",0.426802,,2.34301," "," ",,,,3.87
"B1839+56","J1840+5640",1.6528618528869,1.494818E-15,0.605011240506," "," ",1.75E7,1.58999996E12,1.3000000080864989E31,2.61
"J1836+5925","J1836+5925",0.173263836028,1.5016E-15,5.771544847," ","XINS,NRAD",1830000.0,5.1599999E11,1.0999999940395352E34,
"B2106+44","J2108+4441",0.4148705368737,8.621E-17,2.410390498047," "," ",7.62E7,1.91000003E11,4.800000169780104E31,5.28
"J2111+4606","J2111+4606",0.157829924735,1.430393E-13,6.3359340865," ","NRAD",17500.0,4.81E12,1.4000000059604642E36,
"B2111+46","J2113+4644",1.014684793189,7.14612E-16,0.985527729116," "," ",2.25E7,8.6199999E11,2.7000000955013087E31,4.0
"J2044+4614","J2044+4614",1.3927154635,6.3E-16,0.71802175405," "," ",3.5E7,9.48E11,9.199999908560128E30,26.78
"J2047+5029","J2047+5029",0.445944557385,4.17572E-15,2.242431224778," "," ",1690000.0,1.37999994E12,1.9000000611413266E33,5.03
"J2122+54","J2122+54",0.1388657,,7.2012," "," ",,,,1.7
"B2022+50","J2023+5037",0.372619054536,2.512052E-15,2.683706020472," "," ",2350000.0,9.7899997E11,1.9000000611413266E33,1.8
"B2021+51","J2022+5154",0.529196917808,3.06337E-15,1.88965575261," "," ",2740000.0,1.29000001E12,8.19999986561015E32,1.8
"B2036+53","J2038+5319",1.424568215153,9.4418E-16,0.701967086843," "," ",2.39E7,1.17000005E12,1.3000000080864989E31,13.83
"J2030+55","J2030+55",0.579,,1.727116," "," ",,,,3.67
"B2045+56","J2046+5708",0.476734842147,1.11216E-14,2.09760208735," "," ",679000.0,2.3300001E12,4.1000000783242273E33,9.67
"J2105+6223","J2105+6223",2.30487883766,5.219E-15,0.433862285366," ","RRAT",7000000.0,3.50999989E12,1.6999999843392283E31,3.03
"J2217+5733","J2217+5733",1.05684421944,6.51E-16,0.94621324657," "," ",2.57E7,8.39E11,2.1999999262334305E31,6.82
"J2210+57","J2210+57",2.05743,,0.48604," "," ",,,,8.67
"J2216+5759","J2216+5759",0.41910226464,6.9048E-14,2.38605248497," "," ",96200.0,5.4400002E12,3.700000001117586E34,7.82
"J2238+6021","J2238+6021",3.07,,0.325733," "," ",,,,8.74
"J2229+6114","J2229+6114",0.05162357393,7.827E-14,19.37099515," ","HE[hcg+01,ppp+09,aaa+09i]",10500.0,2.03000001E12,2.200000047683715E37,3.0
"B2227+61","J2229+6205",0.443054560638,2.25534E-15,2.257058359945," "," ",3110000.0,1.01E12,9.999999747378748E32,5.7
"J2206+6151","J2206+6151",0.322673549948,3.97E-16,3.09910744206," "," ",1.29E7,3.61999991E11,4.700000135926529E32,13.81
"J2229+64","J2229+64",1.89312,,0.52823," "," ",,,,16.46
"B2224+65","J2225+6535",0.682542497406,9.6606E-15,1.4651102368," "," ",1120000.0,2.60000003E12,1.1999999696854499E33,2.0
"J2244+63","J2244+63",0.461,,2.169197," "," ",,,,3.58
"J2319+6411","J2319+6411",0.21601827884014,1.632E-16,4.6292378838," "," ",2.1E7,1.90000005E11,6.399999983841551E32,25.66
"J2311+67","J2311+67",1.9447,,0.51422," ","RRAT",,,,5.02
"J2316+69","J2316+69",0.813386,,1.22943," "," ",,,,3.62
"B2148+63","J2149+6329",0.38014034472,1.681E-16,2.63060738985," "," ",3.58E7,2.56E11,1.200000042445026E32,13.65
"J2137+64","J2137+64",1.75087,,0.57114," "," ",,,,11.3
"J2113+67","J2113+67",0.5521697,,1.81104," "," ",,,,3.65
"J2243+69","J2243+69",0.855405,,1.16904," "," ",,,,3.94
"B2241+69","J2242+6950",1.664500786185,4.82385E-15,0.600780731556," "," ",5470000.0,2.86999996E12,4.099999841855605E31,2.3
"J2017+59","J2017+59",0.403619,,2.47758," "," ",,,,4.71
"J1929+62","J1929+62",1.456004,,0.68681," "," ",,,,5.24
"J1939+66","J1939+66",0.022260606,,44.92241," "," ",,,,3.36
"J1953+67","J1953+67",0.008565431,,116.7484," "," ",,,,5.37
"J2043+7045","J2043+7045",0.588,,1.70068," "," ",,,,6.0
"J2027+74","J2027+74",0.515229,,1.94088," "," ",,,,0.6
"J1859+76","J1859+76",1.393617,,0.71756," "," ",,,,4.02
"J1942+81","J1942+81",0.2035682,,4.91236," "," ",,,,4.19
"J2353+85","J2353+85",1.011691,,0.98844," "," ",,,,3.55
"B2327-20","J2330-2005",1.643622185327,4.63038E-15,0.608412327923," "," ",5620000.0,2.7899999E12,4.099999841855605E31,0.47
"B0031-07","J0034-0721",0.9429509945598,4.0821E-16,1.060500498721," "," ",3.66E7,6.2800003E11,1.9000000293090119E31,1.03
"J2339-0533","J2339-0533",0.00288422674155,1.4102E-20,346.71337922051,"ELL1","HE[rbs+14]",3.24E9,2.04E8,2.3000000510364766E34,1.1
"J2346-0609","J2346-0609",1.181463382967,1.36305E-15,0.846407950019," "," ",1.37E7,1.28E12,3.299999889350146E31,1.96
"J0108-1431","J0108-1431",0.807564614019,7.704E-17,1.2382910081," "," ",1.66E8,2.51999994E11,5.800000053568509E30,0.21
"B0148-06","J0151-0635",1.464664549334,4.4259E-16,0.682750190448," "," ",5.24E7,8.1499999E11,5.599999894911888E30,1.93
"J0034-0534","J0034-0534",0.00187718188458,4.966E-21,532.71342974902,"ELL1","HE[aaa+10b]",5.99E9,9.77E7,3.0000000260770315E34,0.98
"J0051+0423","J0051+0423",0.3547317989,7.0E-18,2.81903117539," "," ",8.03E8,5.0400002E10,6.199999802447563E30,0.94
"J0030+0451","J0030+0451",0.00486545320737,1.01736E-20,205.530699274922," ","HE[btlb00,aaa+09e]",7.58E9,2.25E8,3.499999875202774E33,0.3
"J0152+0948","J0152+0948",2.74664729014,1.7E-15,0.364080238329," "," ",2.56E7,2.19E12,3.199999980552092E30,2.3
"J0137+1654","J0137+1654",0.4147630265082,1.223E-17,2.411015293284," "," ",5.37E8,7.2100004E10,6.800000278417427E30,2.51
"J2256-1024","J2256-1024",0.00229,,436.681223,"BT","HE",,,,0.91
"J2325-0530","J2325-0530",0.868735115025,1.0287E-15,1.15109885937," ","RRAT",1.34E7,9.5699999E11,6.1999999161344005E31,1.07
"J2248-0101","J2248-0101",0.477233119123,6.5935E-16,2.095411990345," "," ",1.15E7,5.6799999E11,2.400000084890052E32,2.28
"J2145-0750","J2145-0750",0.01605242391809,2.97876E-20,62.295887842383,"ELL1"," ",8.54E9,7.0E8,2.800000038405414E32,0.53
"J2129-04","J2129-04",0.00762,,131.233596," ","HE",,,,1.03
"J2222-0137","J2222-0137",0.03281785905307,5.865E-20,30.471213810232,"DD"," ",8.87E9,1.4E9,6.599999778700292E31,0.27
"J2139+00","J2139+00",0.31247,,3.20031," "," ",,,,2.97
"J2143+0654","J2143+0654",9.42822888,4.1E-14,0.1060644595," ","XINS,NRAD",3650000.0,1.98999991E13,1.8999999440438837E30,
"J2234+06","J2234+06",0.0036,,277.777778,"BT"," ",,,,0.63
"J2235+1506","J2235+1506",0.05976735798455,1.576E-19,16.731540990294," "," ",6.01E9,3.11000013E9,2.9000000267842545E31,1.15
"J2243+1518","J2243+1518",0.596799464458,1.125E-16,1.675604720772," "," ",8.41E7,2.62000001E11,2.1000000742787957E31,2.9
"J2215+1538","J2215+1538",0.3741958930416,2.36723E-15,2.672397048165," "," ",2500000.0,9.5199999E11,1.800000027287751E33,3.12
"J0023+0923","J0023+0923",0.00305,,327.868852,"BT","HE",,,,1.0
"J2340+08","J2340+08",0.3033,,3.297066," "," ",,,,2.28
"J0006+1834","J0006+1834",0.69374767047,2.097E-15,1.4414462816," "," ",5240000.0,1.21999996E12,2.499999936844687E32,0.7
"J2317+1439","J2317+1439",0.00344525107102,2.42E-21,290.254608266681,"BT"," ",2.26E10,9.24E7,2.3000000510364764E33,1.89
"J2329+16","J2329+16",0.6321,,1.582028," "," ",,,,2.64
"J2322+2057","J2322+2057",0.00480842820984,9.7E-21,207.968166802197," "," ",7.85E9,2.19E8,3.399999986868351E33,0.78
"J2253+1516","J2253+1516",0.792235920118,6.65E-17,1.262250264859," "," ",1.89E8,2.31999996E11,5.300000225361145E30,2.81
"B2315+21","J2317+2149",1.444653102317,1.047047E-15,0.692207699133," "," ",2.19E7,1.23999997E12,1.3999999737279718E31,1.45
"J2307+2225","J2307+2225",0.535828895432,8.7E-18,1.86626740089," "," ",9.76E8,6.9100003E10,2.2000000399202685E30,0.38
"J0614-3329","J0614-3329",0.00314866957944,1.75E-20,317.5944552995,"BT","HE",2.84E9,2.38E8,2.1999999880790704E34,1.02
"B0628-28","J0630-2834",1.24441859615,7.1229E-15,0.80358811986," ","HE[to05]",2770000.0,3.01000006E12,1.4999999621068123E32,0.32
"J0656-2228","J0656-2228",1.22475441462,2.67E-17,0.816490218825," "," ",7.27E8,1.83000007E11,5.7000001163487455E29,1.79
"J0721-2038","J0721-2038",0.015542394974,4.4E-20,64.3401484567,"BT"," ",5.6E9,8.37E8,4.600000102072953E32,3.87
"J0633-2015","J0633-2015",3.2532108384,3.82E-15,0.30738862302," "," ",1.35E7,3.56999994E12,4.400000079840537E30,7.84
"J0610-2100","J0610-2100",0.0038613247043,1.235E-20,258.97847929928,"BT","HE[egc+13]",4.95E9,2.21E8,8.50000011269003E33,5.64
"J0520-2553","J0520-2553",0.2416421756731,3.0092E-17,4.138350423366," "," ",1.27E8,8.63E10,8.400000297115183E31,3.47
"B0450-18","J0452-1759",0.548939223294,5.753107E-15,1.821695294426," "," ",1510000.0,1.79999998E12,1.400000037392601E33,0.4
"B0559-05","J0601-0527",0.3959691695432,1.302098E-15,2.52544914331," "," ",4820000.0,7.2700002E11,8.299999899463726E32,7.54
"B0727-18","J0729-1836",0.51016034483,1.895713E-14,1.96016803372," "," ",426000.0,3.1499999E12,5.600000149570404E33,3.25
"J0725-1635","J0725-1635",0.4243114031834,9.264E-17,2.356759664005," "," ",7.26E7,2.00999993E11,4.800000169780104E31,4.68
"J0734-1559","J0734-1559",0.15625,1.22E-14,6.4," "," ",203000.0,1.39999995E12,1.3000000268220898E35,
"J0729-1448","J0729-1448",0.251658714181,1.132879E-13,3.9736354978," "," ",35200.0,5.4000002E12,2.800000086426734E35,4.37
"J0824+00","J0824+00",0.0099,,101.010101," "," ",,,,2.57
"B0820+02","J0823+0159",0.8648728046988,1.0455E-16,1.156239385222,"BT"," ",1.31E8,3.04000008E11,6.399999961104184E30,1.44
"B0621-04","J0624-0424",1.039076475851,8.30442E-16,0.962393070424," "," ",1.98E7,9.4000002E11,2.9000000267842545E31,4.28
"J0652-0142","J0652-0142",0.924053918109,1.525E-16,1.082187933412," "," ",9.6E7,3.8000001E11,7.599999776175535E30,5.83
"J0658+0022","J0658+0022",0.563294925255,9.15201E-15,1.775268966869," "," ",975000.0,2.30000008E12,1.9999999494757496E33,6.46
"J0613-0200","J0613-0200",0.00306184408768,9.5899E-21,326.600562067686,"ELL1","HE",5.06E9,1.73E8,1.3000000035390254E34,1.09
"J0630-0046","J0630-0046",0.680574832268,3.7481E-15,1.469346135924," "," ",2880000.0,1.61999998E12,4.700000135926529E32,5.57
"J0608+00","J0608+00",1.0762,,0.929195," "," ",,,,2.58
"J0623+0340","J0623+0340",0.613759600022,8.837E-17,1.62930241737," "," ",1.1E8,2.36000002E11,1.5000000530562825E31,2.53
"J0621+0336","J0621+0336",0.2699540683678,7.24E-18,3.704333874448," "," ",5.91E8,4.47E10,1.5000000530562825E31,3.58
"J0635+0533","J0635+0533",0.033856495,,29.53643," ","NRAD",,,,
"J0633+0632","J0633+0632",0.29739519058,7.9592E-14,3.3625291588," ","NRAD",59200.0,4.9199999E12,1.2000000104308126E35,
"J0646+0905","J0646+0905",0.9039132,7.357E-16,1.1063009," "," ",1.95E7,8.25E11,3.9000001379463347E31,9.5
"J0806+08","J0806+08",2.0631,,0.484707," "," ",,,,5.07
"J0711+0931","J0711+0931",1.21409049248,4.0E-16,0.823661832618," "," ",4.81E7,7.0499998E11,8.800000159681074E30,2.39
"J0647+0913","J0647+0913",1.23485362778,6.421E-15,0.80981257819," "," ",3050000.0,2.84999995E12,1.2999999853491314E32,10.84
"B0447-12","J0450-1248",0.4380141493906,1.02649E-16,2.283031270545," "," ",6.76E7,2.15000007E11,4.800000169780104E31,3.27
"J0447-04","J0447-04",2.18819,,0.456999," ","RRAT",,,,2.9
"J0421-0345","J0421-0345",2.161308494552,1.16338E-15,0.462682676962," "," ",2.94E7,1.59999997E12,4.4999998749517534E30,3.09
"J0458-0505","J0458-0505",1.88347965849,5.3E-16,0.53093220067," "," ",5.63E7,1.01E12,3.0999999012237814E30,3.83
"J0545-03","J0545-03",1.07393,,0.931159," ","RRAT",,,,6.3
"J0459-0210","J0459-0210",1.133076123659,1.39825E-15,0.88255323638," "," ",1.28E7,1.26999999E12,3.8000000586180238E31,1.3
"J0533+0402","J0533+0402",0.96301770198,1.6E-16,1.03840251113," "," ",9.54E7,3.97000016E11,7.09999994796817E30,6.66
"J0348+0432","J0348+0432",0.03912265690178,2.4075E-19,25.560636193768,"ELL1"," ",2.57E9,3.11000013E9,1.5999999959603878E32,2.1
"J0509+08","J0509+08",0.0041,,243.902439," "," ",,,,2.58
"J0627+0649","J0627+0649",0.346522567131,1.698E-15,2.88581493632," "," ",3230000.0,7.7599998E11,1.5999999595805998E33,4.0
"J0627+0706","J0627+0706",0.47587700897,2.98087E-14,2.101383301," "," ",253000.0,3.81000011E12,1.0999999940395352E34,7.88
"J0628+0909","J0628+0909",1.241421391299,5.479E-16,0.805528249319," ","RRAT",3.59E7,8.3500001E11,1.0999999631167153E31,4.0
"J0625+10","J0625+10",0.498397,,2.006433," "," ",,,,3.36
"J0631+1036","J0631+1036",0.287800021959,1.046741E-13,3.4746348982," ","HE[tsn+01,waa+09]",43600.0,5.55E12,1.7000000923871988E35,6.54
"J0621+1002","J0621+1002",0.02885386073005,4.732E-20,34.657407178741,"BT"," ",9.66E9,1.18E9,7.8000002758926695E31,1.88
"B0523+11","J0525+1115",0.3544375945137,7.36052E-17,2.821371139741," "," ",7.63E7,1.62999992E11,6.499999926745657E31,7.68
"J0557+1550","J0557+1550",0.00255636707678,7.352E-21,391.18012787837,"ELL1"," ",5.51E9,1.39E8,1.700000022538006E34,5.65
"B0656+14","J0659+1414",0.384891195054,5.500309E-14,2.59813685751," ","HE[chmm89,rfk+96,srg+97,waa+09]",111000.0,4.6600002E12,3.800000064074992E34,0.28
"J0627+16","J0627+16",2.18,,0.458716," ","RRAT",,,,5.87
"J0633+1746","J0633+1746",0.2370994416923,1.097087E-14,4.217639623538," ","HE",342000.0,1.62999999E12,3.1999999191611994E34,0.25
"J0609+2130","J0609+2130",0.05569801392951,2.35E-19,17.953961540991," "," ",3.76E9,3.66E9,5.4000001910026175E31,1.82
"B0611+22","J0614+2229",0.33495996611,5.94494E-14,2.9854313983," "," ",89300.0,4.5200001E12,6.200000178068874E34,4.74
"B0626+24","J0629+2415",0.476622836038,1.99573E-15,2.098095022707," "," ",3780000.0,9.8700001E11,7.300000288523732E32,4.67
"B0531+21","J0534+2200",0.0333924123,4.20972E-13,29.946923," ","HE[cdt69,fhm+69,hjm+70]",1260.0,3.7900001E12,4.499999999999999E38,2.0
"B0525+21","J0528+2200",3.7455392503,4.0053E-14,0.266984253314," "," ",1480000.0,1.24000005E13,3.000000106112565E31,2.28
"J0453+1559","J0453+1559",0.04578181687295,1.8612E-18,21.842732951711,"DDH"," ",3.9E8,9.3400003E9,7.699999696342272E32,1.83
"J0517+22","J0517+22",0.222344,,4.497535," "," ",,,,1.1
"J0457+23","J0457+23",0.5049,,1.98059," "," ",,,,3.89
"B0540+23","J0543+2329",0.2459747688901,1.5422691E-14,4.06545762605," "," ",253000.0,1.96999997E12,4.1000000201165667E34,3.54
"J0546+2441","J0546+2441",2.84385038524,7.65E-15,0.351635938793," "," ",5890000.0,4.7200002E12,1.3000000080864989E31,3.16
"J0621+25","J0621+25",0.00272,,367.647059," "," ",,,,4.25
"J0611+30","J0611+30",1.41209,,0.7081702," "," ",,,,1.95
"J0538+2817","J0538+2817",0.14315825891177,3.6694515E-15,6.985276348019," ","HE[mkz+03]",618000.0,7.3299997E11,4.900000058114527E34,1.3
"J0554+3107","J0554+3107",0.464960965736,1.426028E-13,2.1507181757," ","NRAD",51700.0,8.2400001E12,5.599999800324438E34,
"J0540+3207","J0540+3207",0.5242708632083,4.4811E-16,1.907410978135," "," ",1.85E7,4.89999991E11,1.200000042445026E32,2.37
"J0605+37","J0605+37",0.00273,,366.300366,"BT"," ",,,,1.16
"B0609+37","J0612+3721",0.29798232657184,5.94681E-17,3.355903725917," "," ",7.94E7,1.34999998E11,8.899999556888358E31,1.49
"J0613+3731","J0613+3731",0.6191981811,3.2448E-15,1.61499182415," "," ",3020000.0,1.42999998E12,5.400000009103677E32,1.05
"J0610+37","J0610+37",0.443861,,2.25296," "," ",,,,1.88
"J0555+3948","J0555+3948",1.1469058,,0.87191119," "," ",,,,1.76
"J1226-32","J1226-32",6.192997,,0.16147271," ","RRAT",,,,3.51
"J1141-3322","J1141-3322",0.291467536511,4.6346E-16,3.4309138231," "," ",9960000.0,3.71999998E11,7.400000322377307E32,3.84
"J1141-3107","J1141-3107",0.538431789013,1.9602E-15,1.857245468053," "," ",4350000.0,1.04000002E12,4.999999873689374E32,2.72
"J1126-27","J1126-27",0.358161,,2.79204," ","RRAT",,,,2.1
"J1153-21","J1153-21",2.34348,,0.426716," ","RRAT",,,,2.76
"J1231-1411","J1231-1411",0.00368387871108,2.28E-20,271.4530196103,"BT","HE",2.56E9,2.93E8,1.79999996908009E34,0.45
"B1039-19","J1041-1942",1.386368074588,9.4485E-16,0.721309166253," "," ",2.32E7,1.16000005E12,1.3999999737279718E31,3.18
"B1309-12","J1311-1228",0.4475177112318,1.50859E-16,2.234548432167," "," ",4.7E7,2.62999998E11,6.599999778700292E31,2.3
"B1254-10","J1257-1027",0.6173076699955,3.627E-16,1.619937753256," "," ",2.7E7,4.79000003E11,6.100000064179765E31,2.22
"J1327-0755","J1327-0755",0.00267792319712,1.773E-20,373.42370426279,"ELL1"," ",2.39E9,2.2E8,3.59999993816018E34,2.17
"J1332-03","J1332-03",1.1064,,0.90383," ","RRAT",,,,2.07
"J1312+0051","J1312+0051",0.00423,,236.406619,"BT"," ",,,,1.15
"J1313+0931","J1313+0931",0.84893275073,8.0E-16,1.17794960689," "," ",1.68E7,8.3399999E11,5.2000000323459955E31,0.78
"J1301+0833","J1301+0833",0.00184,,543.478261,"BT"," ",,,,0.91
"B1257+12","J1300+1240",0.0062185319484,1.143341E-19,160.809658661835,"BT2P"," ",8.62E8,8.53E8,1.900000032037496E34,0.6
"B1016-16","J1018-1642",1.804694945768,1.74219E-15,0.554110267968," "," ",1.64E7,1.78999997E12,1.200000042445026E31,3.27
"J1024-0719","J1024-0719",0.00516220463952,1.8527E-20,193.71568347859," ","HE[egc+13]",4.41E9,3.13E8,5.30000019352883E33,1.1
"J1142+0119","J1142+0119",0.00507,,197.238659,"BT"," ",,,,2.04
"J1038+0032","J1038+0032",0.02885155795131,6.7E-20,34.66017334965," "," ",6.82E9,1.41E9,1.1000000085914504E32,2.36
"J1046+0304","J1046+0304",0.326271446035,1.242E-16,3.06493262635," "," ",4.16E7,2.04000002E11,1.400000019202707E32,2.25
"J0957-06","J0957-06",1.7237,,0.58015," ","RRAT",,,,2.99
"J1023+0038","J1023+0038",0.00168798744401,1.2E-20,592.42146827041,"ELL1","HE",2.23E9,1.44E8,9.800000116229054E34,1.37
"J1022+1001","J1022+1001",0.0164529299542,4.33375E-20,60.779447963614,"DD"," ",6.02E9,8.54E8,3.799999831244348E32,0.74
"B0950+08","J0953+0755",0.2530651649482,2.29758E-16,3.951551372963," ","HE[bwt+04]",1.75E7,2.43999998E11,5.600000076810828E32,0.26
"B1310+18","J1312+1810",0.033163166,,30.153936,"BT"," ",,,,17.2
"J1308+2127","J1308+2127",10.31252206,1.12E-13,0.09696948954," ","XINS,NRAD",1460000.0,3.43999995E13,4.0000000467443885E30,
"J1238+21","J1238+21",1.11859068945,1.4456E-15,0.89398205209," "," ",1.23E7,1.29000001E12,4.099999841855605E31,1.77
"J1246+22","J1246+22",0.47383,,2.110462," "," ",,,,1.77
"B1237+25","J1239+2453",1.3824491030388,9.60049E-16,0.723353935998," "," ",2.28E7,1.17000005E12,1.3999999737279718E31,0.84
"B1133+16","J1136+1551",1.187913065936,3.733837E-15,0.841812442909," "," ",5040000.0,2.12999995E12,8.799999704933722E31,0.35
"J1753-38","J1753-38",0.666804,,1.499691," ","RRAT",,,,6.99
"J1755-3716","J1755-3716",0.01278606928999,3.1E-20,78.2101189443,"ELL1"," ",6.52E9,6.38E8,5.9000001783715546E32,6.38
"B1813-36","J1817-3618",0.38701692095,2.0465E-15,2.5838663528," "," ",3000000.0,9.01E11,1.400000037392601E33,3.78
"J1809-3547","J1809-3547",0.860387839,1.2E-16,1.1622665438," "," ",1.14E8,3.25000004E11,7.400000185953102E30,13.02
"J1750-3703B","J1750-3703B",0.0060745420865,1.92E-20,164.6214621217,"BT"," ",5.02E9,3.45E8,3.399999986868351E33,13.8
"J1750-3703A","J1750-3703A",0.1116008373133,5.661E-18,8.96050624775,"BT"," ",3.12E8,2.54000005E10,1.5999999959603878E32,13.8
"J1750-3703C","J1750-3703C",0.02656867837497,-9.96E-19,37.63830424257," "," ",,,,13.8
"J1750-3703D","J1750-3703D",0.0051399367749,4.928E-19,194.55492232569," "," ",1.65E8,1.61E9,1.400000043213367E35,13.8
"J1754-3510","J1754-3510",0.392703893399,7.816E-16,2.546447888115," "," ",7960000.0,5.6100002E11,5.09999990754295E32,2.24
"J1754-3443","J1754-3443",0.361690595821,5.712E-16,2.76479402991," "," ",1.0E7,4.60000002E11,4.800000169780104E32,5.6
"J1743-35","J1743-35",0.56998,,1.75445," "," ",,,,4.01
"J1750-3503","J1750-3503",0.68401360292,3.81E-17,1.46195922966," "," ",2.84E8,1.62999992E11,4.7000000336083745E30,5.07
"J1801-3458","J1801-3458",1.3856036231,4.0E-16,0.72170711979," "," ",5.52E7,7.5100003E11,5.90000013289682E30,4.96
"J1802-3346","J1802-3346",2.461051995,1.32E-15,0.4063303019," "," ",2.95E7,1.81999999E12,3.4999999343199294E30,10.24
"J1803-3329","J1803-3329",0.633411983159,3.372E-16,1.57875131287," "," ",2.98E7,4.68000014E11,5.2000000323459955E31,6.01
"J1808-3249","J1808-3249",0.364912241765,7.0494E-15,2.74038490779," "," ",820000.0,1.61999998E12,5.699999746866522E33,5.06
"J1755-33","J1755-33",0.959466,,1.042246," "," ",,,,9.66
"J1751-3323","J1751-3323",0.5482271038,8.83E-15,1.8240615852," "," ",984000.0,2.23000003E12,2.0999999833293252E33,9.27
"J1801-3210","J1801-3210",0.00745358437347,-4.4E-23,134.16363857901,"ELL1"," ",,,,5.08
"J1759-3107","J1759-3107",1.07895331831,3.769E-15,0.92682415729," "," ",4540000.0,2.04000002E12,1.200000042445026E32,3.36
"J1825-33","J1825-33",1.2712,,0.78666," ","RRAT",,,,1.58
"B1820-31","J1823-3106",0.284054344967,2.92704E-15,3.52045310244," "," ",1540000.0,9.2299998E11,5.000000237487255E33,1.66
"J1825-31","J1825-31",2.382,,0.419815," "," ",,,,5.38
"B1820-30B","J1823-3021B",0.3785964921974,2.99E-17,2.641334562283," "," ",2.01E8,1.08000002E11,2.1999999262334305E31,12.1
"J1823-3021D","J1823-3021D",0.00302006026098,,331.119220673," "," ",,,,12.1
"B1820-30A","J1823-3021A",0.00544000416327,3.375E-18,183.82338873035," ","HE[faa+11]",2.55E7,4.3399997E9,8.29999968409538E35,12.1
"J1823-3021E","J1823-3021E",0.004394,,227.583068," "," ",,,,12.1
"J1823-3021F","J1823-3021F",0.00485,,206.185567," "," ",,,,12.1
"J1823-3021C","J1823-3021C",0.4059359629899,2.24E-16,2.4634427377," "," ",2.87E7,3.04999989E11,1.2999999853491314E32,12.1
"J1832-28","J1832-28",0.1993,,5.01756," "," ",,,,6.5
"J1812-3039","J1812-3039",0.58747677594,6.602E-16,1.70219494788," "," ",1.41E7,6.2999999E11,1.2999999853491314E32,4.61
"J1803-30","J1803-30",0.007101,,140.825236," "," ",,,,7.8
"J1803-3002B","J1803-3002B",0.004397,,227.427792," "," ",,,,7.8
"J1803-3002C","J1803-3002C",0.00584,,171.232877," "," ",,,,7.8
"J1805-2948","J1805-2948",0.4283409894,4.74E-16,2.3345886216," "," ",1.43E7,4.56000012E11,2.400000084890052E32,4.61
"J1812-2748","J1812-2748",0.236983307439,3.156E-16,4.21970648822," "," ",1.19E7,2.76999995E11,9.400000271853057E32,3.03
"B1813-26","J1816-2650",0.592885130439,6.6411E-17,1.686667363811," "," ",1.41E8,2.00999993E11,1.3000000080864989E31,3.61
"J1824-2537","J1824-2537",0.223320267185,4.4016E-16,4.47787391895," "," ",8040000.0,3.16999991E11,1.5999999595805998E33,5.48
"J1736-3511","J1736-3511",0.5028027829,1.57E-15,1.9888513628," "," ",5070000.0,8.9899998E11,4.899999839835799E32,2.72
"J1741-34","J1741-34",0.875137,,1.142678," "," ",,,,4.75
"J1738-3316","J1738-3316",0.73037251102,8.9E-17,1.36916434411," "," ",1.31E8,2.56999997E11,8.999999749903507E30,4.55
"J1737-3320","J1737-3320",0.81627308018,2.251E-15,1.22508021431," "," ",5750000.0,1.37000006E12,1.5999999959603878E32,14.08
"J1746-3239","J1746-3239",0.1995413598713,6.56093E-15,5.0114923575," ","NRAD",482000.0,1.16000005E12,3.2999999821186056E34,
"J1740-3327","J1740-3327",0.515000656402,3.8978E-15,1.94174509793," "," ",2090000.0,1.42999998E12,1.1000000085914504E33,4.72
"J1743-3153","J1743-3153",0.193105399932,1.05675E-14,5.17851909036," "," ",290000.0,1.44999999E12,5.799999926239251E34,8.03
"B1740-31","J1743-3150",2.41457551997,1.207753E-13,0.414151469577," "," ",317000.0,1.73000003E13,3.400000059627927E32,3.65
"J1730-3353","J1730-3353",3.2702418032,2.196E-14,0.30578778579," "," ",2360000.0,8.5700001E12,2.4999999368446872E31,4.23
"J1734-3333","J1734-3333",1.169340685,2.27941E-12,0.855182765," ","HE[oklk10]",8130.0,5.2200001E13,5.599999800324438E34,7.4
"J1733-3322","J1733-3322",1.24591463402,4.1E-15,0.80262320764," "," ",4810000.0,2.29000007E12,8.400000297115183E31,6.3
"B1727-33","J1730-3350",0.13946021125,8.482941E-14,7.1705039813," "," ",26000.0,3.47999987E12,1.1999999731779095E36,4.26
"J1731-3322","J1731-3322",0.54467054719,2.8093E-14,1.83597223158," "," ",307000.0,3.95999995E12,6.900000153109429E33,11.98
"J1735-3258","J1735-3258",0.35096322944,2.608E-14,2.8493013402," "," ",213000.0,3.0600001E12,2.4000001139938823E34,11.14
"B1735-32","J1738-3211",0.76849894548,7.94911E-16,1.301237959897," "," ",1.53E7,7.9099999E11,6.899999789311548E31,1.48
"J1739-3159","J1739-3159",0.87756123714,1.97E-16,1.13952161704," "," ",7.05E7,4.20999987E11,1.200000042445026E31,4.85
"J1737-3137","J1737-3137",0.45043236999,1.38756E-13,2.2200891113," "," ",51400.0,8.0E12,6.000000052154063E34,5.88
"B1736-31","J1739-3131",0.52944098843,1.85836E-14,1.8887846273," "," ",451000.0,3.16999991E12,4.9000000581145276E33,7.68
"J1738-3107","J1738-3107",0.54949769829,3.0E-16,1.8198438376," "," ",2.94E7,4.08000004E11,7.000000096013535E31,10.76
"J1740-3052","J1740-3052",0.570313411724,2.5504275E-14,1.753421854445,"MSS"," ",354000.0,3.85999988E12,5.399999790824949E33,10.84
"J1732-3131","J1732-3131",0.196543154965,2.80483E-14,5.08794112," ","HE",111000.0,2.37999987E12,1.4999999664723868E35,0.8
"J1734-3058","J1734-3058",0.54128568073,1.62E-17,1.847453268395," "," ",5.29E8,9.4800003E10,4.0000000467443885E30,4.37
"J1737-3102","J1737-3102",0.76867227339,3.7334E-14,1.30094454375," "," ",326000.0,5.4200002E12,3.1999999191611997E33,4.44
"J1739-3049","J1739-3049",0.239317178406,2.1781E-15,4.1785550317," "," ",1740000.0,7.3100001E11,6.300000241026281E33,6.97
"B1747-31","J1750-3157",0.91036298415,1.9652E-16,1.09846293996," "," ",7.34E7,4.27999986E11,9.999999974752424E30,4.43
"J1744-3130","J1744-3130",1.06606087128,2.1224E-14,0.93803273991," "," ",796000.0,4.81E12,6.900000153109429E32,3.64
"J1748-30","J1748-30",0.3827347,,2.612776," "," ",,,,11.09
"J1748-3009","J1748-3009",0.009684273,,103.2602,"BT"," ",,,,5.96
"J1754-30","J1754-30",1.32049,,0.757295," ","RRAT",,,,5.47
"B1746-30","J1749-3002",0.609873648673,7.87067E-15,1.63968389547," "," ",1230000.0,2.22000002E12,1.400000037392601E33,9.05
"B1742-30","J1745-3040",0.367428753855,1.066784E-14,2.72161606708," "," ",546000.0,1.99999999E12,8.50000011269003E33,0.2
"J1747-2958","J1747-2958",0.0988139764825,6.132329E-14,10.120025887," "," ",25500.0,2.48999995E12,2.4999999999999993E36,2.49
"J1741-3016","J1741-3016",1.89374869377,8.99E-15,0.52805316951," "," ",3340000.0,4.18000011E12,5.2000000323459955E31,5.02
"J1739-3023","J1739-3023",0.11436793182,1.140145E-14,8.743709745," ","HE[lsg+15]",159000.0,1.16000005E12,2.9999999329447736E35,3.41
"B1737-30","J1740-3015",0.60688662425,4.66124E-13,1.6477542263," "," ",20600.0,1.69999996E13,8.200000040233133E34,0.4
"J1738-2955","J1738-2955",0.4433980218,8.1861E-14,2.2553100166," "," ",85800.0,6.1000002E12,3.700000001117586E34,3.91
"J1741-2945","J1741-2945",0.223557828541,6.342E-16,4.4731155537," "," ",5580000.0,3.80999991E11,2.2000000171829008E33,4.66
"J1745-2910","J1745-2910",0.982,,1.01833," "," ",,,,15.23
"J1751-2857","J1751-2857",0.00391487319637,1.126E-20,255.43611500048,"BT"," ",5.51E9,2.12E8,7.39999988581985E33,1.44
"J1750-28","J1750-28",1.3005131462,5.78E-15,0.7689272522," "," ",3560000.0,2.76999989E12,9.999999747378749E31,5.19
"J1752-2821","J1752-2821",0.64022949952,3.468E-15,1.56193989928," "," ",2930000.0,1.51000003E12,5.1999999413965254E32,7.62
"J1745-2912","J1745-2912",0.1873794,,5.336766," "," ",,,,18.53
"J1746-2856","J1746-2856",0.945224316,1.25E-14,1.057949931," "," ",1200000.0,3.47999987E12,5.800000144517979E32,21.77
"J1745-2900","J1745-2900",3.76373308,1.756E-11,0.2656936554," ","AXP,HE",3400.0,2.60000006E14,1.3000000035390254E34,8.3
"J1746-2850","J1746-2850",1.077101491,1.34311E-12,0.9284176174," "," ",12700.0,3.8499999E13,4.1999998502433285E34,12.86
"J1746-2849","J1746-2849",1.478480373,1.27E-14,0.6763701556," "," ",1840000.0,4.37999999E12,1.5999999959603878E32,30.0
"J1747-2809","J1747-2809",0.052152855,1.5557E-13,19.1744057," "," ",5310.0,2.87999997E12,4.300000190734862E37,17.55
"J1747-2802","J1747-2802",2.7800791979,2.37E-15,0.35970198286," "," ",1.86E7,2.59000002E12,4.3000000005122265E30,11.78
"J1724-3149","J1724-3149",0.9482369741,7.25E-15,1.05458870231," "," ",2070000.0,2.65000006E12,3.400000059627927E32,10.5
"J1726-31","J1726-31",0.12347018,,8.099122," "," ",,,,4.82
"J1731-3123","J1731-3123",0.753047989,1.679E-15,1.32793661839," "," ",7110000.0,1.14000003E12,1.5999999959603878E32,5.32
"J1733-3030","J1733-3030",0.36205196286,1.6485E-15,2.76203446627," "," ",3480000.0,7.82E11,1.400000037392601E33,14.18
"J1727-2946","J1727-2946",0.02708318324401,2.4632E-19,36.923281543033,"BT"," ",1.74E9,2.60999987E9,4.899999839835799E32,1.62
"B1717-29","J1720-2933",0.6204483653468,7.45999E-16,1.611737665617," "," ",1.32E7,6.8800001E11,1.200000042445026E32,1.43
"J1730-2900","J1730-2900",1.5384267263,8.85E-15,0.65001470845," "," ",2750000.0,3.73000005E12,9.600000339560208E31,6.85
"J1723-2852","J1723-2852",0.6250339127,9.0E-16,1.599913188," "," ",1.1E7,7.5900001E11,1.4999999621068123E32,4.63
"J1725-2852","J1725-2852",1.257787625,1.99E-15,0.795046779," "," ",1.0E7,1.59999997E12,3.9999999899009695E31,4.09
"J1723-2837","J1723-2837",0.00185573279573,7.5E-21,538.870683485,"ELL1"," ",3.9E9,1.2E8,4.699999932199715E34,1.0
"J1727-2739","J1727-2739",1.29309994235,1.1E-15,0.77333543004," "," ",1.86E7,1.20999995E12,1.9999999949504848E31,3.75
"B1736-29","J1739-2903",0.322882431774,7.8798E-15,3.09710254134," "," ",649000.0,1.60999997E12,9.200000204145905E33,3.19
"J1736-2843","J1736-2843",6.4450360861,2.999E-14,0.15515816927," "," ",3400000.0,1.41000001E13,4.400000079840537E30,5.47
"J1733-2837","J1733-2837",0.76818455674,1.108E-15,1.30177050713," "," ",1.1E7,9.3299999E11,9.600000339560208E31,4.66
"J1736-2819","J1736-2819",1.59241948019,1.4921E-14,0.6279752367," "," ",1690000.0,4.9300001E12,1.4999999621068123E32,4.86
"J1738-2736","J1738-2736",0.627715518484,4.6243E-15,1.59307834609," "," ",2150000.0,1.72000005E12,7.400000322377307E32,5.91
"J1746-27","J1746-27",0.48752760873,,2.051165887," "," ",,,,5.35
"J1741-2733","J1741-2733",0.89295866978,1.48E-16,1.11987265911," "," ",9.59E7,3.66999994E11,8.200000252145398E30,3.33
"J1741-2719","J1741-2719",0.346796929142,8.1E-17,2.88353187692," "," ",6.82E7,1.68999993E11,7.6000001172360475E31,5.74
"J1738-2647","J1738-2647",0.34959099098,3.153E-15,2.8604856126," "," ",1760000.0,1.05999997E12,2.8999999631196254E33,3.88
"J1740-2540","J1740-2540",1.6926563404,1.851E-15,0.59078737729," "," ",1.45E7,1.78999997E12,1.5000000530562825E31,8.26
"J1736-2457","J1736-2457",2.64222343904,3.43E-15,0.378469127638," "," ",1.22E7,3.05000009E12,7.300000106624791E30,4.34
"J1759-2922","J1759-2922",0.574400267809,4.62847E-15,1.740946263509," "," ",1970000.0,1.65E12,9.600000339560208E32,1.92
"B1758-29","J1801-2920",1.081908474227,3.2931E-15,0.924292603138," "," ",5210000.0,1.91000006E12,9.999999747378749E31,3.27
"J1758-2846","J1758-2846",0.76670638621,9.4E-17,1.3042802538," "," ",1.29E8,2.71999992E11,8.200000252145398E30,1.71
"J1804-28","J1804-28",1.273011,,0.785539," "," ",,,,4.8
"B1804-27","J1807-2715",0.827776461518,1.217251E-14,1.208055612219," "," ",1080000.0,3.20999994E12,8.499999967170877E32,9.63
"J1808-2701","J1808-2701",2.45788177758,6.5818E-14,0.406854393535," "," ",592000.0,1.29000003E13,1.7000000298139635E32,2.45
"J1804-2717","J1804-2717",0.0093430306857,4.089E-20,107.03165103913,"BT"," ",3.62E9,6.25E8,1.9999999494757496E33,1.17
"B1800-27","J1803-2712",0.334415426505,1.7113E-17,2.990292674144,"BT"," ",3.1E8,7.6600001E10,1.7999999499807014E31,3.62
"B1749-28","J1752-2806",0.56255763553,8.12913E-15,1.77759563969," "," ",1100000.0,2.15999998E12,1.800000027287751E33,0.2
"J1757-27","J1757-27",0.01768721477177,2.1E-19,56.5380142043," "," ",1.33E9,1.95E9,1.5000000712461764E33,5.42
"J1755-2725","J1755-2725",0.26195467832,1.4E-17,3.8174542497," "," ",3.02E8,6.07E10,3.000000106112565E31,2.83
"J1758-2630","J1758-2630",1.20289346322,5.17E-15,0.8313288172," "," ",3690000.0,2.51999997E12,1.200000042445026E32,4.99
"J1756-2619","J1756-2619",0.72451374873,1.238E-15,1.3802360573," "," ",9270000.0,9.5800001E11,1.2999999853491314E32,7.74
"J1758-2540","J1758-2540",2.1072633712,1.55E-15,0.47454913024," "," ",2.15E7,1.83E12,6.600000119760805E30,3.85
"J1755-26","J1755-26",0.43087215605,1.228E-14,2.3208740364," "," ",556000.0,2.3300001E12,6.099999882280825E33,5.17
"J1755-25","J1755-25",0.31519598238,,3.1726292716,"DD"," ",,,,11.04
"J1756-25","J1756-25",0.855986,,1.168243," "," ",,,,10.39
"J1759-2549","J1759-2549",0.95654854873,9.9592E-14,1.04542524405," "," ",152000.0,9.8799997E12,4.499999922700225E33,5.94
"J1813-2621","J1813-2621",0.00443001162863,1.2466E-20,225.73304176818,"ELL1"," ",5.63E9,2.38E8,5.699999746866522E33,3.37
"J1807-2557","J1807-2557",2.76419486975,4.994E-15,0.361768994995," ","RRAT",8770000.0,3.76000007E12,9.299999987888438E30,11.21
"J1812-2526","J1812-2526",0.315835048197,1.775E-16,3.16620972153," "," ",2.82E7,2.40000008E11,2.2000000171829007E32,14.71
"J1811-2439","J1811-2439",0.415812941402,2.972E-16,2.40492755379," "," ",2.22E7,3.56000006E11,1.5999999959603878E32,3.85
"J1805-2447","J1805-2447",0.661401759025,5.8E-18,1.51194033937," "," ",1.8E9,6.2799999E10,7.900000298377561E29,4.79
"J1807-2459B","J1807-2459B",0.00418617720284,8.23245E-20,238.881430848499,"DD"," ",8.06E8,5.94E8,4.399999976158141E34,2.79
"J1807-2459A","J1807-2459A",0.00305944879802,-4.3352E-21,326.856262685978,"BT"," ",,,,2.79
"B1757-24","J1801-2451",0.124924206569,1.279057E-13,8.0048537226," "," ",15500.0,4.04000001E12,2.5999999046325675E36,4.61
"J1802-2426","J1802-2426",0.56900709018,8.562E-15,1.75744734512," "," ",1050000.0,2.23000003E12,1.800000027287751E33,12.13
"J1811-2405","J1811-2405",0.00266059331684,1.33774E-20,375.856014397575,"ELL1"," ",3.15E9,1.91E8,2.799999900162219E34,1.7
"J1809-2332","J1809-2332",0.146788548116,3.44207E-14,6.8125205463," ","NRAD",67600.0,2.27000005E12,4.300000146031379E35,
"J1813-2242","J1813-2242",0.328514216183,4.78E-17,3.04400829778," "," ",1.09E8,1.27000003E11,5.299999884300631E31,6.78
"J1747-2647","J1747-2647",0.500254454491,1.32412E-14,1.99898269975," "," ",599000.0,2.60000003E12,4.1999999666586504E33,8.44
"J1749-2629","J1749-2629",1.33538779057,1.72E-15,0.74884614571," "," ",1.23E7,1.53000005E12,2.7999999474559435E31,5.28
"J1750-2536","J1750-2536",0.034749053,,28.777763,"BT"," ",,,,3.51
"J1748-2444","J1748-2444",0.44283849913,1.1131E-16,2.2581595818," "," ",6.3E7,2.24999997E11,5.10000018039136E31,3.89
"J1755-2534","J1755-2534",0.233540625445,1.12061E-14,4.28191025905," "," ",330000.0,1.64E12,3.5000001080334175E34,7.22
"J1755-2521","J1755-2521",1.1759678772,9.0193E-14,0.850363364," "," ",207000.0,1.04000001E13,2.2000000171829008E33,4.12
"J1755-25211","J1755-25211",1.00451255339,3.12081E-14,0.99550771827," "," ",510000.0,5.6700001E12,1.1999999696854499E33,11.52
"J1751-2516","J1751-2516",0.39483578357,2.645E-15,2.5326985081," "," ",2370000.0,1.03000002E12,1.6999999934341754E33,7.46
"B1750-24","J1753-2501",0.52833640936,1.411502E-14,1.89273345976," "," ",593000.0,2.75999988E12,3.800000122282653E33,10.18
"B1753-24","J1756-2435",0.6704799625529,2.8474E-16,1.491468881773," "," ",3.73E7,4.42000015E11,3.6999999792897132E31,4.96
"B1754-24","J1757-2421",0.234100571494,1.29192E-14,4.2716683416," "," ",287000.0,1.75999995E12,4.000000189989804E34,3.51
"J1750-2444","J1750-2444",0.8993767214,2.64E-16,1.11188112412," "," ",5.4E7,4.92999999E11,1.3999999737279718E31,5.03
"J1750-2438","J1750-2438",0.712794036774,1.0797E-14,1.40292980638," "," ",1050000.0,2.80999992E12,1.1999999696854499E33,7.15
"J1754-2422","J1754-2422",2.0902480768,8.3E-16,0.47841211342," "," ",3.99E7,1.33000004E12,3.6000000136482405E30,11.43
"J1752-2410","J1752-2410",0.1910366935341,6.1773E-16,5.23459646155," "," ",4900000.0,3.47999994E11,3.499999875202774E33,7.42
"J1743-2442","J1743-2442",1.24250830909,4.72E-16,0.80482359167," "," ",4.17E7,7.7500003E11,9.699999736767492E30,4.96
"J1748-2446J","J1748-2446J",0.08033793,,12.447421,"BT"," ",,,,5.5
"J1748-2446K","J1748-2446K",0.00296965,,336.74002," "," ",,,,5.5
"J1748-2446L","J1748-2446L",0.0022447,,445.49383," "," ",,,,5.5
"J1748-2446I","J1748-2446I",0.00957019,,104.491133,"BT"," ",,,,5.5
"J1748-2446aa","J1748-2446aa",0.00578804,,172.770057," "," ",,,,5.5
"J1748-2446ab","J1748-2446ab",0.00511971,,195.323563," "," ",,,,5.5
"J1748-2446ac","J1748-2446ac",0.00508691,,196.582994," "," ",,,,5.5
"J1748-2446ad","J1748-2446ad",0.00139595482,0.0,716.35556,"ELL1"," ",,,,5.5
"J1748-2446ae","J1748-2446ae",0.00365859,,273.329343,"BT"," ",,,,4.41
"J1748-2446af","J1748-2446af",0.00330434,,302.632296," "," ",,,,5.5
"J1748-2446ag","J1748-2446ag",0.00444803,,224.818628," "," ",,,,5.5
"J1748-2446ah","J1748-2446ah",0.00496515,,201.403784," "," ",,,,5.5
"J1748-2446ai","J1748-2446ai",0.02122838,,47.10675,"BT"," ",,,,5.5
"J1748-2446D","J1748-2446D",0.00471398,,212.134969," "," ",,,,8.7
"J1748-2446E","J1748-2446E",0.0021978,,455.000455,"BT"," ",,,,5.5
"J1748-2446F","J1748-2446F",0.00554014,,180.500854," "," ",,,,5.5
"J1748-2446G","J1748-2446G",0.02167187,,46.142765," "," ",,,,5.5
"J1748-2446H","J1748-2446H",0.00492589,,203.008999," "," ",,,,5.5
"J1748-2446M","J1748-2446M",0.00356957,,280.145788,"BT"," ",,,,5.5
"J1748-2446N","J1748-2446N",0.0086669,,115.381509,"BT"," ",,,,5.5
"J1748-2446O","J1748-2446O",0.00167663,,596.434514,"BT"," ",,,,5.5
"J1748-2446P","J1748-2446P",0.00172862,,578.496141,"BT"," ",,,,4.41
"J1748-2446Q","J1748-2446Q",0.002812,,355.618777,"BT"," ",,,,5.5
"J1748-2446R","J1748-2446R",0.00502854,,198.864879," "," ",,,,5.5
"J1748-2446S","J1748-2446S",0.00611664,,163.488451," "," ",,,,5.5
"J1748-2446T","J1748-2446T",0.00708491,,141.145053," "," ",,,,5.5
"J1748-2446U","J1748-2446U",0.00328914,,304.030841,"BT"," ",,,,5.5
"J1748-2446V","J1748-2446V",0.00207251,,482.506719,"BT"," ",,,,5.5
"J1748-2446W","J1748-2446W",0.00420518,,237.801949,"BT"," ",,,,5.5
"J1748-2446X","J1748-2446X",0.00299926,,333.415576,"BT"," ",,,,5.5
"J1748-2446Y","J1748-2446Y",0.00204816,,488.243106,"BT"," ",,,,5.5
"J1748-2446Z","J1748-2446Z",0.00246259,,406.076529,"BT"," ",,,,5.5
"J1748-2446C","J1748-2446C",0.0084360953044,-6.06E-19,118.5382530563," "," ",,,,5.5
"B1744-24A","J1748-2446A",0.01156314838986,-3.4E-20,86.4816368591,"BT"," ",,,,5.5
"J1749-2347","J1749-2347",0.8744858817,2.4236E-15,1.14352903909," "," ",5720000.0,1.47000001E12,1.400000019202707E32,6.1
"J1744-2335","J1744-2335",1.68350668862,8.327E-16,0.593998234019," "," ",3.2E7,1.19999994E12,6.899999789311548E30,2.45
"J1759-24","J1759-24",1.457739,,0.685994," "," ",,,,10.78
"B1757-23","J1800-2343",1.03082,,0.970101," "," ",,,,4.38
"B1758-23","J1801-2304",0.4158270895435,1.1293023E-13,2.4048457283," "," ",58300.0,6.93E12,6.200000178068874E34,4.0
"J1756-2251","J1756-2251",0.028461589026,1.017502E-18,35.135072714547,"DD"," ",4.43E8,5.4499999E9,1.6999999934341754E33,0.73
"J1759-2307","J1759-2307",0.55888867754,3.762E-15,1.78926509015," "," ",2350000.0,1.47000001E12,8.499999967170877E32,11.2
"J1759-2302","J1759-2302",0.81071772906,1.0744E-14,1.23347493727," "," ",1200000.0,2.99000005E12,7.999999797902999E32,11.88
"J1804-2228","J1804-2228",0.57051063348,1.43E-16,1.7528157081," "," ",6.31E7,2.88999997E11,3.000000106112565E31,5.33
"J1801-2154","J1801-2154",0.375296924221,1.59982E-14,2.66455687607," "," ",372000.0,2.47999994E12,1.2000000569969412E34,5.16
"J1803-2149","J1803-2149",0.106332094095,1.951385E-14,9.4044983174," ","NRAD",86300.0,1.46E12,6.4000003039836864E35,
"J1806-2125","J1806-2125",0.481789349,1.214E-13,2.075595904," "," ",62900.0,7.7399998E12,4.300000146031379E34,10.02
"B1800-21","J1803-2137",0.13366692025028,1.34359375E-13,7.481282565107," ","HE",15800.0,4.28999993E12,2.1999999880790706E36,4.4
"J1753-2240","J1753-2240",0.0951378086771,9.7E-19,10.51106824831,"BT"," ",1.55E9,9.7200005E9,4.399999852466861E31,3.46
"J1757-2223","J1757-2223",0.1853101015788,7.82E-16,5.39635989339," "," ",3750000.0,3.85000014E11,4.9000000581145276E33,4.11
"J1756-2225","J1756-2225",0.40498030096,5.2691E-14,2.4692559061," "," ",122000.0,4.6699999E12,3.100000089034437E34,5.02
"J1758-2206","J1758-2206",0.430278250497,9.56E-16,2.32407749833," "," ",7130000.0,6.4899999E11,4.700000135926529E32,11.38
"B1756-22","J1759-2205",0.460974127869,1.087242E-14,2.16931914297," "," ",672000.0,2.27000005E12,4.4000000343658016E33,3.54
"J1802-2124","J1802-2124",0.01264759358652,7.256E-20,79.06642422995,"ELL1"," ",2.76E9,9.69E8,1.400000037392601E33,3.33
"J1801-2115","J1801-2115",0.4381131572,1.6E-17,2.2825153353," "," ",4.46E8,8.3499999E10,7.300000106624791E30,12.26
"J1800-2114","J1800-2114",1.7992724923,5.5E-16,0.55578018576," "," ",5.18E7,1.01E12,3.700000092976551E30,11.18
"J1759-1956","J1759-1956",2.8433888097,1.857E-14,0.35169302087," "," ",2430000.0,7.3499998E12,3.2000000373955108E31,4.44
"J1759-1940","J1759-1940",0.254720352269,9.34E-17,3.92587396764," "," ",4.32E7,1.55999994E11,2.2000000171829007E32,5.24
"B1857-26","J1900-2600",0.6122092044383,2.04534E-16,1.633428561267," "," ",4.74E7,3.58000001E11,3.5000000480067675E31,0.7
"J1852-2610","J1852-2610",0.33633713162,8.7706E-17,2.973207255421," "," ",6.08E7,1.73999997E11,9.10000017029233E31,2.26
"B1821-24A","J1824-2452A",0.00305431559227,1.618836E-18,327.40559048006," ","HE[skk+97,bvs+11]",2.99E7,2.24999987E9,2.1999999880790706E36,5.5
"J1824-2452B","J1824-2452B",0.006547,,152.741714," "," ",,,,5.5
"J1824-2452C","J1824-2452C",0.004159,,240.442414,"BT"," ",,,,5.5
"J1824-2452D","J1824-2452D",0.079832,,12.526305,"BT"," ",,,,5.5
"J1824-2452E","J1824-2452E",0.00542,,184.501845," "," ",,,,5.5
"J1824-2452F","J1824-2452F",0.002451,,407.996736," "," ",,,,5.5
"J1824-2452G","J1824-2452G",0.005909,,169.233373,"BT"," ",,,,5.5
"J1824-2452H","J1824-2452H",0.004629,,216.02938,"BT"," ",,,,5.5
"J1824-2452I","J1824-2452I",0.003931852642,0.0,254.33303103,"BT","HE",,,,5.5
"J1824-2452J","J1824-2452J",0.004039,,247.586036,"BT"," ",,,,5.5
"J1824-2452K","J1824-2452K",0.004461,,224.164985,"BT"," ",,,,5.5
"J1824-2452L","J1824-2452L",0.0041,,243.902439,"BT"," ",,,,5.5
"J1836-2354A","J1836-2354A",0.00335433608291,2.318E-21,298.121588082968,"BT"," ",2.29E10,8.92E7,2.3999999393708998E33,3.2
"J1836-2354B","J1836-2354B",0.00323227396916,-4.8E-22,309.3797151921," "," ",,,,3.2
"J1858-2216","J1858-2216",0.00238,,420.168067,"BT"," ",,,,1.35
"B1845-19","J1848-1952",4.30818959857,2.328195E-14,0.232116061079," "," ",2930000.0,1.01000004E13,1.0999999631167153E31,0.95
"J1901-1740","J1901-1740",1.95685759005,8.23E-16,0.5110233903," "," ",3.77E7,1.28E12,4.3000000005122265E30,1.27
"J1904-16","J1904-16",1.541,,0.648929," "," ",,,,9.86
"J1907-1532","J1907-1532",0.63223532885,3.084E-15,1.58168952978," "," ",3250000.0,1.40999996E12,4.800000169780104E32,3.09
"J1824-2328","J1824-2328",1.50587455169,1.74E-15,0.664065940204," "," ",1.37E7,1.64E12,1.9999999949504848E31,5.76
"B1819-22","J1822-2256",1.874268518252,1.35439E-15,0.533541480456," "," ",2.19E7,1.60999997E12,8.100000172817087E30,3.43
"J1824-2233","J1824-2233",1.16174310971,3.01E-16,0.860775494718," "," ",6.12E7,5.9800001E11,7.599999776175535E30,4.26
"J1828-2119","J1828-2119",0.514523069504,1.2668E-15,1.94354745058," "," ",6440000.0,8.1700002E11,3.7000001611886535E32,12.56
"B1814-23","J1817-2311",0.62547,,1.5988," "," ",,,,5.61
"J1838-1849","J1838-1849",0.48824200896,4.0E-17,2.04816460208," "," ",1.93E8,1.40999999E11,1.3999999737279718E31,6.3
"J1837-1837","J1837-1837",0.618357697387,5.495E-15,1.61718695219," "," ",1780000.0,1.87000003E12,9.200000204145905E32,3.04
"B1821-19","J1824-1945",0.189334989945,5.23126E-15,5.281643928," "," ",573000.0,1.01E12,3.0000000260770315E34,3.7
"J1834-1855","J1834-1855",1.46565577133,1.931E-15,0.68228844696," "," ",1.2E7,1.70000004E12,2.400000084890052E31,6.21
"J1812-2102","J1812-2102",1.22335230807,2.3893E-14,0.81742601326," "," ",811000.0,5.47E12,5.1999999413965254E32,9.62
"J1813-2113","J1813-2113",0.426466240565,2.081E-15,2.34485149088," "," ",3250000.0,9.53E11,1.1000000085914504E33,8.75
"B1806-21","J1809-2109",0.702413629135,3.82187E-15,1.423662580739," "," ",2910000.0,1.66000001E12,4.4000000343658014E32,5.2
"B1805-20","J1808-2057",0.918410326286,1.707608E-14,1.088837931564," "," ",852000.0,4.00999999E12,8.700000034878028E32,7.35
"J1808-2024","J1808-2024",7.55592,5.49E-10,0.1323466," ","AXP,NRAD",218.0,2.06E15,4.99999988824129E34,13.0
"J1810-2005","J1810-2005",0.03282224486002,1.4742E-19,30.467142155106,"ELL1"," ",3.53E9,2.23000013E9,1.5999999959603878E32,4.05
"J1809-2004","J1809-2004",0.43481138633,7.28E-15,2.2998477764," "," ",946000.0,1.79999998E12,3.499999875202774E33,10.91
"J1817-1938","J1817-1938",2.0468376289,3.6E-16,0.48855853824," "," ",9.01E7,8.6900002E11,1.7000000696043568E30,10.74
"J1811-1925","J1811-1925",0.064667,4.4E-14,15.463838," ","NRAD",23300.0,1.71000005E12,6.399999856948851E36,5.0
"J1812-1910","J1812-1910",0.43099098078,3.774E-14,2.3202341687," "," ",181000.0,4.08000004E12,1.900000032037496E34,11.54
"J1815-1910","J1815-1910",1.24992353738,3.63E-14,0.80004893907," "," ",546000.0,6.8200002E12,7.300000288523732E32,7.69
"J1805-2037","J1805-2037",0.357806774953,1.7555E-15,2.79480454257," "," ",3230000.0,8.0200001E11,1.5000000712461764E33,9.26
"J1805-2032","J1805-2032",0.4057694879,8.394E-15,2.4644534146," "," ",766000.0,1.87000003E12,5.000000237487255E33,11.87
"J1809-1943","J1809-1943",5.54035372,7.77E-12,0.180493891," ","AXP,HE",11300.0,2.09999993E14,1.800000027287751E33,3.6
"J1809-1917","J1809-1917",0.082746885746,2.553546E-14,12.0850469596," "," ",51300.0,1.47000001E12,1.8000000715255733E36,3.71
"J1803-1920","J1803-1920",0.443648922251,3.297E-16,2.25403455265," "," ",2.13E7,3.87000009E11,1.4999999621068123E32,6.46
"J1801-1909","J1801-1909",1.1087248496,7.03E-16,0.90193703186," "," ",2.5E7,8.9300002E11,1.9999999949504848E31,4.81
"J1806-1920","J1806-1920",0.8797908756,1.7E-17,1.1366337475," "," ",8.19E8,1.24000002E11,9.899999753315567E29,10.16
"J1803-1857","J1803-1857",2.86433773648,1.517E-14,0.349120841186," "," ",2990000.0,6.6699998E12,2.4999999368446872E31,5.88
"J1809-1850","J1809-1850",1.12448108944,1.0575E-14,0.8892990815," "," ",1680000.0,3.48999988E12,2.9000000722589896E32,7.06
"J1811-1835","J1811-1835",0.557463612,6.315E-15,1.7938390569," "," ",1400000.0,1.90000005E12,1.400000037392601E33,9.36
"J1810-1820","J1810-1820",0.153716278369,5.2E-17,6.5054918751," "," ",4.66E7,9.0699997E10,5.700000110664403E32,5.59
"J1813-1749","J1813-1749",0.0446993053,1.2655E-13,22.37171236," ","NRAD",5600.0,2.40999989E12,5.599999904632567E37,4.7
"J1814-1744","J1814-1744",3.975905188,7.447E-13,0.251515052," "," ",84600.0,5.5100001E13,4.700000135926529E32,9.77
"J1811-1736","J1811-1736",0.1041819547968,9.01E-19,9.59859125268,"BT"," ",1.83E9,9.7999995E9,3.0999999580672002E31,5.93
"B1809-176","J1812-1733",0.538340543302,9.8245E-16,1.85756026077," "," ",8680000.0,7.3600002E11,2.499999936844687E32,6.32
"B1809-173","J1812-1718",1.20537444137,1.9077E-14,0.82961772349," "," ",1000000.0,4.8500001E12,4.300000000512226E32,4.2
"J1811-1717","J1811-1717",0.39138510099,1.2E-16,2.5550282764," "," ",5.17E7,2.18999996E11,7.900000127847304E31,7.03
"J1823-1807","J1823-1807",1.63679245172,2.8E-16,0.61095100906," "," ",9.31E7,6.83E11,2.499999993688106E30,6.64
"B1817-18","J1820-1818",0.3099045934277,9.3609E-17,3.22679954156," "," ",5.25E7,1.72000002E11,1.200000042445026E32,8.43
"B1826-17","J1829-1751",0.307132975823,5.55174E-15,3.25591870206," "," ",877000.0,1.32000003E12,7.600000244565306E33,5.49
"J1815-1738","J1815-1738",0.1984357331818,7.785293E-14,5.03941494793," "," ",40400.0,3.97999997E12,3.900000080466269E35,9.01
"B1813-17","J1816-1729",0.7823133599,7.2621E-15,1.27826015924," "," ",1710000.0,2.40999989E12,5.9999998484272494E32,6.48
"J1819-1717","J1819-1717",0.39352163764,3.455E-15,2.5411563288," "," ",1800000.0,1.18000006E12,2.2000000171829008E33,5.87
"J1819-17","J1819-17",2.352135,,0.425146," "," ",,,,1.85
"J1814-1649","J1814-1649",0.95746393536,6.333E-15,1.04442576171," "," ",2400000.0,2.48999995E12,2.800000038405414E32,9.62
"J1822-1617","J1822-1617",0.8311557274,1.885E-15,1.2031439681," "," ",6990000.0,1.26999999E12,1.2999999853491314E32,11.64
"J1822-1604","J1822-1604",8.43772106,2.1E-14,0.1185154135," ","AXP,NRAD",6260000.0,1.36000003E13,1.399999973727972E30,
"J1826-1526","J1826-1526",0.382072812116,1.085E-15,2.61730216935," "," ",5580000.0,6.5100002E11,7.699999696342272E32,10.87
"J1818-1556","J1818-1556",0.952708902877,7.062E-16,1.04963855904," "," ",2.14E7,8.3000001E11,3.2000000373955108E31,4.01
"J1820-1529","J1820-1529",0.333242850831,3.79072E-14,3.00081456363," "," ",139000.0,3.59999996E12,4.000000189989804E34,9.6
"J1818-1541","J1818-1541",0.55113377674,9.676E-15,1.81444150622," "," ",902000.0,2.3400001E12,2.3000000510364764E33,8.24
"J1819-1510","J1819-1510",0.226538990075,7.9E-18,4.41425116122," "," ",4.57E8,4.2700001E10,2.7000000955013087E31,5.61
"J1823-1526","J1823-1526",1.6254054724,4.52E-15,0.61523110201," "," ",5700000.0,2.74000013E12,4.2000001485575915E31,9.17
"J1824-1500","J1824-1500",0.41222995857,7.58E-16,2.4258304842," "," ",8620000.0,5.6600003E11,4.300000000512226E32,8.3
"J1834-1710","J1834-1710",0.358306049291,4.69E-17,2.79091017854," "," ",1.21E8,1.31000001E11,3.9999999899009695E31,3.53
"J1843-1507","J1843-1507",0.583550377362,7.1999E-15,1.713648107847," "," ",1280000.0,2.07000004E12,1.400000037392601E33,9.05
"J1854-1557","J1854-1557",3.4532,4.52E-15,0.289586," ","RRAT",1.21E7,3.99999998E12,4.3000000005122265E30,11.75
"B1851-14","J1854-1421",1.146594847118,4.16118E-15,0.872147648765," "," ",4370000.0,2.21000001E12,1.1000000085914504E32,5.23
"J1848-1414","J1848-1414",0.297769547307,1.409E-17,3.35830177748," "," ",3.35E8,6.55E10,2.1000000742787957E31,4.39
"J1835-1548","J1835-1548",0.67048566238,1.74E-15,1.49145620273," "," ",6110000.0,1.08999999E12,2.3000000510364764E32,15.04
"J1843-1448","J1843-1448",0.00547133087551,6.209E-21,182.77088751407," "," ",1.4E10,1.87E8,1.5000000712461764E33,3.42
"J1840-1419","J1840-1419",6.5975626227,6.33E-15,0.15157112667," ","RRAT",1.65E7,6.54E12,8.699999654027121E29,1.01
"J1841-1404","J1841-1404",1.3345572305,6.4E-16,0.7493121892," "," ",3.3E7,9.3600003E11,1.0999999631167153E31,10.85
"J1831-1423","J1831-1423",0.507945195243,1.0947E-15,1.96871632878," "," ",7350000.0,7.5500002E11,3.3000000257743516E32,8.02
"J1830-1414","J1830-1414",0.77149252038,7.6E-17,1.29618884641," "," ",1.6E8,2.44999995E11,6.500000040432494E30,7.81
"B1822-14","J1825-1446",0.279186875177,2.267839E-14,3.58183026823," "," ",195000.0,2.54999999E12,4.1000000201165667E34,5.45
"J1826-1419","J1826-1419",0.770620171033,8.7841E-15,1.297656144478," ","RRAT",1390000.0,2.63000005E12,7.599999662488697E32,3.59
"J1824-1423","J1824-1423",0.359394162457,3.923E-16,2.78246033036," "," ",1.45E7,3.8000001E11,3.3000000257743516E32,6.05
"J1828-1336","J1828-1336",0.86033211599,9.95E-16,1.1623418229," "," ",1.37E7,9.3600003E11,6.1999999161344005E31,7.99
"J1836-1324","J1836-1324",0.1787563517731,1.0366E-15,5.59420680765," "," ",2730000.0,4.35999998E11,7.200000109151004E33,3.91
"J1831-1329","J1831-1329",2.1656793503,2.99E-15,0.46174887333," "," ",1.15E7,2.57000001E12,1.200000042445026E31,6.48
"J1830-1313","J1830-1313",0.7471876682,1.714E-15,1.33835185263," "," ",6910000.0,1.15000004E12,1.5999999959603878E32,10.42
"J1845-1351","J1845-1351",2.61891846726,9.723E-15,0.381837011156," "," ",4270000.0,5.1100003E12,2.1000000742787957E31,7.1
"J1848-12","J1848-12",6.7953,,0.147161," ","RRAT",,,,2.43
"J1848-1150","J1848-1150",1.31221843801,1.434E-15,0.762068243394," "," ",1.45E7,1.38999995E12,2.4999999368446872E31,4.77
"J1839-1238","J1839-1238",1.91142802251,4.947E-15,0.523169059061," "," ",6120000.0,3.10999987E12,2.7999999474559435E31,4.18
"J1837-1243","J1837-1243",1.87601852435,3.651E-14,0.53304377703," "," ",814000.0,8.3800002E12,2.2000000171829007E32,7.51
"J1840-1207","J1840-1207",0.754470427192,3.1972E-15,1.325432997714," "," ",3740000.0,1.56999995E12,2.9000000722589896E32,9.59
"J1834-1202","J1834-1202",0.610258781957,6.7E-18,1.63864909374," "," ",1.43E9,6.4900002E10,1.1999999571798977E30,6.28
"J1840-1122","J1840-1122",0.94096161661,6.409E-15,1.06274260538," "," ",2330000.0,2.47999994E12,2.9999999242136247E32,8.3
"J1843-1113","J1843-1113",0.00184566629242,9.59E-21,541.80975407334," ","HE",3.05E9,1.35E8,6.000000052154063E34,1.97
"J1845-1114","J1845-1114",0.2062199811321,2.00552E-15,4.84919062891," "," ",1630000.0,6.5100002E11,8.99999984540045E33,5.82
"J1712-2715","J1712-2715",0.255359660118,1.2793E-15,3.91604531247," "," ",3160000.0,5.7799999E11,3.000000142492353E33,3.13
"J1710-2616","J1710-2616",0.954158007,2.0E-17,1.0480444462," "," ",7.56E8,1.40000002E11,9.09999968712327E29,4.26
"J1733-2533","J1733-2533",0.65979414168,2.1E-15,1.51562424828," "," ",4980000.0,1.18999994E12,2.9000000722589896E32,7.78
"J1734-2415","J1734-2415",0.61252373999,1.051E-15,1.6325897834," "," ",9240000.0,8.1200002E11,1.800000063667539E32,3.48
"J1721-2457","J1721-2457",0.0034966337827,5.542E-21,285.989343507338," "," ",1.0E10,1.41E8,5.099999834783374E33,1.56
"J1720-2446","J1720-2446",0.87426457245,5.93E-16,1.14381850931," "," ",2.34E7,7.2899999E11,3.5000000480067675E31,3.44
"J1730-2304","J1730-2304",0.00812279804608,2.01844E-20,123.110287160588," ","HE[lsg+15]",6.38E9,4.1E8,1.5000000712461764E33,0.62
"J1719-23","J1719-23",0.454,,2.202643," "," ",,,,4.08
"J1738-2330","J1738-2330",1.97884743163,8.559E-15,0.505344668829," "," ",3660000.0,4.1600001E12,4.399999852466861E31,2.79
"J1745-2229","J1745-2229",1.160592538166,2.857E-15,0.861628837956," "," ",6440000.0,1.84000001E12,7.1999997999228055E31,9.3
"B1730-22","J1733-2228",0.871682832986,4.2703E-17,1.147206256861," "," ",3.23E8,1.94999992E11,2.499999993688106E30,1.49
"J1741-2054","J1741-2054",0.41370012084,1.6983E-14,2.417209833," ","HE",386000.0,2.68000009E12,9.50000016018748E33,0.3
"J1741-2019","J1741-2019",3.90450636119,1.626E-14,0.256114322143," "," ",3800000.0,8.06E12,1.0999999631167153E31,2.0
"J1750-2043","J1750-2043",5.639047079,7.9E-15,0.17733492662," "," ",1.12E7,6.7800001E12,1.8000000068241202E30,5.69
"J1748-2021C","J1748-2021C",0.00622693272049,-5.983E-20,160.59270990836," "," ",,,,8.24
"B1745-20A","J1748-2021A",0.2886027917197,3.9933E-16,3.464969947246," "," ",1.15E7,3.44000004E11,6.600000051548703E32,8.24
"J1748-2021B","J1748-2021B",0.01676012721926,-3.2913E-19,59.665418222544,"BT"," ",,,,8.24
"J1748-2021F","J1748-2021F",0.00379362911495,-1.055E-20,263.5998326931,"BT"," ",,,,8.24
"J1748-2021E","J1748-2021E",0.01626400341113,3.124E-19,61.48547652886," "," ",8.25E8,2.28E9,2.8999999631196254E33,8.24
"J1748-2021D","J1748-2021D",0.01349582040391,5.8677E-19,74.097014488305,"BT"," ",3.64E8,2.84999987E9,9.399999980814753E33,8.24
"J1755-2025","J1755-2025",0.322231178915,4.4217E-15,3.10336201285," "," ",1150000.0,1.20999995E12,5.200000014156101E33,8.64
"J1758-1931","J1758-1931",0.69255157815,1.692E-14,1.44393577539," "," ",649000.0,3.46000012E12,1.9999999494757496E33,4.23
"J1753-1914","J1753-1914",0.0629548889725,2.02E-18,15.8843898595," "," ",4.93E8,1.13999995E10,3.1999999919207756E32,2.77
"J1729-2117","J1729-2117",0.0662928992668,1.72E-19,15.0845718178," "," ",6.11E9,3.42E9,2.3000000055617415E31,1.42
"J1732-1930","J1732-1930",0.483769998047,1.818E-16,2.06709800946," "," ",4.22E7,2.99999986E11,6.300000222836386E31,2.21
"J1731-1847","J1731-1847",0.00234455954689,2.5407E-20,426.51934403983,"BTX"," ",1.46E9,2.47E8,7.799999788403509E34,4.03
"B1718-19","J1721-1936",1.0040374567,1.624E-15,0.99597877881,"ELL1"," ",9800000.0,1.29000001E12,6.300000222836386E31,8.6
"J1721-1939","J1721-1939",0.40403975128,1.283E-16,2.47500399857," "," ",4.99E7,2.30000001E11,7.700000423938034E31,4.64
"J1744-1610","J1744-1610",1.757205868816,2.3767E-15,0.569085283487," "," ",1.17E7,2.07000004E12,1.6999999843392283E31,1.99
"B1649-23","J1652-2404",1.703739137858,3.15876E-15,0.586944314291," "," ",8550000.0,2.35000011E12,2.4999999368446872E31,3.1
"J1654-23","J1654-23",0.54535972,,1.83365211," ","RRAT",,,,3.6
"J1646-2142","J1646-2142",0.00585,,170.940171,"BT"," ",,,,1.41
"J1653-2054","J1653-2054",0.00412914528456,1.117E-20,242.18087063654,"ELL1"," ",5.86E9,2.17E8,6.300000241026281E33,2.64
"B1702-19","J1705-1906",0.2989874273426,4.137877E-15,3.344622243443," ","HE",1140000.0,1.13000002E12,6.099999882280825E33,1.18
"B1700-18","J1703-1846",0.8043410792712,1.731E-15,1.243253671572," "," ",7360000.0,1.18999994E12,1.2999999853491314E32,2.05
"J1633-2009","J1633-2009",0.93555704483,1.07E-15,1.06888190894," "," ",1.39E7,1.01E12,5.2000000323459955E31,2.76
"B1648-17","J1651-1709",0.973393691872,3.0371E-15,1.027333553063," "," ",5080000.0,1.73999994E12,1.2999999853491314E32,1.62
"J1650-1654","J1650-1654",1.7495517461,3.2027E-15,0.571574977551," "," ",8660000.0,2.39999989E12,2.400000084890052E31,2.15
"B1717-16","J1720-1633",1.56560114802,5.798E-15,0.638732285846," "," ",4280000.0,3.05000009E12,6.00000021222513E31,1.76
"B1706-16","J1709-1640",0.65305397126,6.30985E-15,1.53126700704," "," ",1640000.0,2.05000003E12,8.90000010258518E32,2.61
"B1709-15","J1711-1509",0.868804249026,1.10246E-15,1.151007262132," "," ",1.25E7,9.8999999E11,6.599999778700292E31,2.94
"J1719-1438","J1719-1438",0.00579015177002,8.043E-21,172.70704460237,"ELL1"," ",1.14E10,2.18E8,1.5999999595805998E33,1.64
"B1657-13","J1659-1305",0.640958200232,6.177E-16,1.560164141185," "," ",1.64E7,6.3700002E11,9.2999998742016E31,4.85
"J1714-1054","J1714-1054",0.696278743075,5.88E-17,1.436206418688," "," ",1.88E8,2.04999999E11,6.899999789311548E30,2.65
"J1759-1903","J1759-1903",0.7315054725,3.07E-15,1.3670437715," "," ",3780000.0,1.52000004E12,3.0999999580672003E32,13.3
"J1801-1855","J1801-1855",2.5504982104,1.8E-16,0.39208025942," "," ",2.22E8,6.8999997E11,4.300000000512226E29,11.91
"J1802-1745","J1802-1745",0.51467137652,5.64E-16,1.94298740055," "," ",1.45E7,5.44999997E11,1.5999999959603878E32,5.22
"J1759-1736","J1759-1736",0.79845156695,2.55E-16,1.25242411862," "," ",4.96E7,4.56999993E11,1.9999999949504848E31,4.75
"J1808-1726","J1808-1726",0.24103454795,1.2E-17,4.148782855," "," ",3.29E8,5.3600002E10,3.299999889350146E31,8.57
"J1806-1618","J1806-1618",0.66830920992,8.62E-16,1.49631336087," "," ",1.23E7,7.68E11,1.1000000085914504E32,6.36
"J1803-1616","J1803-1616",0.536595822673,1.7714E-15,1.86360004634," "," ",4800000.0,9.8700001E11,4.5000000682193774E32,12.9
"J1755-1650","J1755-1650",0.73374443871,6.86E-16,1.3628723398," "," ",1.69E7,7.1800003E11,6.899999789311548E31,4.27
"J1757-15","J1757-15",0.1794,,5.574136," "," ",,,,4.19
"J1808-1517","J1808-1517",0.544549207067,2.6671E-15,1.83638133528," "," ",3230000.0,1.21999996E12,6.500000017695127E32,4.16
"J1810-1441","J1810-1441",0.217213500357,2.387E-17,4.60376541217," "," ",1.44E8,7.2900002E10,9.200000022246966E31,5.88
"J1818-1519","J1818-1519",0.9396900396,4.11E-15,1.0641806956," "," ",3630000.0,1.98999998E12,1.9999999494757498E32,9.98
"J1817-1511","J1817-1511",0.224603837185,1.4313E-15,4.4522836855," "," ",2490000.0,5.7400001E11,5.000000237487255E33,11.58
"J1816-1446","J1816-1446",0.594499815819,1.3261E-15,1.6820863075," "," ",7100000.0,8.9800003E11,2.499999936844687E32,8.98
"J1819-1458","J1819-1458",4.2631640329,5.75171E-13,0.2345675635," ","RRAT,HE",117000.0,5.0100001E13,2.9000000722589896E32,3.81
"J1818-1448","J1818-1448",0.28137130037,6.15E-15,3.5540227404," "," ",725000.0,1.33000004E12,1.0999999940395352E34,7.96
"J1821-1432","J1821-1432",1.91513066964,5.373E-15,0.52215758217," "," ",5650000.0,3.24999997E12,3.000000106112565E31,6.95
"J1821-1419","J1821-1419",1.6560095697,8.945E-13,0.6038612447," "," ",29300.0,3.8900001E13,7.800000021234152E33,11.93
"B1815-14","J1818-1422",0.2914894606391,2.035737E-15,3.430655769877," "," ",2270000.0,7.7999997E11,3.1999999191611997E33,8.1
"J1819-1408","J1819-1408",1.7884904528,2.59E-15,0.5591307454," "," ",1.09E7,2.17999999E12,1.7999999499807014E31,12.45
"J1805-1504","J1805-1504",1.1812692298,2.7E-16,0.84654706542," "," ",6.84E7,5.7500002E11,6.600000119760805E30,5.3
"J1809-1429","J1809-1429",0.895285284345,5.24E-15,1.116962400126," "," ",2710000.0,2.19E12,2.9000000722589896E32,12.01
"J1801-1417","J1801-1417",0.00362509666012,5.31E-21,275.85471333795," "," ",1.08E10,1.4E8,4.4000000343658016E33,1.8
"J1813-1246","J1813-1246",0.048072246759,1.75637E-14,20.802023359," ","NRAD",43400.0,9.3000001E11,6.200000047683714E36,
"B1740-13","J1743-1351",0.405336948592,4.7752E-16,2.46708325869," "," ",1.34E7,4.44999991E11,2.800000038405414E32,4.85
"J1753-12","J1753-12",0.405454,,2.466371," ","RRAT",,,,2.17
"B1745-12","J1748-1300",0.3941333466126,1.212692E-15,2.537212363771," "," ",5150000.0,6.9999998E11,7.799999730195849E32,3.64
"B1804-12","J1806-1154",0.522618385775,1.40877E-15,1.913442058714," "," ",5880000.0,8.6800001E11,3.899999865097924E32,3.56
"J1759-1029","J1759-1029",2.5122628118,1.574E-14,0.39804752723," "," ",2530000.0,6.3599998E12,3.9000001379463347E31,3.77
"B1820-14","J1822-1400",0.214771109789,9.0689E-16,4.65611972198," "," ",3750000.0,4.46999986E11,3.600000054575502E33,7.77
"J1824-1350","J1824-1350",1.39659854604,6.07E-16,0.71602537668," "," ",3.65E7,9.3199997E11,8.800000159681074E30,7.06
"J1823-1347","J1823-1347",0.61710720555,9.6E-15,1.6204639826," "," ",1020000.0,2.45999993E12,1.5999999595805998E33,11.14
"B1817-13","J1820-1346",0.921459731325,4.49522E-15,1.085234618514," "," ",3250000.0,2.06000003E12,2.3000000510364764E32,9.63
"B1823-13","J1826-1334",0.1014867942076,7.5251738E-14,9.85349875132," ","HE",21400.0,2.79999991E12,2.8000000119209283E36,4.12
"J1826-1256","J1826-1256",0.11022370246,1.2145061E-13,9.0724588059," ","NRAD",14400.0,3.70000003E12,3.6000001430511466E36,
"J1819-1318","J1819-1318",1.51569599263,6.0E-16,0.65976291081," "," ",4.02E7,9.6300001E11,6.800000278417427E30,1.52
"J1822-1252","J1822-1252",2.0710402725,8.476E-14,0.48284913301," "," ",387000.0,1.34000002E13,3.799999831244348E32,10.61
"J1831-1223","J1831-1223",2.8579410013,5.5E-15,0.34990225465," "," ",8270000.0,3.99999998E12,9.299999987888438E30,5.51
"J1824-1159","J1824-1159",0.362492078224,5.3793E-15,2.75868097559," "," ",1070000.0,1.40999996E12,4.499999922700225E33,6.09
"J1830-1135","J1830-1135",6.2215526663,4.775E-14,0.16073158159," "," ",2060000.0,1.73999999E13,7.799999934832156E30,4.36
"B1823-11","J1826-1131",2.09313630972,4.91034E-15,0.477751972175," "," ",6750000.0,3.23999996E12,2.1000000742787957E31,4.83
"J1828-1101","J1828-1101",0.072051632709,1.480952E-14,13.8789360129," ","HE[lsg+15]",77100.0,1.05000003E12,1.5999999642372128E36,7.26
"J1828-1057","J1828-1057",0.24632758741,2.07007E-14,4.05963461306," "," ",189000.0,2.29000007E12,5.499999970197676E34,4.27
"J1819-1131","J1819-1131",1.38813712856,7.61E-16,0.72038992361," "," ",2.89E7,1.04000002E12,1.0999999631167153E31,12.25
"J1818-1116","J1818-1116",0.5447995247,3.824E-15,1.83553757789," "," ",2260000.0,1.46E12,9.300000237999481E32,10.29
"B1821-11","J1824-1118",0.435759033311,3.55447E-15,2.29484628787," "," ",1940000.0,1.25999999E12,1.6999999934341754E33,8.03
"J1823-1126","J1823-1126",1.8465342015,3.652E-14,0.54155509235," "," ",801000.0,8.3099999E12,2.3000000510364764E32,8.72
"B1820-11","J1823-1115",0.279828696565,1.37862E-15,3.57361490181,"BT"," ",3220000.0,6.2899998E11,2.5000001187436275E33,6.28
"J1825-1108","J1825-1108",1.9258717727,1.9E-15,0.5192453694," "," ",1.61E7,1.93999995E12,1.0999999631167153E31,2.71
"J1819-1114","J1819-1114",0.29416251457,5.66E-16,3.3994814107," "," ",8230000.0,4.13000008E11,8.800000068731603E32,5.82
"J1833-1055","J1833-1055",0.63364029817,5.27E-16,1.57818245286," "," ",1.91E7,5.8500003E11,8.19999968371121E31,8.44
"J1836-11","J1836-11",0.4961931,,2.015344," "," ",,,,6.01
"J1835-1106","J1835-1106",0.1659069781495,2.0610608E-14,6.027474016788," "," ",128000.0,1.87000003E12,1.7999999225139612E35,3.08
"J1838-1046","J1838-1046",1.21835359632,3.08E-15,0.82077978267," "," ",6270000.0,1.95999996E12,6.700000085402278E31,4.35
"J1835-1020","J1835-1020",0.302448108644,5.9187E-15,3.30635230117," "," ",810000.0,1.35000005E12,8.399999933317301E33,2.57
"B1828-11","J1830-1059",0.40504332163,6.002513E-14,2.4688717147," "," ",107000.0,4.9900002E12,3.59999993816018E34,3.58
"J1830-10","J1830-10",0.24526,,4.07731," "," ",,,,4.01
"J1833-1034","J1833-1034",0.06188365001063,2.02014996E-13,16.15935711336," ","HE",4850.0,3.57999994E12,3.400000095367431E37,4.1
"B1829-10","J1832-1021",0.330354089443,4.20203E-15,3.02705500539," "," ",1250000.0,1.18999994E12,4.600000102072953E33,6.43
"B1834-10","J1836-1008",0.56271073614,1.179902E-14,1.77711199695," "," ",756000.0,2.61000004E12,2.6000000070780506E33,5.39
"J1842-0905","J1842-0905",0.344642757467,1.04931E-14,2.90155524332," "," ",520000.0,1.92000007E12,1.000000047497451E34,7.41
"J1835-0946","J1835-0946",0.37953610601,4.3E-17,2.6347954362," "," ",1.39E8,1.30000003E11,3.0999999580672002E31,4.04
"J1835-0944","J1835-0944",0.145346822521,4.39E-15,6.8800953654," "," ",525000.0,8.0800003E11,5.599999800324438E34,4.67
"J1835-0928","J1835-0928",0.62173399423,9.69E-16,1.60840489547," "," ",1.02E7,7.8499997E11,1.5999999959603878E32,6.36
"J1835-0924","J1835-0924",0.8591920352,2.139E-14,1.1638841598," "," ",636000.0,4.33999997E12,1.3000000035390253E33,6.62
"J1835-09242","J1835-09242",0.235248924972,1.184E-17,4.25081644951," "," ",3.15E8,5.3399998E10,3.5999998999614027E31,6.85
"J1839-0905","J1839-0905",0.418968843399,2.6033E-14,2.38681232687," "," ",255000.0,3.34000003E12,1.3999999500811096E34,6.14
"J1829-1011","J1829-1011",0.82916602078,-5.0E-18,1.2060310902," "," ",,,,7.37
"J1828-1007","J1828-1007",0.1531969792414,6.1339E-16,6.52754385205," "," ",3960000.0,3.09999993E11,6.699999794363974E33,4.72
"B1824-10","J1827-0958",0.2457571181423,1.002318E-15,4.0690581317," "," ",3880000.0,5.01999993E11,2.699999895412474E33,6.15
"J1831-0952","J1831-0952",0.0672668461152,8.32385E-15,14.8661645038," ","HE[lsg+15]",128000.0,7.5699998E11,1.0999999940395353E36,4.33
"J1827-0934","J1827-0934",0.512547817784,7.227E-15,1.95103747456," "," ",1120000.0,1.94999996E12,2.0999999833293252E33,4.47
"B1822-09","J1825-0935",0.769005855083,5.25018E-14,1.30038021608," "," ",232000.0,6.4300002E12,4.600000102072953E33,0.3
"J1834-09","J1834-09",0.5123273,,1.951877," "," ",,,,6.88
"J1834-0845","J1834-0845",2.4823018,7.96E-12,0.402851901," ","AXP,NRAD",4940.0,1.42000007E14,2.0999999251216642E34,
"J1833-0831","J1833-0831",7.5654084,3.4E-12,0.132180571," ","AXP,NRAD",34900.0,1.62999998E14,3.0999999580672003E32,
"B1830-08","J1833-0827",0.0852842512617,9.170719E-15,11.72549427597," "," ",147000.0,8.9499999E11,5.799999833106993E35,4.5
"J1837-08","J1837-08",1.099,,0.909918," "," ",,,,7.04
"J1832-0836","J1832-0836",0.00271911206232,8.62E-21,367.76711554392," "," ",5.0E9,1.55E8,1.700000022538006E34,1.4
"B1829-08","J1832-0827",0.64729271838,6.38793E-14,1.5448961059," "," ",161000.0,6.5100002E12,9.299999801442024E33,5.2
"J1831-0823","J1831-0823",0.612132963973,3.091E-16,1.63363200294," "," ",3.14E7,4.39999988E11,5.299999884300631E31,4.41
"J1834-0812","J1834-0812",0.4911415563,9.96E-15,2.0360728738," "," ",781000.0,2.24000003E12,3.300000098533928E33,10.34
"J1834-0742","J1834-0742",0.788353566535,3.24702E-14,1.26846638672," "," ",385000.0,5.12E12,2.6000000070780506E33,6.91
"J1834-0731","J1834-0731",0.51297990872,5.82E-14,1.94939408544," "," ",140000.0,5.53E12,1.700000022538006E34,4.76
"J1811-1049","J1811-1049",2.623858562,8.0E-16,0.38111810388," "," ",5.2E7,1.47000001E12,1.7000000696043568E30,8.5
"J1808-1020","J1808-1020",0.596993202504,7.725E-16,1.675060948441," "," ",1.22E7,6.8699999E11,1.400000019202707E32,8.5
"J1819-1008","J1819-1008",0.301489849278,1.3209E-15,3.31686125551," "," ",3620000.0,6.3899999E11,1.9000000611413266E33,10.75
"J1819-0925","J1819-0925",0.852047483505,3.1302E-15,1.173643510907," "," ",4310000.0,1.65E12,1.9999999494757498E32,11.1
"B1804-08","J1807-0847",0.16372737166367,2.87993E-17,6.107714243738," "," ",9.01E7,6.9500002E10,2.5999999706982627E32,1.5
"J1808-0813","J1808-0813",0.876044286677,1.2402E-15,1.141494802498," "," ",1.12E7,1.05000003E12,7.300000106624791E31,5.18
"J1809-0743","J1809-0743",0.313885674748,1.521E-16,3.18587333048," "," ",3.27E7,2.21000008E11,1.899999915622174E32,17.82
"J1822-0907","J1822-0907",0.97470037336,3.55E-16,1.02595631163," "," ",4.35E7,5.9599998E11,1.5000000530562825E31,12.31
"J1822-0848","J1822-0848",2.50451781786,4.03E-16,0.399278453069,"BT"," ",9.84E7,1.02000001E12,1.0000000116860971E30,4.19
"J1827-0750","J1827-0750",0.270502039371,1.5446E-15,3.6968297996," "," ",2770000.0,6.54E11,3.1000000308267766E33,7.39
"J1829-0734","J1829-0734",0.318400873408,4.789E-15,3.1406949023," "," ",1050000.0,1.24999998E12,5.900000105611978E33,5.45
"J1828-0611","J1828-0611",0.269414732063,1.4595E-15,3.71174951103," "," ",2920000.0,6.35E11,2.8999999631196254E33,8.76
"J1816-0755","J1816-0755",0.2176426911444,6.48032E-15,4.59468679946," "," ",532000.0,1.19999994E12,2.499999944120645E34,3.21
"J1817-0743","J1817-0743",0.438095346909,-2.3E-18,2.2826081287," "," ",,,,0.77
"J1739-1313","J1739-1313",1.215697613611,8.17E-17,0.822572972756," "," ",2.36E8,3.18999986E11,1.8000000068241202E30,2.02
"J1744-1134","J1744-1134",0.00407454594144,8.93471E-21,245.426119713056," ","HE[aaa+09f]",7.23E9,1.93E8,5.200000014156101E33,0.4
"J1747-1030","J1747-1030",1.5787928888,4.3E-16,0.63339530289," "," ",5.82E7,8.3399999E11,4.3000000005122265E30,7.27
"J1755-0903","J1755-0903",0.190709642575,7.809E-16,5.24357335318," "," ",3870000.0,3.90999998E11,4.4000000343658016E33,2.16
"J1745-0952","J1745-0952",0.01937630344113,9.246E-20,51.609431233273,"ELL1"," ",3.32E9,1.35E9,4.999999873689374E32,2.38
"J1725-0732","J1725-0732",0.239919487227,4.296E-16,4.16806492694," "," ",8850000.0,3.25000004E11,1.1999999696854499E33,3.43
"B1738-08","J1741-0840",2.043082458401,2.27471E-15,0.489456505237," "," ",1.42E7,2.17999999E12,1.0999999631167153E31,3.5
"J1737-0811","J1737-0811",0.00417501731286,7.93E-21,239.51996484444,"BT"," ",8.34E9,1.84E8,4.299999854993074E33,2.38
"B1732-07","J1735-0724",0.4193349661853,1.214735E-15,2.384728392905," "," ",5470000.0,7.2200002E11,6.500000017695127E32,4.32
"J1801-0857D","J1801-0857D",0.00422653200355,6.9E-21,236.60059811703," "," ",9.71E9,1.73E8,3.600000054575502E33,7.2
"J1801-0857C","J1801-0857C",0.00373869966067,-6.5E-20,267.4726751977," "," ",,,,7.2
"J1801-0857A","J1801-0857A",0.00717561460667,-5.131E-19,139.360884720645," "," ",,,,7.2
"J1801-0857B","J1801-0857B",0.02896158773099,2.191E-18,34.52849371687,"BT"," ",2.09E8,8.0600003E9,3.600000054575502E33,7.2
"B1802-07","J1804-0735",0.0231008552843,4.671E-19,43.28844052279,"BT"," ",7.84E8,3.32E9,1.5000000712461764E33,7.8
"J1805-0619","J1805-0619",0.454650713078,9.69E-16,2.19949066665," "," ",7430000.0,6.7199998E11,4.099999932805075E32,6.69
"J1802-05","J1802-05",1.681,,0.594884," "," ",,,,6.82
"J1814-0618","J1814-0618",1.37786849563,2.92E-16,0.72575866505," "," ",7.47E7,6.4200003E11,4.400000079840537E30,5.63
"J1814-0521","J1814-0521",1.01421948495,8.84E-16,0.98597987402," "," ",1.82E7,9.5800001E11,3.299999889350146E31,4.37
"J1820-0509","J1820-0509",0.337320795791,9.323E-16,2.964537059313," "," ",5730000.0,5.6699997E11,9.600000339560208E32,2.81
"B1818-04","J1820-0427",0.598075929665,6.33137E-15,1.67202850073," "," ",1500000.0,1.96999997E12,1.1999999696854499E33,0.3
"B1740-03","J1743-0339",0.44464510677,1.5562E-15,2.2489846054," "," ",4530000.0,8.4199997E11,7.000000186963004E32,1.59
"B1758-03","J1801-0357",0.92149067377,3.3101E-15,1.08519817776," "," ",4410000.0,1.76999996E12,1.7000000298139635E32,7.13
"J1800-0125","J1800-0125",0.78318548958,1.1537E-14,1.27683673064," "," ",1080000.0,3.04000008E12,9.500000305706633E32,2.24
"J1930-1852","J1930-1852",0.18552016047926,1.8001E-17,5.390249757313,"BT"," ",1.63E8,5.8500002E10,1.1000000085914504E32,2.34
"J1925-16","J1925-16",3.8858,,0.257347," ","RRAT",,,,7.0
"B1940-12","J1943-1237",0.9724288509136,1.655686E-15,1.028352870301," "," ",9310000.0,1.28E12,7.09999994796817E31,1.64
"J1926-1314","J1926-1314",4.86428379983,3.644E-14,0.20558011028," "," ",2110000.0,1.34999997E13,1.200000042445026E31,2.09
"J1946-1312","J1946-1312",0.491865489484,1.9866E-15,2.03307615879," "," ",3920000.0,1.0E12,6.600000051548703E32,5.64
"B2003-08","J2006-0807",0.580871337031,4.601E-17,1.721551635017," "," ",2.0E8,1.65000004E11,9.299999987888438E30,2.01
"J1944-10","J1944-10",0.409135,,2.444181," ","RRAT",,,,1.76
"J1915-11","J1915-11",2.177,,0.45935," ","RRAT",,,,4.76
"J1911-1114","J1911-1114",0.0036257455714,1.416E-20,275.80534273796,"ELL1"," ",4.06E9,2.29E8,1.2000000569969412E34,1.59
"J1904-1224","J1904-1224",0.75080812238,7.4236E-16,1.331898217656," "," ",1.6E7,7.5500002E11,6.899999789311548E31,5.63
"J1918-1052","J1918-1052",0.798692542358,8.653E-16,1.25204624679," "," ",1.46E7,8.4100003E11,6.700000085402278E31,2.78
"J1920-09","J1920-09",1.038,,0.963391," "," ",,,,5.75
"J1857-1027","J1857-1027",3.6872190477,1.055E-14,0.27120710407," "," ",5540000.0,6.3100001E12,8.29999976303952E30,3.64
"J1902-10","J1902-10",0.7868,,1.270971," "," ",,,,3.15
"J1900-09","J1900-09",1.424,,0.702247," "," ",,,,5.76
"J1901-0906","J1901-0906",1.781927762343,1.63829E-15,0.56118997702," "," ",1.72E7,1.73000006E12,1.0999999631167153E31,2.42
"J1903-0848","J1903-0848",0.88732464056,1.33E-15,1.12698324186," "," ",1.06E7,1.1E12,7.499999810534062E31,2.32
"J1855-0941","J1855-0941",0.34540115992,2.4E-16,2.8951842554," "," ",2.28E7,2.90999992E11,2.3000000510364764E32,4.87
"J1858-0736","J1858-0736",0.551058591,5.06E-15,1.814689066," "," ",1730000.0,1.69000003E12,1.1999999696854499E33,7.2
"B1900-06","J1903-0632",0.43188708466,3.4014E-15,2.3154200149," "," ",2010000.0,1.22999996E12,1.6999999934341754E33,8.77
"J1918-0642","J1918-0642",0.00764587288391,2.56944E-20,130.789514184124,"ELL1"," ",4.71E9,4.49E8,2.3000000510364764E33,0.91
"B1911-04","J1913-0440",0.825935803096,4.06801E-15,1.21074785262," "," ",3220000.0,1.85000002E12,2.9000000722589896E32,3.22
"J2013-0649","J2013-0649",0.580187269001,6.007E-16,1.723581425221," "," ",1.53E7,5.97E11,1.200000042445026E32,4.85
"J2033+0042","J2033+0042",5.01339800063,1.013E-14,0.19946551219," ","RRAT",7840000.0,7.2100002E12,3.199999980552092E30,2.87
"J2005-0020","J2005-0020",2.27966105858,2.56626E-14,0.438661702026," "," ",1410000.0,7.7399998E12,8.600000001024452E31,2.16
"B1942-00","J1945-0040",1.045632444772,5.3466E-16,0.956359000718," "," ",3.1E7,7.5699998E11,1.7999999499807014E31,3.53
"J1937-00","J1937-00",0.2401,,4.164931," "," ",,,,3.6
"J1941+0121","J1941+0121",0.217317451828,1.913E-16,4.6015632504," "," ",1.8E7,2.05999997E11,7.400000322377307E32,2.89
"J2017+0603","J2017+0603",0.00289621581556,8.3E-21,345.2781366039,"ELL1","HE",5.53E9,1.57E8,1.3000000035390254E34,1.32
"J1845-0826","J1845-0826",0.634354346767,9.353E-15,1.57640600257," "," ",1070000.0,2.45999993E12,1.400000037392601E33,4.87
"J1840-0840","J1840-0840",5.3093766847,2.37E-14,0.18834602617," "," ",3550000.0,1.13000002E13,6.199999802447563E30,4.94
"J1843-0806","J1843-0806",0.536413665506,1.7359E-14,1.86423289395," "," ",490000.0,3.09000012E12,4.4000000343658016E33,4.55
"J1840-0815","J1840-0815",1.096439972228,2.4151E-15,0.912042633732," "," ",7190000.0,1.65E12,7.1999997999228055E31,4.5
"J1840-0809","J1840-0809",0.955672135909,2.351E-15,1.046383966243," "," ",6440000.0,1.52000004E12,1.1000000085914504E32,5.77
"J1842-0800","J1842-0800",1.25546857429,1.94E-16,0.796515357276," "," ",1.03E8,4.98999984E11,3.899999967416078E30,4.23
"J1846-0749","J1846-0749",0.350109572852,1.2616E-15,2.85624866482," "," ",4400000.0,6.73E11,1.1999999696854499E33,10.1
"J1846-07492","J1846-07492",0.861379642641,5.187E-15,1.16092829514," "," ",2630000.0,2.13999996E12,3.1999999919207756E32,4.47
"J1845-0743","J1845-0743",0.104694545163,3.666E-16,9.5515960115," "," ",4520000.0,1.98000001E11,1.3000000035390254E34,5.85
"J1843-0744","J1843-0744",0.475392526561,1.33038E-14,2.10352486446," "," ",566000.0,2.53999999E12,4.9000000581145276E33,5.77
"J1853-0649","J1853-0649",1.048132105087,1.548E-15,0.95407820746," "," ",1.07E7,1.29000001E12,5.299999884300631E31,1.89
"J1852-0635","J1852-0635",0.52415088472,1.464E-14,1.9078475858," "," ",567000.0,2.79999991E12,3.9999998989514993E33,4.6
"B1846-06","J1849-0636",1.451319471078,4.623982E-14,0.689028170522," "," ",497000.0,8.2899999E12,5.9999998484272494E32,3.68
"J1849-0614","J1849-0614",0.95338418817,5.3889E-14,1.04889509644," "," ",280000.0,7.2500002E12,2.5000001187436275E33,2.84
"J1840-0753","J1840-0753",0.4378690017,1.0E-16,2.2837880647," "," ",6.94E7,2.11999998E11,4.699999863078118E31,11.71
"J1843-0702","J1843-0702",0.191614063108,2.1402E-15,5.21882362796," "," ",1420000.0,6.4799998E11,1.2000000569969412E34,4.57
"J1838-0655","J1838-0655",0.070498243969,4.925E-14,14.18475048," ","NRAD",22700.0,1.89000004E12,5.500000119209288E36,6.6
"B1834-06","J1837-0653",1.90580870607,7.7204E-16,0.524711633868," "," ",3.91E7,1.22999996E12,4.400000079840537E30,4.93
"J1839-0643","J1839-0643",0.449548149848,3.638E-15,2.22445582378," "," ",1960000.0,1.29000001E12,1.5999999595805998E33,6.55
"J1840-0643","J1840-0643",0.0355778755,2.202E-16,28.1073557,"BT"," ",2560000.0,8.96E10,1.8999999389052384E35,6.73
"J1840-0626","J1840-0626",1.8933526999,2.303E-14,0.52816361159," "," ",1300000.0,6.6800001E12,1.2999999853491314E32,8.99
"J1839-0627","J1839-0627",0.48491367908,1.32E-16,2.06222270715," "," ",5.83E7,2.56E11,4.600000011123483E31,2.33
"J1838-0624","J1838-0624",0.92717774151,7.7E-17,1.07854185366," "," ",1.9E8,2.70999994E11,3.7999998880877674E30,5.82
"J1845-0635","J1845-0635",0.34052764699,4.491E-15,2.93661912282," "," ",1200000.0,1.24999998E12,4.499999922700225E33,7.56
"J1847-0605","J1847-0605",0.77816435331,4.645E-15,1.28507557015," "," ",2650000.0,1.92000007E12,3.899999865097924E32,4.59
"J1848-0601","J1848-0601",0.225004475404,2.871E-16,4.44435604316," "," ",1.24E7,2.56999997E11,9.999999747378748E32,12.13
"J1842-0612","J1842-0612",0.56447537999,2.2E-17,1.7715564495," "," ",4.07E8,1.12999997E11,4.799999828719591E30,7.01
"J1840-0559","J1840-0559",0.85936846681,9.602E-15,1.16364520997," "," ",1420000.0,2.90999999E12,5.9999998484272494E32,5.04
"J1845-0545","J1845-0545",1.09234815284,1.343E-14,0.91545904792," "," ",1290000.0,3.8799999E12,4.099999932805075E32,5.39
"B1841-05","J1844-0538",0.255699268086,9.70552E-15,3.91084420181," "," ",417000.0,1.58999996E12,2.3000000510364766E34,6.18
"J1844-0502","J1844-0502",0.33516252825,6.2E-17,2.9836270935," "," ",8.6E7,1.46000003E11,6.499999926745657E31,5.2
"J1856-0526","J1856-0526",0.370483417429,1.6975E-15,2.69917613841," "," ",3460000.0,8.0200001E11,1.3000000035390253E33,3.45
"J1848-0511","J1848-0511",1.6371290072,8.863E-15,0.61082541181," "," ",2930000.0,3.84999988E12,7.999999979801939E31,7.78
"J1847-0443","J1847-0443",0.340832130441,2.83E-17,2.93399568493," "," ",1.91E8,9.9499999E10,2.7999999474559435E31,7.57
"J1847-0438","J1847-0438",0.95799116473,1.0933E-14,1.04385096316," "," ",1390000.0,3.26999998E12,4.899999839835799E32,4.72
"J1847-0427","J1847-0427",0.25924664288,5.9E-18,3.8573305671," "," ",6.96E8,3.9600001E10,1.3000000080864989E31,4.17
"B1832-06","J1835-0643",0.305830097712,4.045598E-14,3.26978936174," "," ",120000.0,3.55999993E12,5.599999800324438E34,6.44
"J1834-0633","J1834-0633",0.31731488279,6.0E-16,3.1514437369," "," ",8320000.0,4.42999996E11,7.500000356230882E32,9.36
"J1832-0644","J1832-0644",0.74429541939,3.7089E-14,1.34355253834," "," ",318000.0,5.3200001E12,3.600000054575502E33,8.81
"J1837-0604","J1837-0604",0.09629420774,4.51724E-14,10.38484062," ","HE[lsg+15]",33800.0,2.10999994E12,2.000000029802322E36,6.19
"J1837-0559","J1837-0559",0.201062574029,3.3048E-15,4.97357603637," "," ",964000.0,8.25E11,1.5999999595805997E34,5.01
"J1834-0602","J1834-0602",0.4879135917,1.828E-15,2.04954323268," "," ",4230000.0,9.5599998E11,6.199999916134401E32,6.6
"J1833-0559","J1833-0559",0.48345888008,1.235E-14,2.06842823911," "," ",620000.0,2.46999994E12,4.299999854993074E33,5.83
"J1833-0556","J1833-0556",1.5215451697,1.28E-15,0.65722662717," "," ",1.88E7,1.40999996E12,1.3999999737279718E31,7.37
"J1835-0522","J1835-0522",1.08774918841,4.7E-16,0.91932957584," "," ",3.64E7,7.2600001E11,1.5000000530562825E31,7.13
"J1838-0549","J1838-0549",0.235303200419,3.3429E-14,4.24983594876," "," ",112000.0,2.83999994E12,9.99999977648258E34,4.73
"J1838-0537","J1838-0537",0.1457077402,4.7179E-13,6.86305339," ","NRAD",4890.0,8.39E12,6.000000238418577E36,
"J1841-0524","J1841-0524",0.44574893108,2.33724E-13,2.24341536295," "," ",30200.0,1.02999995E13,9.99999977648258E34,4.89
"J1839-0459","J1839-0459",0.58531903782,3.308E-15,1.70846997172," "," ",2800000.0,1.40999996E12,6.500000017695127E32,4.59
"J1843-0510","J1843-0510",0.671613828819,3.8923E-15,1.48895087786," "," ",2730000.0,1.64E12,5.09999990754295E32,4.72
"J1841-0500","J1841-0500",0.91291419632,3.475E-14,1.0953931969," "," ",416000.0,5.6999999E12,1.800000027287751E33,6.77
"J1843-0459","J1843-0459",0.75496337007,8.54E-16,1.32456757459," "," ",1.4E7,8.1300003E11,7.8000002758926695E31,6.15
"J1844-0452","J1844-0452",0.26944332141,6.8E-16,3.711355675," "," ",6280000.0,4.32999989E11,1.400000037392601E33,8.06
"J1841-0456","J1841-0456",11.7889784,4.092E-11,0.084824992," ","AXP,NRAD",4570.0,7.0299998E14,9.899999713525173E32,9.6
"J1840-04","J1840-04",0.4223,,2.367985," "," ",,,,5.52
"B1838-04","J1841-0425",0.1861488579563,6.392881E-15,5.37204477631," "," ",461000.0,1.1E12,3.8999998942017543E34,5.17
"J1842-0415","J1842-0415",0.526682241575,2.19366E-14,1.89867802835," "," ",380000.0,3.44000011E12,5.900000105611978E33,4.02
"J1836-0517","J1836-0517",0.45724503044,1.3019E-15,2.18701119405," "," ",5560000.0,7.8099998E11,5.400000009103677E32,8.08
"J1838-0453","J1838-0453",0.38083077683,1.1566E-13,2.62583819599," "," ",52200.0,6.7200001E12,8.299999870359896E34,8.28
"B1834-04","J1836-0436",0.354236507718,1.66095E-15,2.82297272645," "," ",3380000.0,7.7599998E11,1.5000000712461764E33,4.62
"J1839-0436","J1839-0436",0.149460655762,8.096E-16,6.690724023," "," ",2920000.0,3.52000016E11,9.599999757483599E33,4.98
"J1839-0402","J1839-0402",0.520939679547,7.694E-15,1.91960804535," "," ",1070000.0,2.03000001E12,2.0999999833293252E33,4.69
"B1831-04","J1834-0426",0.290108193201,7.1947E-17,3.44698985908," "," ",6.39E7,1.46000003E11,1.200000042445026E32,2.3
"B1831-03","J1833-0338",0.68670444412,4.15653E-14,1.45623056406," "," ",262000.0,5.4099999E12,5.099999834783374E33,5.07
"J1835-0349","J1835-0349",0.84186451859,3.058E-15,1.18783958454," "," ",4360000.0,1.61999998E12,1.9999999494757498E32,5.25
"B1842-04","J1845-0434",0.4867507986,1.1326E-14,2.0544393618," "," ",681000.0,2.37999987E12,3.900000010617076E33,4.61
"B1841-04","J1844-0433",0.991026616395,3.914538E-15,1.009054634312," "," ",4010000.0,1.98999998E12,1.5999999959603878E32,2.78
"J1843-0408","J1843-0408",0.78193369973,2.39E-15,1.27888080581," "," ",5180000.0,1.37999994E12,1.9999999494757498E32,4.68
"B1844-04","J1847-0402",0.597769151294,5.1707239E-14,1.672886594826," "," ",183000.0,5.6300001E12,9.599999757483599E33,3.12
"B1839-04","J1842-0359",1.839944315159,5.0876E-16,0.543494708922," "," ",5.73E7,9.7899997E11,3.199999980552092E30,4.15
"J1843-0355","J1843-0355",0.132313618371,1.04E-15,7.5578010209," "," ",2020000.0,3.75000007E11,1.79999996908009E34,8.81
"J1841-0345","J1841-0345",0.204068115056,5.7872E-14,4.900324579," "," ",55900.0,3.47999987E12,2.7000000700354568E35,4.15
"J1839-0332","J1839-0332",2.67568226451,4.76E-15,0.373736453414," "," ",8910000.0,3.60999997E12,9.799999816095803E30,4.24
"J1841-0310","J1841-0310",1.6576564582,3.35E-16,0.60326130609," "," ",7.83E7,7.54E11,2.9000000267842545E30,4.5
"J1842-0309","J1842-0309",0.40491964372,4.518E-15,2.46962580232," "," ",1420000.0,1.37000006E12,2.699999895412474E33,11.41
"J1845-0316","J1845-0316",0.2076357201,8.86E-15,4.816127011," "," ",371000.0,1.37000006E12,3.8999998942017543E34,6.53
"J1844-0310","J1844-0310",0.52504914274,1.0235E-14,1.90458362581," "," ",813000.0,2.35000011E12,2.800000074785202E33,8.88
"J1846-0257","J1846-0257",4.4767225398,1.60587E-13,0.223377703467," ","RRAT",442000.0,2.71E13,7.09999994796817E31,4.69
"J1846-0258","J1846-0258",0.32657128834,7.10745E-12,3.0621185502," ","NRAD",728.0,4.8800001E13,8.100000023841856E36,5.8
"J1844-0302","J1844-0302",1.19863027492,7.809E-15,0.834285618279," "," ",2430000.0,3.10000012E12,1.800000063667539E32,6.8
"J1844-0256","J1844-0256",6.97127,,0.143446," ","NRAD,AXP(?)",,,,
"J1844-02","J1844-02",0.272963,,3.6635," "," ",,,,8.77
"B1842-02","J1844-0244",0.507722322118,1.674044E-14,1.96958052943," "," ",481000.0,2.95000002E12,5.000000237487255E33,5.99
"J1849-0317","J1849-0317",0.66840782878,2.203E-14,1.49609259039," "," ",481000.0,3.8799999E12,2.8999999631196254E33,1.9
"J1851-0241","J1851-0241",0.43519385185,7.963E-15,2.29782657944," "," ",866000.0,1.88000004E12,3.800000122282653E33,7.62
"J1839-0321","J1839-0321",0.2387778179,1.252E-14,4.1879937123," "," ",302000.0,1.74999994E12,3.59999993816018E34,6.82
"J1843-0211","J1843-0211",2.02752438872,1.444E-14,0.493212316244," "," ",2220000.0,5.4800003E12,6.799999937356913E31,6.34
"J1839-0223","J1839-0223",1.26679012424,4.763E-15,0.78939674447," "," ",4210000.0,2.48999995E12,9.200000022246966E31,5.78
"J1841-0157","J1841-0157",0.663321097981,1.80768E-14,1.507565495873," "," ",581000.0,3.49999989E12,2.3999999393708998E33,7.27
"J1839-01","J1839-01",0.9319,,1.073077," ","RRAT",,,,5.89
"J1842-0153","J1842-0153",1.05422825038,6.722E-15,0.948561186479," "," ",2480000.0,2.69000009E12,2.3000000510364764E32,6.49
"J1843-0137","J1843-0137",0.66987238665,2.468E-15,1.49282164771," "," ",4300000.0,1.30000001E12,3.1999999919207756E32,7.13
"B1845-01","J1848-0123",0.65943205053,5.25182E-15,1.51645647068," "," ",1990000.0,1.88000004E12,7.200000254670156E32,4.4
"J1847-0130","J1847-0130",6.7070457241,1.2749E-12,0.149096940909," "," ",83300.0,9.3600004E13,1.7000000298139635E32,7.64
"J1848-0055","J1848-0055",0.27455668472,1.35E-15,3.6422351217," "," ",3220000.0,6.16E11,2.6000000070780506E33,15.15
"J1843-0050","J1843-0050",0.78259846861,2.49E-16,1.27779447585," "," ",4.97E7,4.46999986E11,2.1000000742787957E31,7.73
"J1844-0030","J1844-0030",0.64109785122,6.078E-15,1.55982428907," "," ",1670000.0,1.99999999E12,9.10000017029233E32,8.66
"B1907-03","J1910-0309",0.504604607817,2.18734E-15,1.98174964023," "," ",3660000.0,1.05999997E12,6.700000085402279E32,10.25
"J1902-0340","J1902-0340",1.524672106,2.0E-15,0.65587872702," "," ",1.21E7,1.76999996E12,2.1999999262334305E31,3.13
"J1901-0315","J1901-0315",0.80169309688,2.57E-15,1.24736012308," "," ",4940000.0,1.44999999E12,1.9999999494757498E32,6.95
"J1901-0312","J1901-0312",0.355725186569,2.292E-15,2.81115883203," "," ",2460000.0,9.1399999E11,1.9999999494757496E33,2.89
"J1903-0258","J1903-0258",0.301458774079,6.791E-16,3.31720316669," "," ",7030000.0,4.58000007E11,9.799999679671598E32,3.1
"J1904-0150","J1904-0150",0.379387161967,8.898E-16,2.63582983361," "," ",6760000.0,5.88E11,6.399999983841551E32,4.93
"J1910-0112","J1910-0112",1.360602928,1.8E-16,0.7349682846," "," ",1.21E8,4.98000003E11,2.799999947455944E30,6.44
"B1902-01","J1905-0056",0.643181259558,3.05164E-15,1.554771668389," "," ",3340000.0,1.41999997E12,4.5000000682193774E32,6.91
"B1907+00","J1909+0007",1.01694836198,5.51856E-15,0.98333409776," "," ",2920000.0,2.39999989E12,2.0999999833293254E32,3.26
"J1911+00","J1911+00",6.94,,0.1441," ","RRAT",,,,3.14
"B1917+00","J1919+0021",1.27226037471,7.66978E-15,0.786002629557," "," ",2630000.0,3.15999991E12,1.4999999621068123E32,3.32
"J1919+0134","J1919+0134",1.60398355528,5.89E-16,0.62344778829," "," ",4.31E7,9.8399997E11,5.599999894911888E30,10.23
"J1852-0127","J1852-0127",0.42897892562,5.149E-15,2.33111684577," "," ",1320000.0,1.50000003E12,2.6000000070780506E33,6.43
"J1852-0118","J1852-0118",0.45147285265,1.757E-15,2.21497260384," "," ",4070000.0,9.01E11,7.500000356230882E32,5.4
"J1851-0114","J1851-0114",0.95318168518,2.483E-15,1.0491179337," "," ",6080000.0,1.55999994E12,1.1000000085914504E32,6.28
"J1900-0051","J1900-0051",0.385194094862,1.421E-16,2.59609379619," "," ",4.29E7,2.36999999E11,9.800000043469479E31,3.3
"J1904+0004","J1904+0004",0.1395246286237,1.18058E-16,7.16719341857," "," ",1.87E7,1.30000003E11,1.6999999934341754E33,6.43
"J1901+00","J1901+00",0.777662,,1.285906," "," ",,,,8.15
"J1859+00","J1859+00",0.559634,,1.786882," "," ",,,,8.91
"J1851-0053","J1851-0053",1.40906524128,8.7E-16,0.70969034698," "," ",2.56E7,1.12000002E12,1.200000042445026E31,1.24
"J1851-0029","J1851-0029",0.518721435025,4.7386E-15,1.92781699864," "," ",1730000.0,1.58999996E12,1.3000000035390253E33,6.86
"J1849-0040","J1849-0040",0.67248060717,1.114E-14,1.487031729," "," ",956000.0,2.76999989E12,1.400000037392601E33,20.86
"J1850-0031","J1850-0031",0.73418485978,1.263E-15,1.36205478318," "," ",9210000.0,9.7499998E11,1.2999999853491314E32,9.98
"J1850-0026","J1850-0026",0.1666339242514,3.91017E-14,6.00117895856," "," ",67500.0,2.58000001E12,3.2999999821186056E35,10.69
"J1850-0006","J1850-0006",2.191497968,4.32E-15,0.45630888762," "," ",8040000.0,3.10999987E12,1.6000000186977554E31,7.21
"J1853-0004","J1853-0004",0.1014357461981,5.5745E-15,9.85845757024," "," ",288000.0,7.6099997E11,2.0999999716877932E35,6.58
"J1854+00","J1854+00",0.76733,,1.30322," "," ",,,,7.31
"J1852+0008","J1852+0008",0.467894113075,5.679E-15,2.13723569512," "," ",1310000.0,1.65E12,2.2000000171829008E33,5.1
"J1853+0011","J1853+0011",0.397881893633,3.35381E-14,2.51330863757," "," ",188000.0,3.70000003E12,2.0999999251216642E34,7.48
"J1852+0013","J1852+0013",0.95775094505,1.4034E-14,1.04411277814," "," ",1080000.0,3.71000004E12,6.299999949987976E32,7.22
"J1848-0023","J1848-0023",0.53762373255,1.61E-15,1.8600369356," "," ",5290000.0,9.4100003E11,4.099999932805075E32,1.55
"J1849-0001","J1849-0001",0.038518943432,1.4224E-14,25.961252072," ","NRAD",42900.0,7.49E11,9.80000019073486E36,
"J1850+0026","J1850+0026",1.08184378189,3.59E-16,0.924347874193," "," ",4.77E7,6.3100001E11,1.0999999631167153E31,4.27
"B1849+00","J1852+0031",2.18019517754,9.69549E-14,0.45867453075," "," ",356000.0,1.46999995E13,3.7000001611886535E32,8.0
"J1852+0033","J1852+0033",11.55871346,0.0,0.0865148188," ","AXP,NRAD",,,,
"J1852+0040","J1852+0040",0.104912611147,8.68E-18,9.5317425528," ","NRAD",1.92E8,3.04999997E10,2.9999999242136247E32,10.0
"B1854+00","J1857+0057",0.356928998022,5.459E-17,2.8016776601," "," ",1.04E8,1.40999999E11,4.699999863078118E31,2.63
"J1856+0102","J1856+0102",0.620217115135,1.222E-15,1.61233860788," "," ",8040000.0,8.8099999E11,1.9999999494757498E32,8.61
"J1853+0056","J1853+0056",0.27557759958,2.139E-14,3.6287419642," "," ",204000.0,2.45999993E12,4.000000189989804E34,3.82
"J1851+0118","J1851+0118",0.90697686069,1.36705E-13,1.10256396094," "," ",105000.0,1.13000002E13,7.200000109151004E33,6.75
"B1853+01","J1856+0113",0.26743960987,2.083598E-13,3.7391619008," ","HE[lsg+15]",20300.0,7.5499999E12,4.300000146031379E35,3.3
"J1857+0143","J1857+0143",0.139760064515,3.11674E-14,7.1551197652," ","HE[lsg+15]",71000.0,2.10999994E12,4.500000178813933E35,5.18
"J1858+02","J1858+02",0.19765,,5.059449," "," ",,,,8.51
"J1855+0205","J1855+0205",0.2468167699732,6.466E-17,4.051588553357," "," ",6.05E7,1.28E11,1.7000000298139635E32,16.48
"J1911+0101B","J1911+0101B",0.00538432570619,-2.0E-21,185.7242772016," "," ",,,,9.5
"B1908+00A","J1911+0101A",0.00361852425106,-6.58E-21,276.35575461663,"ELL1"," ",,,,9.5
"J1906+0055","J1906+0055",0.00279,,358.422939," "," ",,,,3.3
"J1905+0154A","J1905+0154A",0.00319294082,,313.1908972,"ELL1"," ",,,,14.45
"J1914+0219","J1914+0219",0.457526573507,1.0181E-15,2.18566539717," "," ",7120000.0,6.9099998E11,4.199999966658651E32,9.77
"J1915+0227","J1915+0227",0.3173062332319,2.9898E-16,3.151529643192," "," ",1.68E7,3.11999988E11,3.7000001611886535E32,7.01
"J1910+0225","J1910+0225",0.337854845269,2.623E-16,2.95985099519," "," ",2.04E7,3.00999999E11,2.7000000045518384E32,6.33
"J1901+0124","J1901+0124",0.318817259335,3.241E-15,3.13659305047," "," ",1560000.0,1.03000002E12,3.900000010617076E33,7.2
"B1900+01","J1903+0135",0.729303862273,4.03305E-15,1.371170580235," "," ",2870000.0,1.73999994E12,4.099999932805075E32,3.3
"B1859+01","J1901+0156",0.2882191593441,2.357457E-15,3.469581974618," "," ",1940000.0,8.3399999E11,3.900000010617076E33,2.96
"J1902+02","J1902+02",0.41532,,2.407782," "," ",,,,6.37
"J1900+0227","J1900+0227",0.37426157516,5.705E-15,2.67192804814," "," ",1040000.0,1.48000001E12,4.299999854993074E33,4.32
"J1857+0210","J1857+0210",0.63098305833,1.4034E-14,1.58482860482," "," ",712000.0,3.01000006E12,2.2000000171829008E33,15.01
"B1855+02","J1857+0212",0.415823055263,4.02719E-14,2.40486905991," "," ",164000.0,4.14000008E12,2.1999999880790704E34,8.0
"J1858+0215","J1858+0215",0.745828032,4.61E-15,1.3407916532," "," ",2560000.0,1.88000004E12,4.4000000343658014E32,12.46
"J1858+0241","J1858+0241",4.6932329333,2.432E-14,0.21307273988," "," ",3060000.0,1.08000004E13,9.299999987888438E30,6.46
"J1901+0235","J1901+0235",0.88524,,1.129637," "," ",,,,8.33
"J1902+0248","J1902+0248",1.22377745359,2.41E-15,0.81714203597," "," ",8060000.0,1.73999994E12,5.2000000323459955E31,6.09
"J1901+0300","J1901+0300",0.00779677625972,4.571E-20,128.25813729784,"ELL1"," ",2.7E9,6.04E8,3.800000122282653E33,5.5
"J1901+0254","J1901+0254",1.2996934495,4.6E-16,0.76941220286," "," ",4.52E7,7.7900002E11,8.200000252145398E30,3.95
"J1900+0308","J1900+0308",0.00490923901642,5.9E-21,203.6975581461,"ELL1"," ",1.32E10,1.72E8,1.9999999494757496E33,5.27
"J1901+0320","J1901+0320",0.63658447822,5.2E-16,1.57088341645," "," ",1.93E7,5.8400001E11,7.999999979801939E31,7.74
"J1907+0249","J1907+0249",0.351879439822,1.135E-15,2.84188243708," "," ",4910000.0,6.4E11,9.999999747378748E32,7.49
"B1907+02","J1909+0254",0.98983120721,5.52533E-15,1.010273259436," "," ",2840000.0,2.37000013E12,2.2000000171829007E32,4.5
"J1907+0256","J1907+0256",0.61877,,1.616109," "," ",,,,6.68
"B1907+03","J1910+0358",2.33026282052,4.4711E-15,0.42913614344," "," ",8260000.0,3.26999998E12,1.3999999737279718E31,2.95
"J1903+0327","J1903+0327",0.00214991236435,1.88208E-20,465.135238339217,"DD"," ",1.81E9,2.04E8,7.499999832361934E34,6.45
"J1905+0400","J1905+0400",0.00378440478824,4.9052E-21,264.242346143483," "," ",1.22E10,1.38E8,3.600000054575502E33,1.33
"J1907+0345","J1907+0345",0.240153263208,8.222E-15,4.16400754519," "," ",463000.0,1.41999997E12,2.3000000510364766E34,8.62
"J1906+0414","J1906+0414",1.043361628655,1.1461E-14,0.958440460657," "," ",1440000.0,3.49999989E12,3.9999998989514996E32,9.21
"J1825-0319","J1825-0319",0.00455352791974,6.8E-21,219.60994148422,"BT"," ",1.06E10,1.78E8,2.800000074785202E33,3.26
"J1821-0331","J1821-0331",0.90231562918,2.53E-15,1.10825964625," "," ",5650000.0,1.53000005E12,1.400000019202707E32,5.56
"J1821-0256","J1821-0256",0.414111049843,3.72E-17,2.41481119709," "," ",1.76E8,1.25999997E11,2.1000000742787957E31,2.55
"J1818-01","J1818-01",0.8385,,1.192606," "," ",,,,15.45
"J1823-0154","J1823-0154",0.759777464363,1.13147E-15,1.31617486291," "," ",1.06E7,9.3799999E11,9.999999747378749E31,4.56
"J1824-0127","J1824-0127",2.49946826743,3.911E-15,0.400085095311," "," ",1.01E7,3.15999991E12,9.899999895424113E30,2.21
"J1833-0209","J1833-0209",0.291930632181,2.7548E-15,3.42547129271," "," ",1680000.0,9.0700002E11,4.4000000343658016E33,9.25
"J1838-0107","J1838-0107",0.4444257246169,5.46E-18,2.250094773119," "," ",1.29E9,4.9799999E10,2.499999993688106E30,5.83
"J1838-01","J1838-01",0.1832948,,5.455692," "," ",,,,6.88
"J1835-0114","J1835-0114",0.00511638764424,7.0E-21,195.4503977286,"BT"," ",1.16E10,1.92E8,2.0999999833293252E33,2.67
"J1830-0131","J1830-0131",0.457535874029,6.3181E-15,2.18562096824," "," ",1150000.0,1.72000005E12,2.6000000070780506E33,2.68
"J1830-0052","J1830-0052",0.34569803402,2.37E-16,2.8926979664," "," ",2.31E7,2.88999997E11,2.3000000510364764E32,7.1
"J1834-0031","J1834-0031",0.329531922488,4.486E-16,3.03460736808," "," ",1.16E7,3.89000004E11,4.899999839835799E32,4.35
"B1831-00","J1834-0010",0.520954311129,1.053E-17,1.91955413102,"ELL1"," ",7.84E8,7.4899997E10,2.9000000267842545E30,2.64
"J1837-0045","J1837-0045",0.617036695541,1.68451E-15,1.620649156245," "," ",5800000.0,1.03000002E12,2.800000038405414E32,2.55
"J1843-0000","J1843-0000",0.88033048188,7.792E-15,1.13593703794," "," ",1790000.0,2.65000006E12,4.5000000682193774E32,2.73
"J1829+0000","J1829+0000",0.199147397053,5.249E-16,5.02140632918," "," ",6010000.0,3.26999998E11,2.6000000070780506E33,3.32
"B1822+00","J1825+0004",0.778949400076,8.7616E-16,1.28378043542," "," ",1.41E7,8.3600002E11,7.300000106624791E31,2.26
"J1832+0029","J1832+0029",0.533917296,1.51E-15,1.872949251," "," ",5600000.0,9.0899998E11,3.899999865097924E32,1.45
"J1837+0053","J1837+0053",0.47351252978,3.8E-17,2.11187653357," "," ",1.99E8,1.34999998E11,1.3999999737279718E31,3.24
"J1811-0154","J1811-0154",0.92494482303,1.608E-15,1.08114557226," "," ",9110000.0,1.22999996E12,7.999999979801939E31,9.56
"J1809-0119","J1809-0119",0.7449764016,2.29E-15,1.3423243983," "," ",5150000.0,1.32000003E12,2.2000000171829007E32,10.59
"J1808+00","J1808+00",0.425115,,2.352305," "," ",,,,10.31
"J1821+0155","J1821+0155",0.03378133193189,2.9E-20,29.60214837047," "," ",1.85E10,1.0E9,3.000000106112565E31,2.29
"B1810+02","J1812+0226",0.793902802035,3.59963E-15,1.25960003849," "," ",3490000.0,1.71000005E12,2.800000038405414E32,6.16
"J1844+00","J1844+00",0.460503,,2.171539," "," ",,,,6.78
"J1846+0051","J1846+0051",0.434372879784,1.1226E-14,2.30216951044," "," ",613000.0,2.23000003E12,5.399999790824949E33,3.2
"J1844+0115","J1844+0115",0.00418554393666,1.07E-20,238.91757323111,"ELL1"," ",6.19E9,2.14E8,5.799999926239251E33,3.45
"J1841+0130","J1841+0130",0.0297727753332,8.17E-18,33.5877320407,"ELL1"," ",5.77E7,1.58000005E10,1.2000000569969412E34,3.19
"J1850+0124","J1850+0124",0.00355976376804,1.09E-20,280.91751733,"ELL1"," ",5.18E9,1.99E8,9.50000016018748E33,2.97
"J1849+0127","J1849+0127",0.54215548135,2.797E-14,1.844489329," "," ",307000.0,3.93999994E12,6.900000153109429E33,4.54
"J1851+0232","J1851+0232",0.34402,,2.906808," "," ",,,,14.8
"J1850+0242","J1850+0242",0.0044798640471,1.63E-19,223.221059721,"ELL1"," ",4.37E8,8.64E8,7.100000046193598E34,13.1
"J1853+03","J1853+03",0.58553,,1.707854," "," ",,,,6.11
"J1852+0305","J1852+0305",1.326148567,1.0E-16,0.7540633266," "," ",2.06E8,3.71999998E11,1.7000000696043568E30,6.73
"J1840+0214","J1840+0214",0.7974780753,8.294E-15,1.2539529687," "," ",1520000.0,2.60000003E12,6.500000017695127E32,5.42
"J1842+0257","J1842+0257",3.08825579295,2.9591E-14,0.323807374468," "," ",1650000.0,9.6700004E12,3.9999999899009695E31,3.93
"J1848+0351","J1848+0351",0.191442663494,6.73E-17,5.22349606796," "," ",4.51E7,1.15000001E11,3.799999831244348E32,10.53
"J1842+0358","J1842+0358",0.233326206679,8.115E-16,4.28584518744," "," ",4560000.0,4.39999988E11,2.5000001187436275E33,3.21
"J1856+0245","J1856+0245",0.08090668906,6.2117E-14,12.359917476," "," ",20600.0,2.27000005E12,4.6000000834465013E36,10.29
"J1854+0306","J1854+0306",4.5578200962,1.45125E-13,0.219403131079," ","RRAT",498000.0,2.59999998E13,6.100000064179765E31,4.11
"J1855+0307","J1855+0307",0.84534757461,1.811E-14,1.18294537068," "," ",740000.0,3.95999995E12,1.1999999696854499E33,7.45
"B1859+03","J1901+0331",0.65545023949,7.4593E-15,1.52566882999," "," ",1390000.0,2.24000003E12,9.999999747378748E32,7.0
"J1858+0346","J1858+0346",0.25684379795,2.0401E-15,3.89341696386," "," ",1990000.0,7.3299997E11,4.7999998787417995E33,7.28
"J1854+0317","J1854+0317",1.3664496471,1.85E-15,0.73182352685," "," ",1.17E7,1.60999997E12,2.9000000267842545E31,7.95
"J1856+0404","J1856+0404",0.42025215518,3.7E-17,2.3795237875," "," ",1.8E8,1.25999997E11,1.9999999949504848E31,6.98
"J1855+0422","J1855+0422",1.6781063295,9.3E-16,0.59590979571," "," ",2.86E7,1.25999999E12,7.799999934832156E30,9.85
"J1901+0355","J1901+0355",0.55475646483,1.2741E-14,1.80259278332," "," ",690000.0,2.69000009E12,2.8999999631196254E33,10.18
"J1904+0412","J1904+0412",0.0710948973807,1.1E-19,14.06570705975,"BT"," ",1.02E10,2.83000013E9,1.200000042445026E31,4.01
"J1903+0415","J1903+0415",1.15139,,0.868515," "," ",,,,9.65
"J1901+0413","J1901+0413",2.663079683,1.316E-13,0.37550509899," "," ",321000.0,1.88999994E13,2.800000038405414E32,6.91
"J1901+0435","J1901+0435",0.6905763581,8.67E-15,1.4480657907," "," ",1260000.0,2.47999994E12,9.999999747378748E32,30.0
"J1904+0451","J1904+0451",0.00609236792963,5.7E-21,164.1397912192," "," ",1.69E10,1.89E8,9.999999747378748E32,3.96
"J1901+0459","J1901+0459",0.87706,,1.140173," "," ",,,,30.0
"J1901+0510","J1901+0510",0.61475669408,3.11E-14,1.6266597983," "," ",313000.0,4.42E12,5.30000019352883E33,8.47
"J1849+0409","J1849+0409",0.761194081655,2.15864E-14,1.313725400789," "," ",559000.0,4.10000006E12,1.9000000611413266E33,2.41
"B1848+04","J1851+0418",0.284697472498,1.089018E-15,3.51250044908," "," ",4140000.0,5.6299998E11,1.9000000611413266E33,3.17
"J1850+0423","J1850+0423",0.290716217162,9.14E-17,3.43978058659," "," ",5.04E7,1.65000004E11,1.4999999621068123E32,7.38
"J1853+0505","J1853+0505",0.90513735425,1.28061E-15,1.10480469655," "," ",1.12E7,1.08999999E12,6.799999937356913E31,7.54
"J1857+0526","J1857+0526",0.349951177522,6.9311E-15,2.85754146359," "," ",800000.0,1.57999995E12,6.399999838322399E33,11.44
"J1855+0527","J1855+0527",1.39348448168,2.67207E-13,0.7176255015," "," ",82600.0,1.95000009E13,3.900000010617076E33,9.7
"J1859+0601","J1859+0601",1.04431270179,2.551E-14,0.95756759282," "," ",649000.0,5.2200001E12,8.800000068731603E32,5.98
"J1853+0545","J1853+0545",0.12640033324309,6.124816E-16,7.91137154739," "," ",3270000.0,2.81999999E11,1.2000000569969412E34,4.77
"J1848+0604","J1848+0604",2.21860264699,3.736E-15,0.45073415979," "," ",9410000.0,2.90999999E12,1.3999999737279718E31,8.78
"J1845+0623","J1845+0623",1.42165378409,5.46E-16,0.70340613952," "," ",4.13E7,8.91E11,7.500000265281413E30,3.53
"J1848+0647","J1848+0647",0.5059567391,8.7516E-15,1.9764535636," "," ",916000.0,2.12999995E12,2.699999895412474E33,1.44
"J1855+0700","J1855+0700",0.258684648071,7.516E-16,3.86571065372," "," ",5450000.0,4.46000005E11,1.6999999934341754E33,6.84
"J1842+0638","J1842+0638",0.313016401038,7.6E-17,3.1947207772," "," ",6.52E7,1.55999994E11,9.800000043469479E31,11.04
"J1848+0826","J1848+0826",0.32866472679,2.721E-16,3.04261430719," "," ",1.91E7,3.02999994E11,2.9999999242136247E32,3.37
"J1929+00","J1929+00",1.1669,,0.856971," "," ",,,,1.74
"J1943+0609","J1943+0609",0.446226281658,4.659E-16,2.241015469291," "," ",1.52E7,4.61000016E11,2.0999999833293254E32,3.89
"B1923+04","J1926+0431",1.074078173597,2.45892E-15,0.931030929202," "," ",6920000.0,1.64E12,7.8000002758926695E31,3.95
"J1913+0446","J1913+0446",1.61612987171,2.78904E-13,0.61876215365," "," ",91800.0,2.15000002E13,2.6000000070780506E33,3.41
"J1938+0650","J1938+0650",1.121561892,5.68E-15,0.891613746," "," ",3130000.0,2.54999999E12,1.5999999959603878E32,3.64
"J1926+0737","J1926+0737",0.318062050971,3.75E-16,3.14404059506," "," ",1.34E7,3.49000008E11,4.600000102072953E32,5.61
"J1933+0758","J1933+0758",0.437454407217,2.183E-16,2.28595250957," "," ",3.18E7,3.13000002E11,9.999999747378749E31,8.33
"J1950+05","J1950+05",0.455934,,2.1933," "," ",,,,4.43
"J1945+07","J1945+07",1.0739,,0.931185," "," ",,,,3.47
"J1956+0838","J1956+0838",0.303910924347,2.199E-16,3.29043782203," "," ",2.19E7,2.62000001E11,3.0999999580672003E32,4.31
"J2007+0809","J2007+0809",0.32572436605,1.37E-16,3.0700804245," "," ",3.77E7,2.13999993E11,1.5999999959603878E32,3.44
"J2007+0910","J2007+0910",0.4587348258074,3.3244E-16,2.179908617664," "," ",2.19E7,3.94999988E11,1.400000019202707E32,2.93
"J1947+0915","J1947+0915",1.48074382424,4.78E-16,0.67533626251," "," ",4.91E7,8.5099997E11,5.800000053568509E30,5.8
"J1944+0907","J1944+0907",0.00518520190413,1.713E-20,192.85652101691," "," ",4.8E9,3.02E8,4.9000000581145276E33,1.28
"J1941+1026","J1941+1026",0.9053938883,9.962E-16,1.1044916615," "," ",1.44E7,9.6099998E11,5.299999884300631E31,8.6
"J1939+10","J1939+10",2.31,,0.433," "," ",,,,4.58
"J1947+10","J1947+10",1.110944,,0.900135," "," ",,,,13.83
"J1951+1123","J1951+1123",5.0940830275,3.031E-15,0.196306183979," "," ",2.66E7,3.97999997E12,9.09999968712327E29,1.66
"J1953+1149","J1953+1149",0.8518902768,2.865E-15,1.1738600935," "," ",4710000.0,1.57999995E12,1.800000063667539E32,12.53
"B1949+14","J1952+1410",0.27502568252,1.2815E-16,3.63602406451," "," ",3.4E7,1.90000005E11,2.400000084890052E32,1.66
"J1908+0457","J1908+0457",0.8467928462,9.8E-16,1.1809263676," "," ",1.37E7,9.2200003E11,6.4000000747910215E31,9.3
"J1908+0500","J1908+0500",0.29102078676,2.5856E-15,3.436180663," "," ",1780000.0,8.7800001E11,4.1000000783242273E33,4.43
"J1907+05","J1907+05",0.16868,,5.928385," "," ",,,,11.03
"J1907+0534","J1907+0534",1.1384027132,3.15E-15,0.8784237673," "," ",5730000.0,1.92000007E12,8.400000297115183E31,11.94
"J1910+0534","J1910+0534",0.45286735393,1.92E-15,2.2081521031," "," ",3730000.0,9.4500002E11,8.19999986561015E32,15.39
"J1907+0602","J1907+0602",0.106632746266,8.68208E-14,9.3779822336," ","HE",19500.0,3.08000011E12,2.8000000119209283E36,3.01
"J1909+0616","J1909+0616",0.75599276085,2.058E-14,1.322763989," "," ",582000.0,3.98999998E12,1.9000000611413266E33,8.59
"J1905+0600","J1905+0600",0.441209731966,1.1123E-15,2.26649578998," "," ",6280000.0,7.0899997E11,5.09999990754295E32,18.06
"B1900+05","J1902+0556",0.7465773564336,1.2875167E-14,1.339445927984," "," ",919000.0,3.13999989E12,1.1999999696854499E33,3.6
"J1903+0601","J1903+0601",0.374117028251,1.92039E-14,2.67296039604," "," ",309000.0,2.71000011E12,1.3999999500811096E34,7.84
"J1905+0616","J1905+0616",0.989706023196,1.35232E-13,1.010401044919," "," ",116000.0,1.17000005E13,5.499999970197676E33,5.24
"J1909+0641","J1909+0641",0.741761952452,3.2239E-15,1.348141403983," ","RRAT",3650000.0,1.55999994E12,3.0999999580672003E32,1.86
"B1904+06","J1906+0641",0.2672750082591,2.135599E-15,3.741464667847," "," ",1980000.0,7.6500002E11,4.4000000343658016E33,7.0
"J1906+0649","J1906+0649",1.28656437956,1.52E-16,0.77726386327," "," ",1.34E8,4.48E11,2.799999947455944E30,5.07
"J1913+0617","J1913+0617",0.00503,,198.807157," "," ",,,,3.97
"J1914+0631","J1914+0631",0.69381120574,3.3E-17,1.44131428222," "," ",3.31E8,1.53999999E11,3.899999967416078E30,2.68
"J1914+0659","J1914+0659",0.01851,,54.024851," "," ",,,,5.26
"J1915+0738","J1915+0738",1.54270444942,3.306E-15,0.6482123004," "," ",7390000.0,2.29000007E12,3.5999998999614027E31,1.98
"J1910+0714","J1910+0714",2.7124228384,6.122E-15,0.36867408202," "," ",7020000.0,4.12000007E12,1.200000042445026E31,3.6
"J1910+0728","J1910+0728",0.325415321974,8.3062E-15,3.072996052959," "," ",621000.0,1.66000001E12,9.50000016018748E33,6.04
"J1915+0752","J1915+0752",2.05831378861,1.39E-16,0.485834572714," "," ",2.35E8,5.41000008E11,6.3000001659929676E29,3.56
"B1900+06","J1902+0615",0.67350331693,7.7127E-15,1.48477368242," "," ",1380000.0,2.31000008E12,9.999999747378748E32,7.0
"J1901+0621","J1901+0621",0.83200194892,1.8E-17,1.20192026148," "," ",7.32E8,1.24000002E11,1.1999999571798977E30,3.11
"J1900+0634","J1900+0634",0.389869101178,5.125E-15,2.56496346332," "," ",1210000.0,1.42999998E12,3.399999986868351E33,7.31
"B1903+07","J1905+0709",0.6480400543,4.9416E-15,1.54311449326," "," ",2080000.0,1.80999999E12,7.200000254670156E32,4.98
"J1906+0722","J1906+0722",0.1115241364978,3.587895E-14,8.9666688432," ","NRAD",49200.0,2.02000001E12,1.000000014901161E36,
"J1906+0725","J1906+0725",1.53651,,0.650826," "," ",,,,9.17
"J1904+0738","J1904+0738",0.2089583321216,4.10898E-16,4.785643098539," "," ",8060000.0,2.9700001E11,1.800000027287751E33,5.86
"B1859+07","J1901+0716",0.64399866351,2.2872E-15,1.55279825358," "," ",4460000.0,1.22999996E12,3.400000059627927E32,3.4
"J1902+0723","J1902+0723",0.4878126283,2.1E-16,2.0499674301," "," ",3.68E7,3.2399999E11,7.09999994796817E31,3.33
"J1907+0731","J1907+0731",0.363676330005,1.8416E-14,2.74969778755," "," ",313000.0,2.62000004E12,1.5000000130385157E34,4.89
"J1908+0734","J1908+0734",0.212352673319,8.2459E-16,4.70914721426," "," ",4080000.0,4.23000015E11,3.399999986868351E33,0.58
"J1907+0740","J1907+0740",0.574697951954,6.71E-16,1.7400444818," "," ",1.36E7,6.2899998E11,1.400000019202707E32,6.84
"J1909+0749","J1909+0749",0.23716129322,1.5192E-13,4.2165396656," "," ",24700.0,6.0699999E12,4.500000178813933E35,10.84
"J1906+0746","J1906+0746",0.14407315538,2.02678E-14,6.940918295,"DD"," ",113000.0,1.73000006E12,2.7000000700354568E35,7.4
"J1904+0800","J1904+0800",0.26334472587,1.7317E-14,3.79730407243," "," ",241000.0,2.15999998E12,3.700000001117586E34,9.2
"J1908+0839","J1908+0839",0.185397243919,2.3865E-15,5.3938234402," "," ",1230000.0,6.73E11,1.5000000130385157E34,9.42
"B1906+09","J1908+0916",0.83026988471,9.8E-17,1.20442764264," "," ",1.34E8,2.88999997E11,6.800000278417427E30,5.17
"J1905+0902","J1905+0902",0.2182529126846,3.49853E-15,4.581840341554," "," ",988000.0,8.8400003E11,1.3000000035390254E34,9.14
"J1908+0909","J1908+0909",0.336554651762,3.48712E-14,2.97128562854," "," ",153000.0,3.47000013E12,3.59999993816018E34,8.81
"J1906+0912","J1906+0912",0.77534458995,1.32E-16,1.28974911667," "," ",9.29E7,3.2399999E11,1.0999999631167153E31,5.63
"J1907+0918","J1907+0918",0.2261071099878,9.42955E-14,4.42268268368," "," ",38000.0,4.6699999E12,3.2000001519918432E35,7.68
"J1907+0919","J1907+0919",5.198346,9.2E-11,0.19236888," ","AXP,NRAD",895.0,7.0000001E14,2.6000000070780507E34,
"J1916+0748","J1916+0748",0.54175211381,1.0708E-14,1.845862664," "," ",802000.0,2.43999991E12,2.699999895412474E33,8.24
"J1921+0812","J1921+0812",0.2106484121028,5.3633E-15,4.74724679867," "," ",622000.0,1.07999999E12,2.3000000510364766E34,3.47
"J1917+0834","J1917+0834",2.129665364024,1.74935E-14,0.469557338394," "," ",1930000.0,6.1800002E12,7.09999994796817E31,1.51
"J1916+0844","J1916+0844",0.439995272067,2.9009E-15,2.27275169413," "," ",2400000.0,1.14000003E12,1.3000000035390253E33,7.98
"J1915+0838","J1915+0838",0.34277679653,1.571E-15,2.9173503286," "," ",3460000.0,7.4299998E11,1.5000000712461764E33,8.12
"J1916+0852","J1916+0852",2.1827459895,1.31E-14,0.45813851213," "," ",2640000.0,5.4099999E12,4.9999998736893745E31,6.98
"J1927+0911","J1927+0911",0.290305256197,6.35E-17,3.44464999739," "," ",7.24E7,1.37000002E11,9.999999747378749E31,7.19
"J1913+0832","J1913+0832",0.134409003575,4.5696E-15,7.4399777798," "," ",466000.0,7.9300002E11,7.400000002235172E34,7.76
"J1911+09","J1911+09",0.27371,,3.653502," "," ",,,,6.88
"J1913+0904","J1913+0904",0.163245785775,1.76167E-14,6.1257324056," ","HE",147000.0,1.72000005E12,1.6000000759959216E35,3.49
"B1911+09","J1913+0936",1.24196459936,4.32E-16,0.80517592894," "," ",4.56E7,7.4100002E11,8.900000239009385E30,4.22
"B1914+09","J1916+0951",0.2702544395645,2.518463E-15,3.700216735057," "," ",1700000.0,8.3500001E11,5.000000237487255E33,2.88
"J1909+0912","J1909+0912",0.222949273318,3.5805E-14,4.4853252272," "," ",98700.0,2.85999995E12,1.3000000268220898E35,8.2
"J1911+10","J1911+10",0.19089,,5.238619," "," ",,,,8.19
"J1913+1000","J1913+1000",0.83714819649,1.6737E-14,1.19453163035," "," ",792000.0,3.7900001E12,1.1000000085914504E33,7.89
"B1913+10","J1915+1009",0.404547474466,1.52561E-14,2.47189777002," "," ",420000.0,2.50999996E12,9.100000024773178E33,7.0
"J1913+1011","J1913+1011",0.03590861279827,3.36768E-15,27.84847205371," "," ",169000.0,3.52000016E11,2.899999916553496E36,4.48
"B1910+10","J1912+1036",0.409349485862,1.5762E-14,2.44290034442," "," ",411000.0,2.57000001E12,9.100000024773178E33,4.23
"J1920+1040","J1920+1040",2.21580173889,6.48E-15,0.45130391517," "," ",5420000.0,3.83000012E12,2.400000084890052E31,7.19
"J1916+1023","J1916+1023",1.6183389208,6.8E-16,0.617917537," "," ",3.77E7,1.05999997E12,6.299999881775873E30,6.93
"B1913+105","J1916+1030",0.62896972129,3.4E-17,1.58990165369," "," ",2.93E8,1.47999998E11,5.399999736255266E30,7.55
"J1920+1110","J1920+1110",0.50988582045,1.56E-16,1.9612233953," "," ",5.18E7,2.85000008E11,4.600000011123483E31,5.01
"J1857+0809","J1857+0809",0.502923870516,4.7374E-15,1.98837251247," "," ",1680000.0,1.55999994E12,1.5000000712461764E33,8.72
"J1853+0853","J1853+0853",3.9146579157,5.13E-15,0.25545016232," "," ",1.21E7,4.5400001E12,3.4000001392087136E30,7.54
"J1903+0925","J1903+0925",0.35715482026,3.6899E-14,2.7999062123," "," ",153000.0,3.67000001E12,3.1999999191611994E34,4.17
"B1855+09","J1857+0943",0.00536210054793,1.78383E-20,186.49407840478,"ELL1"," ",4.76E9,3.13E8,4.600000102072953E33,0.7
"B1901+10","J1904+1011",1.8565697165,2.76E-16,0.53862776663," "," ",1.07E8,7.2399998E11,1.7000000696043568E30,4.03
"J1846+0919","J1846+0919",0.2255514533,9.93E-15,4.433578172," ","NRAD",360000.0,1.51000003E12,3.400000045076012E34,
"B1852+10","J1854+1050",0.573196989078,6.3887E-16,1.74460092962," "," ",1.42E7,6.1200001E11,1.2999999853491314E32,8.27
"J1910+1027","J1910+1027",0.53147,,1.881574," "," ",,,,19.2
"B1907+10","J1909+1102",0.2836413311242,2.63972E-15,3.52557928013," "," ",1700000.0,8.7599999E11,4.600000102072953E33,4.8
"J1907+1149","J1907+1149",1.42016034143,1.5979E-13,0.70414584243," "," ",141000.0,1.52000004E13,2.2000000171829008E33,5.28
"J1913+1103","J1913+1103",0.92391,,1.082357," "," ",,,,12.69
"B1911+11","J1914+1122",0.60099749634,6.555E-16,1.6639004423," "," ",1.45E7,6.35E11,1.200000042445026E32,3.8
"J1913+1145","J1913+1145",0.30606864497,5.016E-15,3.2672409162," "," ",967000.0,1.24999998E12,6.900000153109429E33,15.06
"J1915+1144","J1915+1144",0.17365,,5.75871," "," ",,,,6.9
"J1915+1149","J1915+1149",0.10004,,9.996002," "," ",,,,18.89
"J1916+1225","J1916+1225",0.227387488792,2.34516E-14,4.39777933831," "," ",154000.0,2.3400001E12,7.899999618530271E34,6.19
"J1909+1148","J1909+1148",0.44895,,2.22742," "," ",,,,5.18
"B1907+12","J1910+1231",1.441741592612,8.22973E-15,0.693605570599," "," ",2780000.0,3.48999988E12,1.1000000085914504E32,6.47
"J1901+1306","J1901+1306",1.830857453,1.31E-16,0.54619216715," "," ",2.21E8,4.96000008E11,8.399999984476378E29,3.53
"B1904+12","J1907+1247",0.82709737059,1.948E-15,1.20904749012," "," ",6730000.0,1.28E12,1.400000019202707E32,7.18
"J1910+1256","J1910+1256",0.00498358394057,9.686E-21,200.658805375034,"BT"," ",8.15E9,2.22E8,3.1000000308267766E33,1.95
"B1929+10","J1932+1059",0.226517635038,1.157426E-15,4.41466731644," ","HE[yhh94]",3100000.0,5.17999985E11,3.900000010617076E33,0.31
"J1935+12","J1935+12",1.9399,,0.51549," "," ",,,,9.81
"B1930+13","J1933+1304",0.928323751417,3.182E-16,1.077210400438," "," ",4.62E7,5.5E11,1.6000000186977554E31,8.1
"B1927+13","J1930+1316",0.76003196831,3.661E-15,1.31573412922," "," ",3290000.0,1.69000003E12,3.3000000257743516E32,8.28
"J1930+14","J1930+14",0.42571,,2.349017," "," ",,,,8.85
"J1941+1341","J1941+1341",0.559084099229,1.2387E-15,1.78863967224," "," ",7150000.0,8.4199997E11,2.800000038405414E32,8.55
"J1931+1440","J1931+1440",1.77923,,0.562041," "," ",,,,10.31
"J1937+1505","J1937+1505",2.8727736506,5.6E-15,0.3480956461," "," ",8110000.0,4.06000003E12,9.299999987888438E30,14.07
"B1933+15","J1936+1536",0.96733836953,4.039E-15,1.03376443187," "," ",3790000.0,1.99999999E12,1.800000063667539E32,8.41
"J1919+1314","J1919+1314",0.571399860595,3.78771E-15,1.750087931346," "," ",2390000.0,1.49000002E12,7.999999797902999E32,20.84
"J1918+1310","J1918+1310",0.85674,,1.167215," "," ",,,,6.31
"B1914+13","J1916+1312",0.2818424074,3.6491E-15,3.5480820974," "," ",1220000.0,1.03000002E12,6.399999838322399E33,4.5
"B1915+13","J1917+1353",0.194630982798,7.19782E-15,5.13792812235," "," ",428000.0,1.19999994E12,3.8999998942017543E34,5.0
"B1924+14","J1926+1434",1.324921971385,2.1948E-16,0.754761428671," "," ",9.56E7,5.46000011E11,3.700000092976551E30,8.02
"B1919+14","J1921+1419",0.618182590832,5.60066E-15,1.61764503697," "," ",1750000.0,1.88000004E12,9.400000271853057E32,4.08
"J1913+1330","J1913+1330",0.92339055858,8.6799E-15,1.08296537224," ","RRAT",1690000.0,2.85999995E12,4.4000000343658014E32,5.35
"J1911+1347","J1911+1347",0.00462596246526,1.712E-20,216.17123085389," "," ",4.28E9,2.85E8,6.799999973736702E33,1.6
"B1911+13","J1913+1400",0.5214727140817,8.03532E-16,1.917645876757," "," ",1.03E7,6.5500001E11,2.2000000171829007E32,5.07
"J1915+1410","J1915+1410",0.29749412167,4.89E-17,3.36141095625," "," ",9.63E7,1.21999999E11,7.300000106624791E31,7.76
"J1909+1450","J1909+1450",0.9961077952,2.19E-16,1.0039074133," "," ",7.21E7,4.72999985E11,8.700000080352763E30,4.94
"B1916+14","J1918+1444",1.1810232973,2.123644E-13,0.8467233477," ","HE[zkgl09]",88100.0,1.59999999E13,5.099999834783374E33,1.41
"J1921+1544","J1921+1544",0.1435756814094,9.8036E-16,6.964967814769," "," ",2320000.0,3.8000001E11,1.3000000035390254E34,15.1
"J1921+16","J1921+16",0.93643,,1.067885," "," ",,,,8.34
"J1918+1541","J1918+1541",0.37088299877,2.543E-15,2.6962681043," "," ",2310000.0,9.8300002E11,1.9999999494757496E33,0.68
"B1913+16","J1915+1606",0.059030003218,8.628E-18,16.94053778563,"BT"," ",1.08E8,2.2799999E10,1.6999999934341754E33,7.13
"J1919+1645","J1919+1645",0.562789986697,2.161E-16,1.776861748854," "," ",4.13E7,3.52999997E11,4.800000169780104E31,9.56
"J1928+15","J1928+15",0.403,,2.48139," ","RRAT",,,,9.87
"B1929+15","J1931+1536",0.314355396469,5.0148E-15,3.18111287808," "," ",993000.0,1.26999999E12,6.399999838322399E33,6.41
"J1929+16","J1929+16",0.529681,,1.887929," "," ",,,,0.63
"B1933+16","J1935+1616",0.3587384107696,6.0025237E-15,2.787546496219," "," ",947000.0,1.48000001E12,5.099999834783374E33,3.7
"J1932+17","J1932+17",0.04182,,23.912004," "," ",,,,2.7
"J1933+1726","J1933+1726",0.02151,,46.490005," "," ",,,,7.41
"J1935+1726","J1935+1726",0.00420010179188,,238.0894677202,"ELL1"," ",,,,3.11
"B1933+17","J1935+1745",0.654408146583,3.78E-16,1.528098336216," "," ",2.74E7,5.03000007E11,5.299999884300631E31,9.57
"J1926+1613","J1926+1613",0.3083,,3.243594," "," ",,,,1.7
"J1924+1628","J1924+1628",0.37509,,2.666027," "," ",,,,30.0
"J1924+1631","J1924+1631",2.9351864592,3.64212E-13,0.34069385843," "," ",128000.0,3.31000001E13,5.700000110664403E32,28.35
"J1924+1639","J1924+1639",0.1580429177826,2.56384E-15,6.327395203976," "," ",977000.0,6.4399999E11,2.6000000070780507E34,9.13
"B1924+16","J1926+1648",0.57982281497,1.79944E-14,1.72466480135," "," ",511000.0,3.26999998E12,3.600000054575502E33,6.0
"J1924+17","J1924+17",0.75843,,1.318513," "," ",,,,30.0
"B1921+17","J1923+1706",0.547209201831,4.3E-17,1.82745464925," "," ",2.02E8,1.54999996E11,9.999999974752424E30,6.38
"J1925+1721","J1925+1721",0.07566,,13.217024," "," ",,,,9.61
"J1922+1733","J1922+1733",0.2361708772317,1.338394E-14,4.234222321235," "," ",280000.0,1.79999998E12,4.000000189989804E34,10.0
"J1930+17","J1930+17",1.6096903,,0.6212375," "," ",,,,9.2
"J1928+1746","J1928+1746",0.0687304058253,1.31907E-14,14.5496012717," "," ",82600.0,9.6400002E11,1.5999999642372128E36,8.12
"J1930+1852","J1930+1852",0.136855046957,7.5057E-13,7.307001256," ","HE",2890.0,1.02999995E13,1.2000000476837154E37,7.0
"B1926+18","J1929+1844",1.22047000453,2.36E-15,0.81935647438," "," ",8190000.0,1.72000005E12,5.10000018039136E31,5.34
"J1929+19","J1929+19",0.3392154,,2.947979," "," ",,,,30.0
"J1631-1612","J1631-1612",0.67768391249,1.096E-15,1.47561419353," "," ",9800000.0,8.72E11,1.400000019202707E32,1.85
"J1635-1511","J1635-1511",1.17938703902,2.32E-16,0.84789807494," "," ",8.05E7,5.29000006E11,5.599999894911888E30,4.89
"J1632-1013","J1632-1013",0.71763732795,6.6E-17,1.39346151747," "," ",1.72E8,2.19999994E11,6.999999868639859E30,4.22
"J1652-1400","J1652-1400",0.305447058241,1.758E-17,3.27388977245," "," ",2.75E8,7.4199998E10,2.400000084890052E31,3.1
"J1643-1224","J1643-1224",0.00462164152494,1.84617E-20,216.373337179973,"DD"," ",3.97E9,2.96E8,7.39999988581985E33,0.74
"B1607-13","J1610-1322",1.018392746362,2.2984E-16,0.981939436993," "," ",7.02E7,4.89999991E11,8.600000001024453E30,3.89
"B1620-09","J1623-0908",1.2764458195155,2.580711E-15,0.783425339886," "," ",7840000.0,1.84000001E12,4.900000021734739E31,3.86
"J1623-0841","J1623-0841",0.503014997755,1.958E-15,1.98801229479," "," ",4070000.0,1.0E12,6.099999882280825E32,3.83
"J1547-0944","J1547-0944",1.576924632943,2.938E-15,0.634145715724," "," ",8500000.0,2.17999999E12,3.000000106112565E31,3.18
"B1642-03","J1645-0317",0.387689698034,1.780431E-15,2.57938244186," "," ",3450000.0,8.4100003E11,1.1999999696854499E33,2.61
"J1705-04","J1705-04",0.23748,,4.2109," ","RRAT",,,,3.04
"B1718-02","J1720-0212",0.477715343692,8.2798E-17,2.093296799451," "," ",9.14E7,2.00999993E11,3.000000106112565E31,5.41
"J1735-0243","J1735-0243",0.7828869765,6.32E-16,1.2773235857," "," ",1.96E7,7.1200001E11,5.2000000323459955E31,3.25
"B1732-02","J1734-0212",0.839394324968,4.21E-16,1.191335192834," "," ",3.16E7,6.02E11,2.7999999474559435E31,5.36
"J1745-0129","J1745-0129",1.045406855598,6.31E-16,0.956565374184," "," ",2.62E7,8.2200003E11,2.1999999262334305E31,7.26
"J1726-00","J1726-00",1.3086,,0.764175," "," ",,,,5.49
"B1726-00","J1728-0007",0.3860037238349,1.122656E-15,2.590648582519," "," ",5450000.0,6.6600003E11,7.699999696342272E32,2.44
"J1738+0333","J1738+0333",0.00585009585978,2.411992E-20,170.937369911464,"ELL1"," ",3.84E9,3.8E8,4.7999998787417995E33,1.47
"J1713+0747","J1713+0747",0.00457013652636,8.52961E-21,218.811843854726,"DD","HE[egc+13]",8.49E9,2.0E8,3.499999875202774E33,1.18
"J1551-0658","J1551-0658",0.00709,,141.043724," ","HE",,,,1.46
"B1540-06","J1543-0620",0.709064069786,8.7954E-16,1.410309790908," "," ",1.28E7,7.9899997E11,9.700000191514842E31,1.27
"J1555-0515","J1555-0515",0.97540989108,2.054E-15,1.02521002621," "," ",7520000.0,1.42999998E12,8.699999852979088E31,1.66
"J1611-01","J1611-01",1.29687,,0.771087," ","RRAT",,,,2.3
"B1604-00","J1607-0032",0.42181623358258,3.060926E-16,2.370700604637," "," ",2.18E7,3.63999986E11,1.5999999959603878E32,0.61
"J1518+0204C","J1518+0204C",0.00248392757025,2.6069E-20,402.58822840843,"ELL1"," ",1.51E9,2.58E8,6.6999997943639735E34,8.0
"J1518+0204D","J1518+0204D",0.002988,,334.67,"BT"," ",,,,8.0
"J1518+0204E","J1518+0204E",0.003182,,314.27,"BT"," ",,,,8.0
"B1516+02A","J1518+0204A",0.00555359252421,4.122E-20,180.06362469727," "," ",2.13E9,4.84E8,9.50000016018748E33,8.0
"B1516+02B","J1518+0204B",0.00794694065788,-3.33E-21,125.834587554,"BT"," ",,,,8.0
"J1645+1012","J1645+1012",0.410860719379,8.13E-17,2.433914834963," "," ",8.01E7,1.85000002E11,4.600000011123483E31,3.27
"B1612+07","J1614+0737",1.206801436397,2.35957E-15,0.828636733302," "," ",8100000.0,1.71000005E12,5.299999884300631E31,1.77
"J1627+1419","J1627+1419",0.490856730096,3.93E-16,2.037254332449," "," ",1.98E7,4.4400001E11,1.2999999853491314E32,2.84
"J1802+0128","J1802+0128",0.554261603931,2.109E-15,1.80420219064," "," ",4160000.0,1.08999999E12,4.899999839835799E32,8.79
"B1802+03","J1805+0306",0.2187115654904,9.99455E-16,4.57223191539," "," ",3470000.0,4.72999985E11,3.800000122282653E33,5.0
"J1802+03","J1802+03",0.6643,,1.505344," "," ",,,,5.12
"J1807+04","J1807+04",0.7989,,1.251721," "," ",,,,2.66
"J1811+0702","J1811+0702",0.46171267661,2.692E-15,2.16584913228," "," ",2720000.0,1.13000002E12,1.1000000085914504E33,3.13
"B1821+05","J1823+0550",0.7529065430494,2.26734E-16,1.328186093256," "," ",5.26E7,4.18000011E11,2.1000000742787957E31,2.0
"J1822+0705","J1822+0705",1.362817392033,1.7472E-15,0.733774022731," "," ",1.24E7,1.55999994E12,2.7000000955013087E31,3.02
"J1828+0625","J1828+0625",0.00363,,275.482094,"BT"," ",,,,1.18
"B1839+09","J1841+0912",0.381319294128,1.090344E-15,2.622474171642," "," ",5540000.0,6.5199997E11,7.799999730195849E32,2.49
"J1834+10","J1834+10",1.172719,,0.852719," "," ",,,,3.18
"J1807+0756","J1807+0756",0.464300493199,1.294E-16,2.153777595863," "," ",5.69E7,2.48000004E11,5.10000018039136E31,7.66
"J1806+1023","J1806+1023",0.484286459778,5.725E-17,2.064893576538," "," ",1.34E8,1.67999996E11,1.9999999949504848E31,3.27
"J1822+1120","J1822+1120",1.78703680542,2.346E-15,0.559585564756," "," ",1.21E7,2.07000004E12,1.6000000186977554E31,8.77
"J1814+1130","J1814+1130",0.751261115038,1.66038E-15,1.331095114579," "," ",7170000.0,1.13000002E12,1.4999999621068123E32,4.53
"J1819+1305","J1819+1305",1.060363543971,3.592E-16,0.943072784505," "," ",4.68E7,6.2499999E11,1.200000042445026E31,4.41
"J1736+05","J1736+05",0.999245,,1.000756," "," ",,,,2.81
"J1739+0612","J1739+0612",0.234169035616,1.564E-16,4.27041943171," "," ",2.37E7,1.93999995E11,4.800000169780104E32,5.44
"J1740+1000","J1740+1000",0.154087174313,2.14651E-14,6.48983281353," "," ",114000.0,1.84000001E12,2.3000000044703476E35,1.36
"J1745+1017","J1745+1017",0.00265212967109,2.729E-21,377.05547013813,"ELL1","HE",1.54E10,8.61E7,5.799999926239251E33,1.36
"B1737+13","J1740+1311",0.803050264794,1.45132E-15,1.245252064335," "," ",8770000.0,1.08999999E12,1.1000000085914504E32,4.77
"J1741+1351","J1741+1351",0.00374715449924,3.02169E-20,266.869167044769,"ELL1","HE[egc+13]",1.96E9,3.41E8,2.3000000510364766E34,1.08
"J1756+18","J1756+18",0.744,,1.3441," "," ",,,,5.09
"B1848+12","J1851+1259",1.20530328456,1.15199E-14,0.82966670116," "," ",1660000.0,3.77000008E12,2.5999999706982627E32,3.5
"J1837+1221","J1837+1221",1.96353198352,6.2E-15,0.50928633116," "," ",5020000.0,3.52999991E12,3.2000000373955108E31,6.1
"J1848+12","J1848+12",0.75473,,1.32498," "," ",,,,7.47
"J1842+1332","J1842+1332",0.47160357893,2.29E-16,2.12042496002," "," ",3.26E7,3.33000016E11,8.600000001024452E31,5.9
"J1853+1303","J1853+1303",0.00409179738146,8.7163E-21,244.391377865374,"BT"," ",7.44E9,1.91E8,5.000000237487255E33,1.6
"B1848+13","J1850+1335",0.3455818980725,1.492424E-15,2.89367008393," "," ",3670000.0,7.2700002E11,1.400000037392601E33,3.14
"J1850+15","J1850+15",1.383965,,0.7225616," ","RRAT",,,,1.3
"J1859+1526","J1859+1526",0.933971582308,3.9255E-15,1.07069638835," "," ",3770000.0,1.93999995E12,1.899999915622174E32,4.76
"J1839+15","J1839+15",0.54916053388,2.613E-14,1.8209611549," "," ",333000.0,3.83000012E12,6.200000061653553E33,3.94
"J1828+1359","J1828+1359",0.741639520385,7.286E-16,1.348363959193," "," ",1.61E7,7.44E11,7.09999994796817E31,3.29
"B1842+14","J1844+1454",0.37546337852,1.8723E-15,2.6633755972," "," ",3180000.0,8.4799999E11,1.400000037392601E33,2.61
"J1838+1650","J1838+1650",1.90196739931,2.677E-15,0.52577136725," "," ",1.13E7,2.28000006E12,1.5000000530562825E31,1.84
"B1913+167","J1915+1647",1.616231495126,4.055E-16,0.618723247886," "," ",6.32E7,8.1899998E11,3.7999998880877674E30,3.16
"J1911+1758","J1911+1758",0.46040581878,1.31E-17,2.1719968758," "," ",5.57E8,7.8600004E10,5.300000225361145E30,2.54
"J1909+1859","J1909+1859",0.54245109601,9.7E-17,1.84348415434," "," ",8.86E7,2.31999996E11,2.400000084890052E31,3.4
"J1906+1854","J1906+1854",1.01909277135,2.054E-16,0.981264933," "," ",7.86E7,4.63000011E11,7.699999855503845E30,11.06
"J1919+1745","J1919+1745",2.081343459724,1.705E-15,0.480458905198," ","RRAT",1.93E7,1.91000006E12,7.500000265281413E30,6.86
"J1917+1737","J1917+1737",0.33472522676,3.24E-16,2.98752505056," "," ",1.64E7,3.33000016E11,3.400000059627927E32,10.21
"J1925+19","J1925+19",1.916353,,0.5218245," "," ",,,,16.42
"B1925+18","J1927+1852",0.482766273821,1.16E-16,2.07139573377," "," ",6.59E7,2.38999994E11,4.099999841855605E31,10.28
"B1925+188","J1927+1856",0.298313497249,2.243E-15,3.35217819248," "," ",2110000.0,8.2799998E11,3.300000098533928E33,4.81
"J1928+1923","J1928+1923",0.817329808312,6.3495E-15,1.223496304466," "," ",2040000.0,2.31000008E12,4.600000102072953E32,30.0
"B1924+19","J1926+1928",1.34601218493,1.43E-15,0.74293532495," "," ",1.49E7,1.39999995E12,2.3000000055617415E31,30.0
"B1918+19","J1921+1948",0.821035080573,8.9551E-16,1.217974753651," "," ",1.45E7,8.6800001E11,6.4000000747910215E31,8.15
"J1926+2016","J1926+2016",0.2990717782966,3.50084E-15,3.343678917802," "," ",1350000.0,1.04000002E12,5.200000014156101E33,11.85
"B1919+20","J1921+2003",0.76068138902,5.0E-17,1.314610840274," "," ",2.41E8,1.97000004E11,4.4999998749517534E30,5.16
"B1922+20","J1924+2040",0.237790138,2.09E-15,4.20538887," "," ",1800000.0,7.1300003E11,6.099999882280825E33,10.75
"B1920+20","J1922+2018",1.17276340202,6.4875E-16,0.852686908781," "," ",2.86E7,8.8300002E11,1.6000000186977554E31,10.74
"B1910+20","J1912+2104",2.232969028273,1.017751E-14,0.447834245499," "," ",3480000.0,4.8199998E12,3.5999998999614027E31,4.84
"J1903+2225","J1903+2225",0.65118538418,4.45E-16,1.5356610027," "," ",2.32E7,5.44999997E11,6.4000000747910215E31,7.86
"J1908+2351","J1908+2351",0.377578026,1.7E-17,2.648459209," "," ",3.52E8,8.1099997E10,1.200000042445026E31,6.63
"J1821+1715","J1821+1715",1.366682059422,8.714E-16,0.731699075953," "," ",2.48E7,1.1E12,1.3000000080864989E31,4.68
"J1810+1744","J1810+1744",0.00166,,602.409639,"BT","HE",,,,2.49
"J1813+1822","J1813+1822",0.3364246764,2.1E-17,2.972433564," "," ",2.54E8,8.5100003E10,2.1999999262334305E31,6.24
"J1843+2024","J1843+2024",3.4065386707,1.04E-15,0.2935531038," "," ",5.19E7,1.90000005E12,1.0000000116860971E30,7.72
"J1849+2423","J1849+2423",0.27564149867101,1.52582E-16,3.627900750872," "," ",2.86E7,2.07999992E11,2.9000000722589896E32,4.02
"J1829+2456","J1829+2456",0.04100982358117,5.25E-20,24.38440141106,"BT"," ",1.24E10,1.48E9,3.000000106112565E31,0.74
"J1720+2150","J1720+2150",1.61566378034,7.4E-16,0.61894065595," "," ",3.46E7,1.11000001E12,6.899999789311548E30,3.59
"J1709+2313","J1709+2313",0.00463119627784,3.63E-21,215.92693118725,"BT"," ",2.02E10,1.31E8,1.400000037392601E33,1.83
"J1746+2245","J1746+2245",3.46503778264,4.919E-15,0.288597141714," "," ",1.12E7,4.18000011E12,4.7000000336083745E30,4.32
"J1752+2359","J1752+2359",0.409050865044,6.427E-16,2.44468374341," "," ",1.01E7,5.18999998E11,3.7000001611886535E32,2.7
"J1746+2540","J1746+2540",1.0581481703,1.047E-15,0.94504723258," "," ",1.6E7,1.06999998E12,3.5000000480067675E31,4.16
"J1741+2758","J1741+2758",1.3607376877,1.841E-15,0.7348954975," "," ",1.17E7,1.59999997E12,2.9000000267842545E31,2.06
"J1758+3030","J1758+3030",0.94725581104,7.2E-16,1.05568104027," "," ",2.08E7,8.3600002E11,3.299999889350146E31,2.67
"J0211-8159","J0211-8159",1.0773327013,2.9E-16,0.9282183663," "," ",5.89E7,5.6600003E11,9.199999908560128E30,1.83
"B0403-76","J0401-7608",0.545252742352,1.5382E-15,1.83401186702," "," ",5620000.0,9.2699997E11,3.7000001611886535E32,1.5
"B0538-75","J0536-7543",1.24585559629,5.65E-16,0.80266124178," "," ",3.49E7,8.4900001E11,1.200000042445026E31,1.04
"J0540-7125","J0540-7125",1.286014595,8.2E-16,0.7775961516," "," ",2.48E7,1.04000002E12,1.5000000530562825E31,2.69
"J0456-7031","J0456-7031",0.80013207321,3.67E-14,1.24979366967," "," ",345000.0,5.4800003E12,2.800000074785202E33,49.7
"J0449-7031","J0449-7031",0.479163971291,3.371E-15,2.08696826121," "," ",2250000.0,1.29000001E12,1.1999999696854499E33,49.7
"J0457-69","J0457-69",0.231390388,,4.3217007," "," ",,,,49.7
"B0456-69","J0455-6951",0.320422711526,1.02119E-14,3.12087740359," "," ",497000.0,1.83E12,1.2000000569969412E34,49.7
"J0456-69","J0456-69",0.117073051,,8.5416754," "," ",,,,49.7
"J0555-7056","J0555-7056",0.82783808575,5.96E-15,1.20796568461," "," ",2200000.0,2.25000004E12,4.099999932805075E32,49.7
"J0535-6935","J0535-6935",0.20051133,1.15E-14,4.9872493," "," ",276000.0,1.54000006E12,5.599999800324438E34,49.7
"J0537-69","J0537-69",0.112613212,,8.8799527," "," ",,,,49.7
"B0540-69","J0540-6919",0.05049881764574,4.78924621E-13,19.80244383176," ","HE[mp85]",1670.0,4.9799999E12,1.4999999999999995E38,49.7
"J0537-6910","J0537-6910",0.0161222220245,5.1784338E-14,62.0261895958," ","NRAD",4930.0,9.2500001E11,4.8999999999999985E38,49.7
"J0543-6851","J0543-6851",0.70895418575,3.94E-15,1.41052838124," "," ",2850000.0,1.69000003E12,4.4000000343658014E32,49.7
"J0532-69","J0532-69",0.57459786,,1.740348," "," ",,,,49.7
"J0519-6932","J0519-6932",0.263211634568,6.968E-16,3.79922415527," "," ",5980000.0,4.32999989E11,1.5000000712461764E33,49.7
"J0522-6847","J0522-6847",0.67453190906,1.7727E-14,1.48250955451," "," ",603000.0,3.49999989E12,2.3000000510364764E33,49.7
"J0521-68","J0521-68",0.4334207,,2.3072271," "," ",,,,49.7
"J0542-68","J0542-68",0.425189,,2.351895," "," ",,,,49.7
"J0534-6703","J0534-6703",1.81756503106,4.2505E-13,0.55018664142," "," ",67800.0,2.80999997E13,2.800000074785202E33,49.7
"B0529-66","J0529-6652",0.97572496638,1.5509E-14,1.02487897149," "," ",997000.0,3.93999994E12,6.600000051548703E32,49.7
"J0535-66","J0535-66",0.210524357,,4.7500442," "," ",,,,49.7
"J0532-6639","J0532-6639",0.64274275093,5.354E-15,1.55583240504," "," ",1900000.0,1.88000004E12,7.999999797902999E32,49.7
"J0525-6607","J0525-6607",8.047,6.5E-11,0.12427," ","AXP,NRAD",1960.0,7.32E14,4.9000000581145276E33,
"J0458-67","J0458-67",1.1339,,0.881912," "," ",,,,49.7
"J0451-67","J0451-67",0.24545429,0.0,4.0740783," "," ",,,,49.7
"B0502-66","J0502-6617",0.69125141818,2.309E-14,1.44665164324," "," ",474000.0,4.04000001E12,2.800000074785202E33,49.7
"J0511-6508","J0511-6508",0.322061827468,2.06E-16,3.10499386985," "," ",2.48E7,2.61000004E11,2.400000084890052E32,2.17
"J0457-6337","J0457-6337",2.49701169613,2.1E-16,0.40047870082," "," ",1.88E8,7.3299997E11,5.300000083252597E29,2.94
"J0045-7319","J0045-7319",0.92627590497,4.4632E-15,1.07959193868,"BT"," ",3290000.0,2.06000003E12,2.2000000171829007E32,59.7
"J0131-7310","J0131-7310",0.348124045581,1.7614E-15,2.87253929366," "," ",3130000.0,7.92E11,1.5999999595805998E33,59.7
"J0113-7220","J0113-7220",0.32588301613,4.859E-15,3.06858581302," "," ",1060000.0,1.26999999E12,5.499999970197676E33,59.7
"J0057-7201","J0057-7201",0.7380624426,1.0E-16,1.3548989114," "," ",1.17E8,2.75000001E11,9.799999816095803E30,2.49
"B0021-72M","J0024-7204M",0.0036766432176,-3.843E-20,271.98722878893," "," ",,,,4.0
"B0021-72C","J0024-7204C",0.00575677999551,-4.985E-20,173.708218966053," "," ",,,,4.0
"B0021-72E","J0024-7204E",0.00353632915276,9.8509E-20,282.77910703517,"ELL1"," ",5.69E8,5.97E8,8.799999952316282E34,4.0
"B0021-72L","J0024-7204L",0.00434616799946,-1.2206E-19,230.0877462915," "," ",,,,4.0
"J0024-7204O","J0024-7204O",0.00264334329724,3.0353E-20,378.30878836037,"ELL1"," ",1.38E9,2.87E8,6.500000134110449E34,4.0
"J0024-7204P","J0024-7204P",0.003643021,,274.49746,"BT"," ",,,,4.0
"J0024-7204R","J0024-7204R",0.003480463,,287.3181,"BT"," ",,,,4.0
"J0024-7204V","J0024-7204V",0.00481,,207.9," "," ",,,,4.0
"J0024-7204W","J0024-7204W",0.002352344,,425.10789,"BT"," ",,,,4.0
"J0024-7204X","J0024-7204X",0.004771,,209.599665," "," ",,,,4.0
"J0024-7204Y","J0024-7204Y",0.00219666,,455.236586,"BT"," ",,,,4.0
"J0024-7204Z","J0024-7204Z",0.004554,,219.587176," "," ",,,,4.0
"B0021-72D","J0024-7204D",0.00535757328486,-3.43E-21,186.651669856838," "," ",,,,4.0
"J0024-7204Q","J0024-7204Q",0.00403318118457,3.4013E-20,247.94323741908,"ELL1"," ",1.88E9,3.75E8,2.000000094994902E34,4.0
"B0021-72F","J0024-7204F",0.00262357935251,6.45E-20,381.15866365655," "," ",6.44E8,4.16E8,1.400000043213367E35,4.0
"J0024-7204S","J0024-7204S",0.00283040595788,-1.20536E-19,353.30620938559,"ELL1"," ",,,,4.0
"B0021-72G","J0024-7204G",0.00404037914356,-4.215E-20,247.50152509652," "," ",,,,4.0
"B0021-72I","J0024-7204I",0.00348499206166,-4.5872E-20,286.94469953064,"ELL1"," ",,,,4.0
"J0024-7204T","J0024-7204T",0.00758847980736,2.9374E-19,131.77869947412,"ELL1"," ",4.09E8,1.51E9,2.700000070035457E34,4.0
"B0021-72N","J0024-7204N",0.00305395434626,-2.1871E-20,327.44431861755," "," ",,,,4.0
"B0021-72H","J0024-7204H",0.00321034070935,-1.835E-21,311.49341784442,"BT"," ",,,,4.0
"J0024-7204U","J0024-7204U",0.00434282669639,9.5229E-20,230.26477221192,"ELL1"," ",7.23E8,6.51E8,4.600000102072953E34,4.0
"B0021-72J","J0024-7204J",0.00210063354535,-9.7921E-21,476.046858440607,"ELL1"," ",,,,4.0
"J0045-7042","J0045-7042",0.63233580002,2.49E-15,1.5814382168," "," ",4020000.0,1.26999999E12,3.899999865097924E32,59.7
"J0100-7211","J0100-7211",8.020392,1.88E-11,0.12468219," ","AXP,NRAD",6760.0,3.9300001E14,1.400000037392601E33,59.7
"J0111-7131","J0111-7131",0.68854151164,7.092E-15,1.45234525892," "," ",1540000.0,2.24000003E12,8.600000001024452E32,59.7
"J0133-6957","J0133-6957",0.463473741703,1.2E-16,2.157619537033," "," ",6.12E7,2.38999994E11,4.800000169780104E31,2.42
"J0101-6422","J0101-6422",0.00257315197217,5.16E-21,388.6284256881,"BT","HE",7.9E9,1.17E8,1.2000000569969412E34,0.73
"B0254-53","J0255-5304",0.447708444058,3.06E-17,2.23359646947," "," ",2.32E8,1.18000001E11,1.3000000080864989E31,1.15
"J0420-5022","J0420-5022",3.453004027,2.759E-14,0.2896029058," ","XINS,NRAD",1980000.0,9.8799997E12,2.6000000161729978E31,
"J0437-4715","J0437-4715",0.00575745193671,5.729215E-20,173.687945812184,"T2","HE[bt93,aaa+09f]",1.59E9,5.81E8,1.2000000569969412E34,0.16
"J0514-4407","J0514-4407",0.3022,,3.309067," "," ",,,,0.92
"J0514-4002A","J0514-4002A",0.00499057511411,1.17E-21,200.37770740529,"BT"," ",6.75E10,7.73E7,3.7000001611886535E32,12.1
"J0418-4154","J0418-4154",0.75711887132,9.7E-16,1.320796559," "," ",1.23E7,8.6900002E11,8.899999556888358E31,2.46
"J0448-2749","J0448-2749",0.4504483308563,1.48347E-16,2.220010446257," "," ",4.81E7,2.62000001E11,6.4000000747910215E31,2.87
"J0410-31","J0410-31",1.8785,,0.53234," ","RRAT",,,,0.52
"B0203-40","J0206-4028",0.630550140847,1.1994E-15,1.585916702289," "," ",8330000.0,8.7999998E11,1.899999915622174E32,0.88
"J0134-2937","J0134-2937",0.1369615841351,7.83718E-17,7.30131741915," "," ",2.77E7,1.05000002E11,1.1999999696854499E33,1.78
"J0343-3000","J0343-3000",2.59702715738,5.7E-17,0.385055657642," "," ",7.22E8,3.89000004E11,1.30000001874464E29,2.22
"B0149-16","J0152-1637",0.8327416126878,1.299202E-15,1.20085268319," "," ",1.02E7,1.05000003E12,8.899999556888358E31,0.69
"J1036-8317","J1036-8317",0.003408,,293.42723,"BT","HE",,,,1.59
"B1118-79","J1119-7936",2.2805971963,3.67E-15,0.43848164052," "," ",9850000.0,2.93E12,1.200000042445026E31,1.52
"J1159-7910","J1159-7910",0.5250742392,2.817E-15,1.9044925943," "," ",2950000.0,1.22999996E12,7.699999696342272E32,4.36
"B1056-78","J1057-7914",1.3474021612,1.327E-15,0.742168915," "," ",1.61E7,1.35000005E12,2.1000000742787957E31,3.46
"B0904-74","J0904-7459",0.54955311909,4.63E-16,1.8196603117," "," ",1.88E7,5.10000005E11,1.1000000085914504E32,4.41
"B0909-71","J0909-7212",1.3628899542,3.33E-16,0.7337349556," "," ",6.48E7,6.8199999E11,5.200000146032833E30,4.0
"J1017-7156","J1017-7156",0.00233851444012,2.2194E-21,427.621905105409,"DD"," ",1.67E10,7.29E7,6.900000153109429E33,0.26
"J1056-7117","J1056-7117",0.0263096769824,6.3E-20,38.008828488,"ELL1"," ",6.62E9,1.3E9,1.400000019202707E32,5.27
"J1055-6905","J1055-6905",2.9193969868,2.0336E-14,0.3425364911," "," ",2270000.0,7.7999998E12,3.2000000373955108E31,11.91
"J1126-6942","J1126-6942",0.579416438,3.302E-15,1.7258744047," "," ",2780000.0,1.39999995E12,6.700000085402279E32,2.07
"B1110-69","J1112-6926",0.82048420411,2.841E-15,1.2187925069," "," ",4580000.0,1.54000006E12,1.9999999494757498E32,12.32
"J1130-6807","J1130-6807",0.2563527993088,4.5968E-16,3.900874118388," "," ",8840000.0,3.47000013E11,1.1000000085914504E33,7.14
"J1137-6700","J1137-6700",0.5562160557,7.17E-17,1.79786252078," "," ",1.23E8,2.02000007E11,1.6000000186977554E31,19.53
"J1147-66","J1147-66",0.00372,,268.817204," "," ",,,,4.26
"J1141-6545","J1141-6545",0.3938988148378,4.30737E-15,2.538723048486,"DD"," ",1450000.0,1.32000003E12,2.800000074785202E33,3.0
"J1123-6651","J1123-6651",0.232976432603,2.75002E-15,4.29227964746," "," ",1340000.0,8.0999999E11,8.599999709986148E33,3.48
"J1124-6421","J1124-6421",0.47909858452,6.2E-16,2.087253088," "," ",1.22E7,5.5200003E11,2.2000000171829007E32,14.9
"J1047-6709","J1047-6709",0.1984514505627,1.68714E-15,5.03901582561," "," ",1860000.0,5.8599997E11,8.50000011269003E33,4.67
"J1036-6559","J1036-6559",0.53350188629,1.362E-15,1.8744076182," "," ",6210000.0,8.63E11,3.500000093481502E32,7.86
"J1054-6452","J1054-6452",1.8400035414,3.14E-15,0.54347721486," "," ",9290000.0,2.42999991E12,1.9999999949504848E31,13.53
"B1110-65","J1112-6613",0.33421283978,8.24E-16,2.9921052724," "," ",6430000.0,5.31000001E11,8.700000034878028E32,19.31
"J1106-6438","J1106-6438",2.717934136,2.33E-15,0.36792650225," "," ",1.85E7,2.53999999E12,4.599999954280064E30,7.88
"J1101-6424","J1101-6424",0.00510927290428,1.8E-21,195.72256536982,"ELL1"," ",4.5E10,9.7E7,5.2999999752501014E32,7.86
"J1117-6447","J1117-6447",1.1552719604,2.4E-16,0.8655970492," "," ",7.63E7,5.32999995E11,6.099999723119252E30,27.12
"J1052-6348","J1052-6348",0.383830423532,3.87E-16,2.60531718877," "," ",1.57E7,3.89999985E11,2.7000000045518384E32,5.27
"B1054-62","J1056-6258",0.422447188684,3.5757E-15,2.36715979367," "," ",1870000.0,1.23999997E12,1.9000000611413266E33,2.4
"J1055-6236","J1055-6236",0.44863544246,7.08E-16,2.22898127379," "," ",1.0E7,5.7000002E11,3.0999999580672003E32,3.64
"J0949-6902","J0949-6902",0.64001572416,6.37E-16,1.56246161188," "," ",1.59E7,6.4600002E11,9.600000339560208E31,8.68
"J1035-6345","J1035-6345",0.579576736318,3.504E-16,1.72539706537," "," ",2.62E7,4.56000012E11,7.09999994796817E31,6.54
"J1006-6311","J1006-6311",0.835797468,5.73E-16,1.1964621075," "," ",2.31E7,6.9999998E11,3.9000001379463347E31,9.3
"J1031-6117","J1031-6117",0.306410837119,1.784E-15,3.2635921412," "," ",2720000.0,7.4799999E11,2.3999999393708998E33,30.0
"J1043-6116","J1043-6116",0.288601695277,1.0404E-14,3.46498311121," "," ",440000.0,1.74999994E12,1.700000022538006E34,18.2
"J1020-6026","J1020-6026",0.140479910179,6.7386E-15,7.1184555765," "," ",330000.0,9.8499999E11,9.60000045597553E34,29.58
"J1020-5921","J1020-5921",1.23830534423,4.047E-14,0.80755526467," "," ",485000.0,7.1599999E12,8.399999933317302E32,2.62
"B1030-58","J1032-5911",0.46420801,3.0E-15,2.15420669," "," ",2450000.0,1.18999994E12,1.1999999696854499E33,7.26
"J1028-5819","J1028-5819",0.0914032309,1.61E-14,10.9405323," ","HE[aaa+09]",90000.0,1.22999996E12,8.29999968409538E35,2.76
"J1022-5813","J1022-5813",1.643726002,1.454E-13,0.60837390099," "," ",179000.0,1.55999996E13,1.3000000035390253E33,30.0
"J1023-5746","J1023-5746",0.11147243434,3.837491E-13,8.970827684," ","NRAD",4600.0,6.62E12,1.1000000238418575E37,
"J0955-61","J0955-61",0.001999,,500.250125,"BT","HE[ckr+15]",,,,5.38
"J1001-5939","J1001-5939",7.7336402649,5.99E-14,0.129305212778," "," ",2050000.0,2.17999999E13,5.100000066704522E30,3.3
"J1002-5919","J1002-5919",0.7134892535,1.04E-16,1.4015628057," "," ",1.09E8,2.76000014E11,1.0999999631167153E31,15.13
"J1013-5934","J1013-5934",0.442900630729,5.58E-16,2.25784279953," "," ",1.26E7,5.03000007E11,2.499999936844687E32,11.32
"B1011-58","J1012-5857",0.8199114962,1.769E-14,1.2196438331," "," ",734000.0,3.84999988E12,1.3000000035390253E33,10.14
"J1016-5857","J1016-5857",0.1073864584588,8.08342E-14,9.31216108951," "," ",21000.0,2.98000004E12,2.5999999046325675E36,9.31
"J1012-5830","J1012-5830",2.1335912144,3.765E-14,0.46869334353," "," ",898000.0,9.0699999E12,1.4999999621068123E32,5.34
"J1016-5819","J1016-5819",0.0878341561432,6.98E-16,11.3850925871," "," ",1990000.0,2.50999996E11,4.1000000201165667E34,4.62
"J1019-5749","J1019-5749",0.162498709997,2.0077E-14,6.1538950064," "," ",128000.0,1.83E12,1.7999999225139612E35,30.0
"J1015-5719","J1015-5719",0.139881677595,5.7368E-14,7.1488991067," "," ",38600.0,2.86999996E12,8.29999968409538E35,4.87
"J1002-5559","J1002-5559",0.7775009067,1.57E-15,1.2861721336," "," ",7840000.0,1.12000002E12,1.2999999853491314E32,17.42
"J1001-5559","J1001-5559",1.66117674023,8.6E-16,0.60198290512," "," ",3.06E7,1.20999995E12,7.400000185953102E30,3.94
"B0959-54","J1001-5507",1.4365826292,5.1396E-14,0.69609640244," "," ",443000.0,8.6999999E12,6.800000119255854E32,0.3
"J0711-6830","J0711-6830",0.00549096850619,1.49067E-20,182.117234668579," "," ",5.84E9,2.9E8,3.600000054575502E33,1.04
"J0735-62","J0735-62",4.86294,,0.20563692," ","RRAT",,,,0.83
"B0901-63","J0902-6325",0.6603133715,1.07E-16,1.5144324546," "," ",9.78E7,2.68999999E11,1.5000000530562825E31,4.44
"J0849-6322","J0849-6322",0.367953256307,7.908E-16,2.7177365137," "," ",7370000.0,5.46000011E11,6.299999949987976E32,8.35
"B0855-61","J0856-6137",0.9625085573,1.677E-15,1.038951802," "," ",9090000.0,1.29000001E12,7.3999999585794265E31,6.53
"J0919-6040","J0919-6040",1.216975723,1.0E-17,0.8217090786," "," ",1.93E9,1.12E11,2.2000000043931317E29,3.54
"J0905-6019","J0905-6019",0.340854176542,5.22E-16,2.93380591708," "," ",1.03E7,4.27000005E11,5.1999999413965254E32,4.4
"J0834-60","J0834-60",0.384645,,2.5998," "," ",,,,0.49
"B0941-56","J0942-5657",0.808127417142,3.96284E-14,1.237428626709," "," ",323000.0,5.7300002E12,3.000000142492353E33,5.02
"B0923-58","J0924-5814",0.73950132654,4.878E-15,1.35226261821," "," ",2400000.0,1.92000007E12,4.800000169780104E32,1.87
"B0940-55","J0942-5552",0.66436748807,2.2854E-14,1.50519105458," "," ",461000.0,3.93999994E12,3.1000000308267766E33,0.3
"J0957-5432","J0957-5432",0.203556697536,1.947E-15,4.91263619475," "," ",1660000.0,6.3700002E11,9.100000024773178E33,7.0
"J0954-5430","J0954-5430",0.472834279266,4.3912E-14,2.11490588532," "," ",171000.0,4.6099999E12,1.5999999595805997E34,6.2
"J0940-5428","J0940-5428",0.087545204308,3.28683E-14,11.4226702411," "," ",42200.0,1.72000005E12,1.8999999761581415E36,4.27
"J0941-5244","J0941-5244",0.65855761432,1.1379E-15,1.51847002943," "," ",9170000.0,8.7599999E11,1.5999999959603878E32,5.64
"J0932-5327","J0932-5327",4.3921587127,8.37E-15,0.22767847553," "," ",8310000.0,6.1400002E12,3.899999967416078E30,3.91
"B0932-52","J0934-5249",1.44477320982,4.654E-15,0.692150154227," "," ",4920000.0,2.62000004E12,6.100000064179765E31,2.93
"B0922-52","J0924-5302",0.74629520954,3.5477E-14,1.33995232345," "," ",333000.0,5.2099998E12,3.399999986868351E33,5.61
"J0922-52","J0922-52",0.00968,,103.305785," "," ",,,,3.76
"J0922-4949","J0922-4949",0.950288537028,9.7569E-14,1.052311967403," "," ",154000.0,9.7400002E12,4.499999922700225E33,10.37
"B0839-53","J0840-5332",0.72061236106,1.644E-15,1.38770864065," "," ",6940000.0,1.1E12,1.7000000298139635E32,7.77
"J0807-5421","J0807-5421",0.52664353143,3.78E-16,1.89881758784," "," ",2.21E7,4.51000009E11,9.999999747378749E31,8.76
"B0905-51","J0907-5157",0.253556015011,1.8303E-15,3.94390170534," "," ",2190000.0,6.8900002E11,4.4000000343658016E33,2.63
"J0905-5127","J0905-5127",0.346287436779,2.489796E-14,2.88777441452," "," ",220000.0,2.97000003E12,2.4000001139938823E34,8.38
"B0906-49","J0908-4913",0.1067545925,1.5151E-14,9.367278508," "," ",112000.0,1.29000001E12,4.8999998718500124E35,1.0
"J0843-5022","J0843-5022",0.2089556931527,1.7238E-16,4.78570353797," "," ",1.92E7,1.92E11,7.500000356230882E32,7.69
"J0855-4658","J0855-4658",0.57507238258,1.362E-14,1.73891153582," "," ",669000.0,2.82999993E12,2.800000074785202E33,28.35
"B0840-48","J0842-4851",0.6443540558,9.497E-15,1.5519418106," "," ",1070000.0,2.49999996E12,1.400000037392601E33,8.68
"J0901-4624","J0901-4624",0.441995130786,8.7494E-14,2.26246836299," "," ",80000.0,6.2900001E12,4.000000189989804E34,7.46
"J0855-4644","J0855-4644",0.0646861308252,7.26269E-15,15.45926440866," "," ",141000.0,6.9400003E11,1.0999999940395353E36,9.9
"J0905-4536","J0905-4536",0.9882805974,1.49E-16,1.0118583757," "," ",1.05E8,3.8799999E11,6.099999723119252E30,6.35
"J0857-4424","J0857-4424",0.326774210079,2.334387E-14,3.060217021895," "," ",222000.0,2.7899999E12,2.6000000070780507E34,6.53
"J1148-6415","J1148-6415",3.2410285031,2.7E-15,0.30854403133," "," ",1.9E7,2.99000005E12,3.0999999012237814E30,9.07
"J1159-6409","J1159-6409",0.66748553354,2.4E-17,1.49815980984," "," ",4.41E8,1.28E11,3.199999980552092E30,6.03
"J1142-6230","J1142-6230",0.55838338569,7.8E-17,1.7908842305," "," ",1.13E8,2.11000001E11,1.7999999499807014E31,10.81
"J1144-6217","J1144-6217",0.85066494337,3.0835E-14,1.17555097079," "," ",437000.0,5.18E12,1.9999999494757496E33,8.88
"J1123-6259","J1123-6259",0.271434052199,5.25308E-15,3.68413613509," "," ",819000.0,1.20999995E12,1.000000047497451E34,7.54
"B1131-62","J1133-6250",1.02287514082,4.52E-16,0.97763642902," "," ",3.59E7,6.8800001E11,1.6999999843392283E31,30.0
"J1138-6207","J1138-6207",0.117563794023,1.24784E-14,8.50602014261," "," ",149000.0,1.22999996E12,2.9999999329447736E35,24.5
"J1128-6219","J1128-6219",0.5159835105,1.1E-17,1.9380464291," "," ",7.43E8,7.6200002E10,3.199999980552092E30,30.0
"J1123-6102","J1123-6102",0.64023374765,6.46E-15,1.56192953538," "," ",1570000.0,2.06000003E12,9.699999645818022E32,14.75
"B1124-60","J1126-6054",0.202736911853,2.8128E-16,4.93250089912," "," ",1.14E7,2.42000003E11,1.3000000035390253E33,8.05
"J1154-6250","J1154-6250",0.28201171065,5.59E-16,3.5459520376," "," ",7990000.0,4.01999987E11,9.799999679671598E32,2.06
"B1154-62","J1157-6224",0.40052204834,3.9313E-15,2.49674145068," "," ",1610000.0,1.26999999E12,2.3999999393708998E33,4.0
"J1144-6146","J1144-6146",0.98778306934,-3.8E-17,1.01236803003," "," ",,,,2.14
"J1151-6108","J1151-6108",0.101633196293,1.02784E-14,9.83930483813," "," ",157000.0,1.03000002E12,3.900000080466269E35,7.65
"J1152-6012","J1152-6012",0.37656956576,6.685E-15,2.6555518314," "," ",893000.0,1.60999997E12,4.9000000581145276E33,2.09
"B1143-60","J1146-6030",0.27337242988,1.7941E-15,3.6580133572," "," ",2410000.0,7.0899997E11,3.499999875202774E33,2.59
"J1135-6055","J1135-6055",0.114943,7.93E-14,8.7," "," ",23000.0,3.05000009E12,2.0999999344348902E36,
"J1125-6014","J1125-6014",0.00263038073978,4.01E-21,380.17309999077,"ELL1"," ",1.04E10,1.04E8,8.699999889358876E33,1.94
"J1130-5925","J1130-5925",0.68098383242,9.52E-16,1.46846364391," "," ",1.13E7,8.1499999E11,1.200000042445026E32,8.28
"J1130-5826","J1130-5826",0.162323475501,1.589E-17,6.16053837508," "," ",1.62E8,5.1399999E10,1.4999999621068123E32,9.45
"J1117-6154","J1117-6154",0.50509714918,1.251E-14,1.97981715324," "," ",640000.0,2.53999999E12,3.800000122282653E33,22.38
"J1107-6143","J1107-6143",1.7993956675,1.558E-13,0.55574214058," "," ",183000.0,1.69000001E13,1.1000000085914504E33,13.72
"J1112-6103","J1112-6103",0.064961851894,3.14596E-14,15.3936498245," "," ",32700.0,1.44999999E12,4.499999880790709E36,30.0
"J1105-6107","J1105-6107",0.063192941526,1.58266E-14,15.8245521708," "," ",63300.0,1.01E12,2.4999999999999993E36,7.07
"J1119-6127","J1119-6127",0.40796298356,4.02022E-12,2.4512027814," ","HE[gkc+07]",1610.0,4.1000001E13,2.3000000417232507E36,8.4
"B1112-60","J1114-6100",0.88081962549,4.60876E-14,1.13530622055," "," ",303000.0,6.4500002E12,2.699999895412474E33,30.0
"J1115-6052","J1115-6052",0.259776659501,7.235E-15,3.84946054015," "," ",569000.0,1.38999995E12,1.5999999595805997E34,6.76
"B1105-59","J1107-5947",1.5165309654,3.4E-16,0.659399658," "," ",7.07E7,7.2700002E11,3.7999998880877674E30,3.52
"J1101-6101","J1101-6101",0.062800077,8.6E-15,15.9235474," ","NRAD",116000.0,7.4199997E11,1.4000000059604642E36,7.0
"J1104-6103","J1104-6103",0.2809053015394,1.96673E-15,3.55991857227," "," ",2260000.0,7.5199998E11,3.499999875202774E33,2.31
"J1103-6025","J1103-6025",0.396586748928,9.904E-16,2.52151642157," "," ",6340000.0,6.3399998E11,6.299999949987976E32,6.83
"J1058-5957","J1058-5957",0.616270272343,6.57E-16,1.62266467308," "," ",1.49E7,6.4399999E11,1.1000000085914504E32,7.11
"J1055-6028","J1055-6028",0.09966083348,2.95322E-14,10.0340320774," ","HE",53500.0,1.73999994E12,1.1999999731779095E36,30.0
"J1055-6022","J1055-6022",0.9475584093,9.239E-14,1.0553439136," "," ",162000.0,9.4700002E12,4.299999854993074E33,25.63
"J1050-5953","J1050-5953",6.4520766,3.809E-11,0.154988861," ","AXP,NRAD",2680.0,5.02000005E14,5.600000149570404E33,9.0
"J1054-5946","J1054-5946",0.228324249982,2.09E-16,4.37973627453," "," ",1.73E7,2.21000008E11,6.900000153109429E32,5.81
"J1054-5943","J1054-5943",0.346908957903,4.074E-15,2.88260068591," "," ",1350000.0,1.19999994E12,3.900000010617076E33,6.81
"J1052-5954","J1052-5954",0.180591500693,1.99831E-14,5.5373591568," "," ",143000.0,1.92000007E12,1.3000000268220898E35,13.55
"J1107-5907","J1107-5907",0.252773323418,9.0E-18,3.95611366927," "," ",4.45E8,4.8299999E10,2.1999999262334305E31,1.81
"J1124-5916","J1124-5916",0.13547685441,7.52566E-13,7.381334652," ","HE[hsp+03]",2850.0,1.02E13,1.2000000476837154E37,5.0
"J1125-5825","J1125-5825",0.00310221391893,6.0899E-20,322.350432991279,"DD","HE",8.07E8,4.4E8,8.10000021010637E34,2.98
"B1056-57","J1059-5742",1.18499893354,4.3E-15,0.84388261601," "," ",4370000.0,2.28000006E12,9.999999747378749E31,2.75
"J1056-5709","J1056-5709",0.67608189374,5.76E-16,1.47911075457," "," ",1.86E7,6.3100001E11,7.3999999585794265E31,17.61
"B1107-56","J1110-5637",0.558252726401,2.064E-15,1.79130338771," "," ",4290000.0,1.08999999E12,4.700000135926529E32,9.18
"J1156-5909","J1156-5909",1.0379310509,1.02E-15,0.9634551343," "," ",1.61E7,1.04000002E12,3.5999998999614027E31,8.76
"J1152-5800","J1152-5800",1.7898294664,1.3E-15,0.55871244649," "," ",2.21E7,1.53000005E12,8.800000159681074E30,7.87
"J1156-5707","J1156-5707",0.288409420325,2.6451E-14,3.46729312404," "," ",173000.0,2.7899999E12,4.399999976158141E34,20.4
"J1148-5725","J1148-5725",3.559937232,1.11E-14,0.28090382915," "," ",5080000.0,6.3599998E12,9.699999736767492E30,6.99
"J1132-5627","J1132-5627",0.175166247082,6.8E-17,5.7088623902," "," ",4.08E7,1.09999997E11,4.999999873689374E32,21.3
"B1133-55","J1136-5525",0.36470557624,8.2151E-15,2.74193778529," "," ",703000.0,1.74999994E12,6.699999794363974E33,2.6
"J1143-5536","J1143-5536",0.68535848563,4.85E-16,1.45909041905," "," ",2.24E7,5.83E11,5.899999905523144E31,11.44
"J1124-5638","J1124-5638",0.185559973402,9.0E-18,5.3890932493," "," ",3.27E8,4.1400001E10,5.599999894911887E31,23.74
"B1119-54","J1121-5444",0.53578313115,2.7669E-15,1.8664268094," "," ",3070000.0,1.22999996E12,7.100000220816581E32,15.43
"J1103-5403","J1103-5403",0.00339270965933,3.7E-21,294.749654528," ","HE[kjr+11]",1.46E10,1.13E8,3.699999942909925E33,3.16
"J1129-53","J1129-53",1.06288,,0.94084," ","RRAT",,,,2.68
"J1047-58","J1047-58",1.23129,,0.812156," ","RRAT",,,,2.33
"B1036-58","J1038-5831",0.661992094032,1.2512E-15,1.51059205845," "," ",8380000.0,9.2100002E11,1.7000000298139635E32,2.43
"J1049-5833","J1049-5833",2.202325077,4.41E-15,0.45406557389," "," ",7910000.0,3.1499999E12,1.6000000186977554E31,9.73
"B1046-58","J1048-5832",0.123670657887,9.6319E-14,8.08599240181," ","HE[klm+00,aaa+09i]",20300.0,3.48999988E12,2.000000029802322E36,2.9
"B1044-57","J1046-5813",0.3694266962,1.144E-15,2.7068969576," "," ",5120000.0,6.5799999E11,9.000000136438755E32,4.8
"J1044-5737","J1044-5737",0.1390288911,5.4628E-14,7.192749594," ","NRAD",40300.0,2.7899999E12,7.999999821186064E35,
"B1039-55","J1042-5521",1.170859077,6.733E-15,0.8540737478," "," ",2760000.0,2.83999994E12,1.7000000298139635E32,6.98
"B1015-56","J1017-5621",0.50345881546,3.13E-15,1.9862597879," "," ",2550000.0,1.26999999E12,9.699999645818022E32,11.78
"J1021-5601","J1021-5601",0.67002629761,5.3E-17,1.4924787334," "," ",1.99E8,1.91000003E11,6.999999868639859E30,4.18
"B1014-53","J1016-5345",0.7695835272,1.926E-15,1.2994041123," "," ",6330000.0,1.22999996E12,1.7000000298139635E32,2.5
"J1032-5206","J1032-5206",2.40762231135,1.7891E-14,0.415347538228," "," ",2130000.0,6.64E12,5.10000018039136E31,4.33
"B1055-52","J1057-5226",0.197107608187,5.8335E-15,5.073370882," ","HE",535000.0,1.08999999E12,3.0000000260770315E34,1.53
"J1057-4754","J1057-4754",0.628305878552,2.248E-16,1.591581479875," "," ",4.43E7,3.8000001E11,3.5999998999614027E31,3.03
"J1036-4926","J1036-4926",0.510368133101,1.64838E-15,1.95936998246," "," ",4910000.0,9.2799998E11,4.899999839835799E32,8.71
"J1045-4509","J1045-4509",0.00747422422843,1.7662E-20,133.793149554823,"ELL1"," ",6.7E9,3.68E8,1.6999999934341754E33,0.34
"J1157-5112","J1157-5112",0.04358922706284,1.43E-19,22.94144832067,"ELL1"," ",4.83E9,2.52999987E9,6.799999937356913E31,1.88
"J1143-5158","J1143-5158",0.675646047064,6.953E-16,1.480064901357," "," ",1.54E7,6.9400003E11,8.899999556888358E31,10.68
"J1123-4844","J1123-4844",0.244838478401,6.54E-17,4.08432533371," "," ",5.93E7,1.28E11,1.800000063667539E32,8.74
"J1132-46","J1132-46",0.3254,,3.073141," "," ",,,,7.36
"B1114-41","J1116-4122",0.943157882843,7.9536E-15,1.060267870514," "," ",1880000.0,2.76999989E12,3.7000001611886535E32,2.68
"J1105-43","J1105-43",0.3511,,2.848191," "," ",,,,2.2
"J1120-3618","J1120-3618",0.00555,,180.18018," "," ",,,,4.5
"J1124-3653","J1124-3653",0.00241,,414.937759," ","HE",,,,4.4
"B0953-52","J0955-5304",0.86211773933,3.517E-15,1.15993437367," "," ",3880000.0,1.75999995E12,2.2000000171829007E32,4.87
"J1000-5149","J1000-5149",0.2556770984252,9.595E-16,3.91118330957," "," ",4220000.0,5.01000012E11,2.3000000510364764E33,2.33
"J1014-48","J1014-48",1.5088,,0.66278," ","RRAT",,,,3.3
"B0957-47","J0959-4809",0.6700857604,8.2E-17,1.4923462922," "," ",1.29E8,2.36999999E11,1.0999999631167153E31,2.96
"B1001-47","J1003-4747",0.30707169975,2.20737E-14,3.2565684197," "," ",220000.0,2.63000005E12,3.0000000260770315E34,3.44
"J0945-4833","J0945-4833",0.3315855987755,4.8291E-15,3.01581251928," "," ",1090000.0,1.28E12,5.200000014156101E33,2.71
"J1012-4235","J1012-4235",0.003101,,322.47662,"BT","HE[ckr+15]",,,,2.47
"J0934-4154","J0934-4154",0.57040923643,2.69E-16,1.75312729201," "," ",3.36E7,3.96000002E11,5.700000201613874E31,3.2
"B0903-42","J0904-4246",0.9651709987,1.887E-15,1.0360858349," "," ",8100000.0,1.37000006E12,8.300000445160547E31,4.37
"J0912-3851","J0912-3851",1.526085076,3.59E-15,0.6552714627," ","RRAT",6740000.0,2.37000013E12,3.9999999899009695E31,0.62
"J0941-39","J0941-39",0.58677841838,,1.70422082455," ","RRAT",,,,1.29
"B0950-38","J0952-3839",1.3738151214,5.8E-16,0.7278999804," "," ",3.75E7,9.0300003E11,8.800000159681074E30,8.44
"J1034-3224","J1034-3224",1.150590428417,2.3046E-16,0.869118997779," "," ",7.91E7,5.20999993E11,6.00000021222513E30,4.68
"J1047-3032","J1047-3032",0.3303280523313,6.1006E-17,3.027293603866," "," ",8.58E7,1.43999992E11,6.700000085402278E31,4.14
"B1010-23","J1012-2337",2.5179450205,8.809E-16,0.397149259359," "," ",4.53E7,1.51000003E12,2.2000000399202685E30,1.29
"J0709-5923","J0709-5923",0.485268383925,1.26E-16,2.06071533429," "," ",6.1E7,2.49999999E11,4.399999852466861E31,4.94
"J0656-5449","J0656-5449",0.183156898795,3.191E-17,5.45979980322," "," ",9.09E7,7.7399998E10,2.0999999833293254E32,4.88
"B0743-53","J0745-5353",0.2148363514,2.73E-15,4.654705749," "," ",1250000.0,7.7500003E11,1.0999999940395352E34,7.14
"B0559-57","J0600-5756",2.261364513,2.78E-15,0.4422108838," "," ",1.29E7,2.53999999E12,9.500000146545059E30,2.55
"J0702-4956","J0702-4956",0.66599359,,1.501515953," "," ",,,,5.49
"B0808-47","J0809-4753",0.547199235502,3.0825E-15,1.827487933317," "," ",2810000.0,1.31000002E12,7.400000322377307E32,12.71
"B0833-45","J0835-4510",0.089328385024,1.25008E-13,11.1946499395," ","HE[hg73,tfko75]",11300.0,3.38000006E12,6.899999976158141E36,0.28
"J0831-4406","J0831-4406",0.311673518473,1.279E-15,3.20848561308," "," ",3860000.0,6.3899999E11,1.6999999934341754E33,12.73
"J0835-42","J0835-42",0.7384,,1.35428," "," ",,,,6.75
"J0847-4316","J0847-4316",5.977492737,1.1994E-13,0.167294222511," ","RRAT",790000.0,2.71E13,2.1999999262334305E31,13.44
"J0821-4300","J0821-4300",0.112799455072,9.3E-18,8.86529105448," ","NRAD",1.93E8,3.27000003E10,2.5999999706982627E32,2.2
"J0834-4159","J0834-4159",0.121116349354,4.437E-15,8.2565236265," "," ",432000.0,7.4199997E11,9.899999946355817E34,9.74
"J0821-4221","J0821-4221",0.3967282353771,3.47811E-15,2.520617165172," "," ",1810000.0,1.18999994E12,2.2000000171829008E33,18.16
"B0818-41","J0820-4114",0.54544553611,1.89E-17,1.83336361524," "," ",4.57E8,1.02999998E11,4.599999954280064E30,2.38
"B0835-41","J0837-4135",0.751623617646,3.5393E-15,1.330453137079," "," ",3360000.0,1.65E12,3.3000000257743516E32,1.5
"J0838-3947","J0838-3947",1.7039457055,8.1E-16,0.5868731596," "," ",3.32E7,1.18999994E12,6.500000040432494E30,8.21
"J0835-3707","J0835-3707",0.541404373627,9.778E-15,1.84704824843," "," ",877000.0,2.3300001E12,2.3999999393708998E33,2.34
"J0746-4529","J0746-4529",2.79102517845,1.666E-14,0.35829128584," "," ",2650000.0,6.9000002E12,3.000000106112565E31,5.71
"J0749-4247","J0749-4247",1.09545215761,9.77E-16,0.91286506038," "," ",1.78E7,1.05000003E12,2.9000000267842545E31,2.36
"J0806-4123","J0806-4123",11.37038593,5.6E-14,0.0879477624," ","XINS,NRAD",3240000.0,2.54000004E13,1.5000000530562825E30,
"B0736-40","J0738-4042",0.374919985032,1.6161E-15,2.66723578343," "," ",3680000.0,7.8800001E11,1.1999999696854499E33,1.6
"J0820-3921","J0820-3921",1.07356658405,1.2169E-14,0.93147459585," "," ",1400000.0,3.66E12,3.899999865097924E32,6.19
"J0820-3826","J0820-3826",0.1248363804193,2.44174E-15,8.01048537807," "," ",810000.0,5.5899999E11,4.99999988824129E34,6.82
"J0808-3937","J0808-3937",0.86634928471,4.01E-16,1.15426885859," "," ",3.42E7,5.9599998E11,2.400000084890052E31,5.62
"J0812-3905","J0812-3905",0.482595929159,4.49E-17,2.072126886239," "," ",1.7E8,1.48999995E11,1.6000000186977554E31,26.83
"B0826-34","J0828-3417",1.84891880365,9.963E-16,0.54085663363," "," ",2.94E7,1.37000006E12,6.199999802447563E30,0.54
"J0804-3647","J0804-3647",2.19198689593,4.21E-15,0.45620710683," "," ",8250000.0,3.0700001E12,1.6000000186977554E31,7.79
"J0818-3232","J0818-3232",2.161258926939,7.534E-16,0.462693288405," "," ",4.55E7,1.29000001E12,2.9000000267842545E30,3.82
"J0636-4549","J0636-4549",1.98459736713,3.1722E-15,0.503880543511," "," ",9910000.0,2.53999999E12,1.6000000186977554E31,0.98
"J0737-3039A","J0737-3039A",0.02269937859962,1.75993E-18,44.054069392744,"DDS","HE[cgm+07,gkj+13]",2.04E8,6.4E9,5.900000105611978E33,1.1
"J0737-3039B","J0737-3039B",2.77346077007,8.92E-16,0.36056035506,"DD"," ",4.92E7,1.58999996E12,1.7000000696043568E30,1.1
"B0740-28","J0742-2822",0.166762291572,1.682112E-14,5.9965594774," ","HE",157000.0,1.69000003E12,1.400000043213367E35,2.0
"J0720-3125","J0720-3125",8.391115532,6.983E-14,0.119173666," ","XINS,NRAD",1900000.0,2.44999992E13,4.7000000336083745E30,0.4
"J0726-2612","J0726-2612",3.4423084877,2.9311E-13,0.29050272617," "," ",186000.0,3.21000005E13,2.800000038405414E32,3.01
"J0719-2545","J0719-2545",0.974724730631,7.2819E-15,1.025930674143," "," ",2120000.0,2.7000001E12,3.0999999580672003E32,17.33
"J0733-2345","J0733-2345",1.79624970117,5.704E-15,0.55671547188," "," ",4990000.0,3.23999996E12,3.9000001379463347E31,11.95
"J0737-2202","J0737-2202",0.320366370454,5.46883E-15,3.12142625514," "," ",928000.0,1.34000004E12,6.600000197067855E33,4.3
"B0844-35","J0846-3533",1.116097163402,1.60135E-15,0.895979340143," "," ",1.1E7,1.35000005E12,4.500000159168848E31,1.43
"B0853-33","J0855-3331",1.267535702756,6.32095E-15,0.788932412575," "," ",3180000.0,2.85999995E12,1.200000042445026E32,1.21
"J0900-3144","J0900-3144",0.01110964915739,4.912E-20,90.011843383453,"BT"," ",3.58E9,7.48E8,1.400000037392601E33,0.82
"J0932-3217","J0932-3217",1.93162674308,2.5E-16,0.51769836154," "," ",1.22E8,7.0300002E11,1.399999973727972E30,3.84
"J0818-3049","J0818-3049",0.7637418483,5.8E-16,1.3093429439," "," ",2.09E7,6.73E11,5.10000018039136E31,4.17
"J0838-2621","J0838-2621",0.3085806621443,3.9E-17,3.24064376896," "," ",1.25E8,1.11000003E11,5.2000000323459955E31,4.56
"J0931-1902","J0931-1902",0.00463802939121,4.1E-21,215.608810478," "," ",1.8E10,1.39E8,1.5999999595805998E33,3.63
"B0906-17","J0908-1739",0.40162562344216,6.695E-16,2.489880977786," "," ",9500000.0,5.25000016E11,4.099999932805075E32,1.01
"B0942-13","J0944-1354",0.5702641245619,4.5256E-17,1.75357340034," "," ",2.0E8,1.62999992E11,9.599999657439182E30,0.69
"B0818-13","J0820-1350",1.2381295438682,2.105178E-15,0.807669928363," "," ",9320000.0,1.62999999E12,4.399999852466861E31,1.9
"B0756-15","J0758-1528",0.682265175806,1.61889E-15,1.465705762893," "," ",6680000.0,1.05999997E12,1.9999999494757498E32,3.72
"J1651-7642","J1651-7642",1.75531107981,1.363E-15,0.56969958858," "," ",2.04E7,1.56999995E12,9.899999895424113E30,5.16
"J1403-7646","J1403-7646",1.306197812,1.204E-15,0.7655808261," "," ",1.72E7,1.26999999E12,2.1000000742787957E31,7.03
"J1410-7404","J1410-7404",0.2787294436271,6.74E-18,3.587708521163," "," ",6.55E8,4.3899998E10,1.200000042445026E31,2.15
"B1451-68","J1456-6843",0.2633768148933,9.826E-17,3.79684142055," "," ",4.25E7,1.62999992E11,2.0999999833293254E32,0.43
"J1502-6752","J1502-6752",0.026744423767,3.145E-19,37.39097199147,"ELL1"," ",1.35E9,2.92999987E9,6.500000017695127E32,11.57
"B1701-75","J1708-7539",1.1910239966,1.88E-15,0.8396136458," "," ",1.0E7,1.51000003E12,4.399999852466861E31,2.01
"J1604-7203","J1604-7203",0.341402932218,8.4E-17,2.92909024976," "," ",6.44E7,1.71000005E11,8.300000445160547E31,2.56
"J1603-7202","J1603-7202",0.01484195225108,1.563E-20,67.376581131844,"ELL1"," ",1.5E10,4.87E8,1.899999915622174E32,0.53
"B1641-68","J1646-6831",1.7856112396,1.7E-15,0.56003231713," "," ",1.66E7,1.75999995E12,1.200000042445026E31,1.8
"J1629-6902","J1629-6902",0.00600060344322,1.0E-20,166.64990604074," "," ",9.51E9,2.48E8,1.800000027287751E33,1.36
"J1648-6044","J1648-6044",0.58376499689,4.29E-16,1.71301809003," "," ",2.16E7,5.06000015E11,8.500000149069817E31,5.66
"J1626-6621","J1626-6621",0.45086776633,7.664E-16,2.21794520407," "," ",9320000.0,5.9499997E11,3.3000000257743516E32,4.42
"J1622-6617","J1622-6617",0.02362344473939,5.88E-20,42.33082901464,"ELL1"," ",6.36E9,1.19E9,1.800000063667539E32,4.66
"J1607-6449","J1607-6449",0.298116357616,2.49E-17,3.35439493491," "," ",1.9E8,8.7199998E10,3.6999999792897132E31,3.82
"B1503-66","J1507-6640",0.35565490117,1.157E-15,2.8117143802," "," ",4870000.0,6.4899999E11,9.999999747378748E32,5.62
"J1530-63","J1530-63",0.9103,,1.098539," "," ",,,,13.6
"J1539-6322","J1539-6322",1.63084630957,2.016E-16,0.6131785651," "," ",1.28E8,5.8000002E11,1.8000000068241202E30,7.75
"B1630-59","J1635-5954",0.52912125685,1.368E-15,1.8899259613," "," ",6130000.0,8.6099997E11,3.600000127335078E32,7.26
"J1627-5936","J1627-5936",0.35423394051,8.0E-18,2.8229931851," "," ",7.02E8,5.3900001E10,7.09999994796817E30,3.67
"J1552-62","J1552-62",0.1988,,5.030181," "," ",,,,4.3
"J1600-5916","J1600-5916",1.247666174,8.9E-16,0.80149644258," "," ",2.23E7,1.05999997E12,1.7999999499807014E31,6.54
"J1546-59","J1546-59",0.0078,,128.205128," "," ",,,,4.67
"J1547-5839","J1547-5839",0.242190323768,5.94E-16,4.12898411647," "," ",6460000.0,3.84E11,1.6999999934341754E33,7.19
"J1547-5750","J1547-5750",0.64719774666,2.6E-17,1.54512280855," "," ",4.01E8,1.30000003E11,3.700000092976551E30,3.91
"J1611-5847","J1611-5847",0.3545503166464,2.0E-18,2.820474141608," "," ",2.79E9,2.70000005E10,1.8000000068241202E30,2.33
"J1612-5805","J1612-5805",0.61552045802,9.347E-16,1.62464136971," "," ",1.04E7,7.68E11,1.5999999959603878E32,6.29
"B1556-57","J1600-5751",0.194454482247,2.1252E-15,5.1425916669," "," ",1450000.0,6.5100002E11,1.0999999940395352E34,5.32
"J1558-5756","J1558-5756",1.12234168628,1.86406E-13,0.890994259795," "," ",95400.0,1.46E13,5.200000014156101E33,3.74
"J1549-5722","J1549-5722",0.497772394,4.7E-17,2.0089502995," "," ",1.68E8,1.54999996E11,1.5000000530562825E31,2.93
"J1603-5657","J1603-5657",0.49607711306,2.795E-15,2.0158156336," "," ",2810000.0,1.18999994E12,9.000000136438755E32,8.52
"B1555-55","J1559-5545",0.9572424424,2.0479E-14,1.0446674277," "," ",741000.0,4.4800001E12,9.200000204145905E32,5.09
"J1251-7407","J1251-7407",0.32705773823,3.651E-16,3.05756410294," "," ",1.42E7,3.49999989E11,4.099999932805075E32,5.22
"B1322-66","J1326-6700",0.5430085792,5.31E-15,1.8415915297," "," ",1620000.0,1.72000005E12,1.3000000035390253E33,8.5
"J1409-6953","J1409-6953",0.5285907792,8.4E-16,1.8918226336," "," ",9970000.0,6.7400001E11,2.2000000171829007E32,12.6
"J1423-6953","J1423-6953",0.333410710172,1.4513E-15,2.99930377007," "," ",3640000.0,7.0400003E11,1.5000000712461764E33,6.38
"J1414-6802","J1414-6802",4.6301880619,6.39E-15,0.215973948926," "," ",1.15E7,5.4999997E12,2.499999993688106E30,6.6
"B1426-66","J1430-6623",0.785440757324,2.7695E-15,1.273170497807," "," ",4490000.0,1.49000002E12,2.3000000510364764E32,1.8
"B1436-63","J1440-6344",0.45960536385,1.1201E-15,2.17577965501," "," ",6500000.0,7.2600001E11,4.600000102072953E32,4.03
"J1352-6803","J1352-6803",0.62890254638,1.234E-15,1.59007147571," "," ",8070000.0,8.91E11,1.9999999494757498E32,14.24
"J1339-6618","J1339-6618",0.55817922185,3.5E-16,1.79153927781," "," ",2.53E7,4.46999986E11,7.900000127847304E31,7.62
"J1357-6429","J1357-6429",0.166108327507,3.601843E-13,6.0201677725," ","HE[lzg+11]",7310.0,7.8300001E12,3.100000023841857E36,4.09
"B1358-63","J1401-6357",0.84278963237,1.67258E-14,1.186535716141," "," ",798000.0,3.8000001E12,1.1000000085914504E33,1.8
"J1415-6621","J1415-6621",0.3924789731,5.8E-16,2.5479071964," "," ",1.07E7,4.82999992E11,3.799999831244348E32,14.4
"J1424-6438","J1424-6438",1.02350369913,2.4E-16,0.9770360389," "," ",6.76E7,5.01999993E11,8.800000159681074E30,8.31
"B1409-62","J1413-6307",0.394945790784,7.4343E-15,2.531993056604," "," ",842000.0,1.73000006E12,4.7999998787417995E33,3.68
"J1400-6325","J1400-6325",0.0311816011,3.89E-14,32.0701941," ","HE",12700.0,1.11000001E12,5.099999904632567E37,7.0
"J1403-6310","J1403-6310",0.39917017693,9.0E-17,2.505197176," "," ",7.03E7,1.92E11,5.599999894911887E31,6.14
"J1413-6222","J1413-6222",0.29240770249,2.229E-15,3.4198825526," "," ",2080000.0,8.1700002E11,3.499999875202774E33,27.74
"J1425-6210","J1425-6210",0.50173030987,4.8E-16,1.9931026297," "," ",1.66E7,4.96000008E11,1.4999999621068123E32,9.98
"J1413-6205","J1413-6205",0.10974069969,2.768E-14,9.112389504," ","NRAD",62800.0,1.75999995E12,8.29999968409538E35,
"J1422-6138","J1422-6138",0.34096785164,9.6836E-14,2.932827817," ","NRAD",55800.0,5.8100002E12,9.60000045597553E34,
"B1236-68","J1239-6832",1.3019081139,1.1892E-14,0.7681033625," "," ",1730000.0,3.97999997E12,2.0999999833293254E32,2.89
"J1237-6725","J1237-6725",2.11097411794,2.19E-15,0.4737149506," "," ",1.53E7,2.17999999E12,9.199999908560128E30,7.8
"B1256-67","J1259-6741",0.6633290494,1.206E-15,1.5075474245," "," ",8710000.0,9.0499999E11,1.5999999959603878E32,2.72
"J1307-67","J1307-67",3.6512,,0.273883," ","RRAT",,,,1.64
"J1305-66","J1305-66",0.1972763,,5.069033," "," ",,,,26.41
"B1303-66","J1306-6617",0.473026470689,5.9745E-15,2.11404659562," "," ",1250000.0,1.70000004E12,2.2000000171829008E33,29.16
"J1309-6526","J1309-6526",0.398292162785,1.84E-17,2.51071975157," "," ",3.43E8,8.6599999E10,1.0999999631167153E31,19.94
"B1302-64","J1305-6455",0.5716469444,4.032E-15,1.7493314882," "," ",2250000.0,1.54000006E12,8.499999967170877E32,30.0
"J1204-6843","J1204-6843",0.3088608620097,2.1708E-16,3.237703843385," "," ",2.25E7,2.62000001E11,2.9000000722589896E32,5.66
"J1210-6550","J1210-6550",4.2370102164,4.3E-16,0.23601548," "," ",1.56E8,1.37000006E12,2.2000000043931317E29,1.58
"J1232-6501","J1232-6501",0.0882819082341,8.1E-19,11.32734917043,"ELL1"," ",1.73E9,8.56E9,4.699999863078118E31,10.0
"J1235-6354","J1235-6354",0.256777653406,1.97E-16,3.89441988715," "," ",2.07E7,2.28000006E11,4.600000102072953E32,27.05
"J1244-6531","J1244-6531",1.54681894,7.18E-15,0.64648807571," "," ",3410000.0,3.37000006E12,7.700000423938034E31,30.0
"J1249-6507","J1249-6507",0.43444487308,1.21E-17,2.30178801032," "," ",5.69E8,7.3400001E10,5.800000053568509E30,8.51
"J1248-6444","J1248-6444",1.23489349389,1.932E-15,0.809786434982," "," ",1.01E7,1.55999994E12,4.099999841855605E31,9.55
"J1309-6415","J1309-6415",0.6194535568,8.79E-15,1.6143260283," "," ",1120000.0,2.36000012E12,1.5000000712461764E33,30.0
"J1312-6400","J1312-6400",2.43743249609,6.8E-16,0.410267772176," "," ",5.65E7,1.31000002E12,1.8999999440438837E30,2.21
"J1317-6302","J1317-6302",0.26127055606,1.02E-16,3.827450039," "," ",4.04E7,1.66000001E11,2.3000000510364764E32,30.0
"B1259-63","J1302-6350",0.0477625075,2.2787E-15,20.9369242,"MSS"," ",332000.0,3.33999997E11,8.29999968409538E35,2.3
"J1302-63","J1302-63",0.32572433,,3.07008076," "," ",,,,30.0
"J1307-6318","J1307-6318",4.9624272525,2.11E-14,0.2015142891," "," ",3720000.0,1.04000001E13,6.800000278417427E30,14.45
"J1316-6232","J1316-6232",0.34282539844,5.297E-15,2.9169367397," "," ",1030000.0,1.36000006E12,5.200000014156101E33,30.0
"B1240-64","J1243-6423",0.388480921041,4.5006E-15,2.57412898765," "," ",1370000.0,1.34000004E12,3.000000142492353E33,2.0
"J1244-6359","J1244-6359",0.14727431048,4.4E-18,6.7900504626,"DD"," ",5.3E8,2.57999995E10,5.4000001910026175E31,12.05
"J1248-6344","J1248-6344",0.198335136357,1.6918E-14,5.0419709708," "," ",186000.0,1.85000002E12,8.600000292062757E34,23.99
"J1252-6314","J1252-6314",0.82333927128,1.1E-16,1.21456613923," "," ",1.2E8,3.02000013E11,7.699999855503845E30,11.0
"J1255-62","J1255-62",0.18291150816,,5.4671245678," "," ",,,,30.0
"J1301-6310","J1301-6310",0.6638296477,5.6433E-14,1.50641057305," "," ",186000.0,6.19E12,7.600000244565306E33,2.06
"J1302-6313","J1302-6313",0.9678462129,6.33E-15,1.0332220002," "," ",2420000.0,2.49999996E12,2.800000038405414E32,28.06
"J1303-6305","J1303-6305",2.3066415539,2.18E-15,0.43353073142," "," ",1.68E7,2.27000005E12,6.999999868639859E30,13.62
"J1301-6305","J1301-6305",0.18452809509,2.66747E-13,5.4192289772," "," ",11000.0,7.0999998E12,1.700000017881393E36,15.84
"J1305-6256","J1305-6256",0.47823093284,2.11E-15,2.0910399795," "," ",3590000.0,1.02000001E12,7.599999662488697E32,30.0
"J1306-6242","J1306-6242",0.98190211848,5.86E-15,1.01843145175," "," ",2650000.0,2.42999991E12,2.400000084890052E32,22.63
"J1305-6203","J1305-6203",0.42776184224,3.214E-14,2.3377494233," "," ",211000.0,3.75000007E12,1.5999999595805997E34,24.07
"B1336-64","J1340-6456",0.37862206628,5.0512E-15,2.641156153," "," ",1190000.0,1.39999995E12,3.699999942909925E33,1.92
"J1337-6423","J1337-6423",0.0094234067178,2.469E-20,106.11873496995,"ELL1"," ",6.05E9,4.88E8,1.1999999696854499E33,6.3
"J1349-63","J1349-63",0.373034,,2.6807208," "," ",,,,8.04
"J1348-6307","J1348-6307",0.9277722389,3.79E-15,1.0778507462," "," ",3880000.0,1.90000005E12,1.899999915622174E32,8.18
"J1354-6249","J1354-6249",2.951938334,1.48E-14,0.3387604641," "," ",3160000.0,6.6899998E12,2.3000000055617415E31,5.62
"B1323-63","J1326-6408",0.7926701073,3.103E-15,1.2615588639," "," ",4050000.0,1.58999996E12,2.499999936844687E32,15.7
"J1327-6400","J1327-6400",0.280677974168,3.1177E-14,3.56280182998," "," ",143000.0,2.99000005E12,5.599999800324438E34,30.0
"J1337-6306","J1337-6306",0.207953012189,3.558E-16,4.80877862491," "," ",9260000.0,2.75000001E11,1.5999999595805998E33,16.01
"J1322-6329","J1322-6329",2.7642094208,1.108E-14,0.36176709061," "," ",3950000.0,5.5999998E12,2.1000000742787957E31,30.0
"B1323-627","J1327-6301",0.196478664183,1.52962E-15,5.08961115019," "," ",2040000.0,5.55E11,7.999999797902999E33,6.5
"J1324-6302","J1324-6302",2.483803693,9.79E-16,0.402608307097," "," ",4.02E7,1.57999995E12,2.499999993688106E30,11.03
"B1338-62","J1341-6220",0.193339746306,2.53107E-13,5.172242227," "," ",12100.0,7.0799998E12,1.4000000059604642E36,8.55
"J1349-6130","J1349-6130",0.259362860073,5.125E-15,3.85560214642," "," ",802000.0,1.17000005E12,1.2000000569969412E34,5.82
"B1334-61","J1338-6204",1.2389895765,1.3854E-14,0.80710929209," "," ",1420000.0,4.19000012E12,2.9000000722589896E32,8.16
"J1345-6115","J1345-6115",1.2530845901,3.25E-15,0.79803072187," "," ",6110000.0,2.04000002E12,6.499999926745657E31,5.87
"J1344-6059","J1344-6059",0.5401023214,4.3E-17,1.8515010219," "," ",1.99E8,1.53999999E11,1.0999999631167153E31,7.17
"J1407-6153","J1407-6153",0.7016149492,8.85E-15,1.4252832," "," ",1260000.0,2.51999997E12,9.999999747378748E32,9.75
"J1410-6132","J1410-6132",0.0500519462,3.2E-14,19.979243," "," ",24800.0,1.28E12,9.999999999999997E36,30.0
"B1353-62","J1357-62",0.455761,,2.194132," "," ",,,,6.94
"J1355-6206","J1355-6206",0.27660304315,3.1E-18,3.61528921957," "," ",1.41E9,2.96E10,5.800000053568509E30,7.95
"J1406-6121","J1406-6121",0.213074653776,5.4701E-14,4.6931907774," "," ",61700.0,3.45000011E12,2.1999999880790704E35,9.11
"J1412-6145","J1412-6145",0.315224970657,9.86598E-14,3.17233751475," "," ",50600.0,5.6399998E12,1.2000000104308126E35,9.32
"J1413-6141","J1413-6141",0.28562462018,3.3344E-13,3.5010987476," "," ",13600.0,9.8799997E12,5.600000172853468E35,11.0
"J1412-6111","J1412-6111",0.52915639797,1.91E-15,1.88980045187," "," ",4380000.0,1.02000001E12,5.09999990754295E32,5.95
"J1418-6058","J1418-6058",0.11057301169,1.69394E-13,9.043798163," ","NRAD",10300.0,4.37999999E12,4.90000009536743E36,
"J1420-6048","J1420-6048",0.06817987659,8.3167E-14,14.667084337," ","HE[rrj01,waa+09]",13000.0,2.40999989E12,9.999999999999997E36,7.65
"J1416-6037","J1416-6037",0.29558048193,4.28E-15,3.3831733187," "," ",1090000.0,1.14000003E12,6.500000017695127E33,5.72
"J1407-6048","J1407-6048",0.49234420664,3.156E-15,2.0310993539," "," ",2470000.0,1.25999999E12,9.999999747378748E32,9.7
"J1418-5945","J1418-5945",1.6725956812,2.71E-16,0.59787312095," "," ",9.78E7,6.8099998E11,2.299999977140032E30,9.31
"B1356-60","J1359-6038",0.12750077685,6.3385E-15,7.8430894674," "," ",319000.0,9.1E11,1.2000000104308126E35,5.0
"J1406-5806","J1406-5806",0.28834924425,6.11E-16,3.4680167191," "," ",7480000.0,4.2500001E11,9.999999747378748E32,6.73
"J1322-62","J1322-62",1.044851,,0.957074," "," ",,,,30.0
"J1322-6241","J1322-6241",0.50605841373,2.587E-15,1.97605646475," "," ",3100000.0,1.16000005E12,7.899999764049424E32,19.91
"B1323-62","J1327-6222",0.5299131921,1.88787E-14,1.88710153834," "," ",445000.0,3.19999993E12,5.000000237487255E33,4.0
"J1329-6158","J1329-6158",1.5652179638,3.39E-14,0.6388886552," "," ",732000.0,7.3699998E12,3.500000093481502E32,8.11
"J1324-6146","J1324-6146",0.8441085753,5.58E-15,1.1846817214," "," ",2400000.0,2.2E12,3.7000001611886535E32,30.0
"J1341-6023","J1341-6023",0.62728536587,1.9461E-14,1.59417077842," "," ",511000.0,3.53999992E12,3.1000000308267766E33,7.03
"J1319-6105","J1319-6105",0.421118114249,1.5012E-15,2.37463069425," "," ",4440000.0,8.0499999E11,7.899999764049424E32,14.88
"B1316-60","J1319-6056",0.284351393041,1.5263E-15,3.51677545626," "," ",2950000.0,6.6699998E11,2.6000000070780506E33,12.64
"J1314-6101","J1314-6101",2.9483896038,1.17E-14,0.33916820176," "," ",3990000.0,5.9400001E12,1.7999999499807014E31,9.6
"B1323-58","J1326-5859",0.47799086689,3.238E-15,2.09209018261," "," ",2340000.0,1.25999999E12,1.1999999696854499E33,3.0
"J1334-5839","J1334-5839",0.1077182159234,2.1596E-17,9.283480899007," "," ",7.9E7,4.8799998E10,6.800000119255854E32,3.89
"J1347-5947","J1347-5947",0.609961754304,1.416E-14,1.63944705212," "," ",682000.0,2.97000003E12,2.5000001187436275E33,6.54
"J1355-5925","J1355-5925",1.21338122674,5.986E-15,0.82414329311," "," ",3210000.0,2.73000012E12,1.2999999853491314E32,8.43
"J1355-5747","J1355-5747",2.0386738254,7.1E-16,0.49051495513," "," ",4.52E7,1.21999996E12,3.3000000598804025E30,7.58
"J1405-5641","J1405-5641",0.61757468514,1.198E-15,1.61923735551," "," ",8170000.0,8.6999997E11,1.9999999494757498E32,21.3
"J1356-5521","J1356-5521",0.507379566696,7.235E-16,1.97091106075," "," ",1.11E7,6.1300002E11,2.2000000171829007E32,8.75
"B1449-64","J1453-6413",0.1794847539641,2.7461E-15,5.57150386266," "," ",1040000.0,7.0999998E11,1.900000032037496E34,2.8
"J1502-6128","J1502-6128",0.84210384,1.348E-15,1.18750200688," "," ",9900000.0,1.07999999E12,8.899999556888358E31,7.88
"J1459-6053","J1459-6053",0.103150638274,2.52704E-14,9.694559498," ","NRAD",64700.0,1.62999999E12,9.099999815225599E35,
"J1519-6308","J1519-6308",1.25405163056,5.96E-15,0.79741533413," "," ",3330000.0,2.76999989E12,1.200000042445026E32,17.81
"J1519-6106","J1519-6106",2.15430706064,8.372E-15,0.46418638191," "," ",4080000.0,4.29999994E12,3.299999889350146E31,7.23
"J1513-5946","J1513-5946",1.046117156733,8.5284E-15,0.955915877647," ","RRAT",1940000.0,3.02000007E12,2.9000000722589896E32,4.26
"J1509-6015","J1509-6015",0.3390384487,2.121E-15,2.949517979," "," ",2530000.0,8.58E11,2.0999999833293252E33,13.63
"J1514-5925","J1514-5925",0.148796488226,2.8829E-15,6.7205887177," "," ",818000.0,6.6299999E11,3.5000001080334175E34,4.5
"B1518-58","J1522-5829",0.395352859901,2.0035E-15,2.529386028092," "," ",3130000.0,9.01E11,1.3000000035390253E33,4.47
"B1509-58","J1513-5908",0.15125125831483,1.5314675176E-12,6.61151524385," ","HE[umw+93,ppp+09]",1560.0,1.53999995E13,1.7000000476837154E37,4.4
"J1509-5850","J1509-5850",0.088921760489,9.1698E-15,11.245841226," ","HE[waa+09]",154000.0,9.1399999E11,5.099999904632567E35,3.85
"J1511-5835","J1511-5835",0.30151055002,3.44E-16,3.3166335305," "," ",1.39E7,3.25999985E11,4.999999873689374E32,7.1
"J1437-6146","J1437-6146",0.46761632345,6.3304E-15,2.1385053298," "," ",1170000.0,1.73999994E12,2.3999999393708998E33,4.77
"J1441-6137","J1441-6137",1.1758400229,3.6E-16,0.85045582777," "," ",5.18E7,6.5799999E11,8.700000080352763E30,4.44
"J1452-6036","J1452-6036",0.1549913579183,1.44989E-15,6.45197263532," "," ",1690000.0,4.80000016E11,1.5000000130385157E34,9.44
"J1444-6026","J1444-6026",4.7585755679,1.8542E-14,0.210146920172," ","RRAT",4070000.0,9.5100003E12,6.800000278417427E30,8.78
"J1435-6100","J1435-6100",0.00934797221025,2.45E-20,106.97507197376,"ELL1"," ",6.05E9,4.84E8,1.1999999696854499E33,3.25
"J1433-6038","J1433-6038",1.9544296353,5.63E-15,0.51165822598," "," ",5500000.0,3.36000005E12,3.000000106112565E31,9.74
"J1434-6029","J1434-6029",0.96334832315,1.03E-15,1.03804613136," "," ",1.48E7,1.01E12,4.500000159168848E31,5.78
"J1437-5959","J1437-5959",0.0616961234035,8.587E-15,16.2084738041," "," ",114000.0,7.3700003E11,1.4000000059604642E36,11.12
"J1434-6006","J1434-6006",0.30636786268,3.02E-15,3.2640499276," "," ",1610000.0,9.7300002E11,4.1000000783242273E33,7.25
"J1435-5954","J1435-5954",0.472995435514,1.5433E-15,2.11418530691," "," ",4860000.0,8.6500003E11,5.800000144517979E32,1.46
"J1444-5941","J1444-5941",2.7602279448,8.2E-15,0.36228891961," "," ",5310000.0,4.8199998E12,1.5000000530562825E31,4.38
"J1449-5846","J1449-5846",0.463329577191,8.6E-17,2.15829087809," "," ",8.54E7,2.02000007E11,3.3999999686784565E31,4.74
"J1502-5828","J1502-5828",0.66810515091,3.64E-14,1.4967703791," "," ",291000.0,4.9900002E12,4.7999998787417995E33,12.21
"J1455-59","J1455-59",0.1761912,,5.675652," "," ",,,,11.45
"J1457-5902","J1457-5902",0.39073936418,1.2306E-14,2.5592507223," "," ",503000.0,2.22000002E12,8.099999977275727E33,11.33
"J1457-5900","J1457-5900",1.4986374368,3.66E-15,0.66727280091," "," ",6490000.0,2.37000013E12,4.300000000512226E31,4.25
"J1452-5851","J1452-5851",0.38662501748,5.0706E-14,2.58648549575," "," ",121000.0,4.4800001E12,3.5000001080334175E34,5.64
"J1454-5846","J1454-5846",0.04524877299803,8.17E-19,22.10004678013,"BT"," ",8.78E8,6.1500001E9,3.500000093481502E32,3.32
"B1508-57","J1512-5759",0.128694148448,6.85121E-15,7.77036106194," "," ",298000.0,9.5000003E11,1.3000000268220898E35,12.7
"J1513-5739","J1513-5739",0.9734580348,2.755E-14,1.02726564911," "," ",560000.0,5.2400001E12,1.1999999696854499E33,9.84
"J1515-5720","J1515-5720",0.2866461965,6.098E-15,3.4886212069," "," ",745000.0,1.34000004E12,1.000000047497451E34,10.32
"J1502-5653","J1502-5653",0.53550439779,1.8286E-15,1.867398296125," "," ",4640000.0,1.0E12,4.700000135926529E32,4.51
"J1501-5637","J1501-5637",0.7829485661,1.7E-16,1.2772231067," "," ",7.3E7,3.68999989E11,1.3999999737279718E31,6.75
"J1504-5621","J1504-5621",0.41298519981,5.529E-15,2.42139427868," "," ",1180000.0,1.53000005E12,3.1000000308267766E33,3.93
"J1536-5907","J1536-5907",0.55784066031,1.366E-15,1.79262658883," "," ",6470000.0,8.8300002E11,3.0999999580672003E32,12.09
"J1535-5848","J1535-5848",0.307177662775,2.716E-15,3.2554450443," "," ",1790000.0,9.2399999E11,3.699999942909925E33,3.13
"J1540-5736","J1540-5736",0.61291628569,4.2E-16,1.63154418204," "," ",2.31E7,5.13999995E11,7.1999997999228055E31,8.17
"J1538-5750","J1538-5750",0.506568335296,4.2E-17,1.97406732779," "," ",1.91E8,1.47999998E11,1.3000000080864989E31,2.41
"J1538-5732","J1538-5732",0.341212811806,4.5498E-15,2.93072230995," "," ",1190000.0,1.25999999E12,4.499999922700225E33,3.88
"J1537-5645","J1537-5645",0.43046412386,2.78E-15,2.3230739673," "," ",2450000.0,1.11000001E12,1.400000037392601E33,24.59
"J1538-5638","J1538-5638",0.84398039688,7.12E-15,1.18486164335," "," ",1880000.0,2.47999994E12,4.700000135926529E32,12.94
"B1535-56","J1539-5626",0.2433922004,4.8493E-15,4.108595092," "," ",795000.0,1.1E12,1.3000000035390254E34,4.0
"J1538-5621","J1538-5621",1.90849449143,7.3118E-15,0.52397321789," "," ",4140000.0,3.78000009E12,4.2000001485575915E31,3.76
"J1524-5819","J1524-5819",0.96104262694,1.26016E-13,1.04053657139," "," ",121000.0,1.11000001E13,5.600000149570404E33,10.87
"J1519-5734","J1519-5734",0.51875778474,4.273E-15,1.92768191516," "," ",1920000.0,1.51000003E12,1.1999999696854499E33,13.12
"J1522-5735","J1522-5735",0.10213598087,3.1239E-14,9.790868913," ","NRAD",51800.0,1.80999999E12,1.1999999731779095E36,
"J1524-5706","J1524-5706",1.11604861927,3.5647E-13,0.89601831205," "," ",49600.0,2.02000008E13,1.000000047497451E34,21.59
"J1526-5633","J1526-5633",0.30188789663,1.23E-16,3.3124878843," "," ",3.89E7,1.94999992E11,1.800000063667539E32,6.44
"J1524-5625","J1524-5625",0.078218548881,3.895005E-14,12.7846912824," "," ",31800.0,1.76999996E12,3.1999999284744256E36,3.84
"J1532-56","J1532-56",0.52297708597,,1.9121296646," "," ",,,,5.69
"J1531-5610","J1531-5610",0.0842016828855,1.37406E-14,11.87624719282," "," ",97100.0,1.08999999E12,9.099999815225599E35,3.1
"J1538-5551","J1538-5551",0.104674920844,3.2082E-15,9.5533867323," "," ",517000.0,5.8599997E11,1.0999999940395352E35,10.4
"J1529-5611","J1529-5611",0.8222487311,4.1E-15,1.216177006," "," ",3180000.0,1.86000002E12,2.9000000722589896E32,3.77
"B1523-55","J1527-5552",1.0487048866,1.128E-14,0.9535571091," "," ",1470000.0,3.47999987E12,3.899999865097924E32,7.15
"J1528-5547","J1528-5547",3.467301517,7.75E-15,0.2884087222," "," ",7090000.0,5.2499998E12,7.300000106624791E30,5.55
"J1525-5605","J1525-5605",0.28034866206,1.16E-16,3.5669868822," "," ",3.83E7,1.81999993E11,2.0999999833293254E32,6.77
"J1525-5545","J1525-5545",0.01135988179177,1.314E-19,88.02908501431,"ELL1"," ",1.37E9,1.24E9,3.499999875202774E33,3.53
"J1525-5523","J1525-5523",0.3551560369998,8.96E-18,2.815663809202," "," ",6.28E8,5.7100001E10,7.900000014160466E30,3.5
"J1549-57","J1549-57",0.7375,,1.3559," ","RRAT",,,,0.91
"J1548-5607","J1548-5607",0.170933992695,1.0736E-14,5.85021144264," "," ",252000.0,1.37000006E12,8.500000461935994E34,6.95
"J1541-5535","J1541-5535",0.29583755345,7.502E-14,3.3802334705," "," ",62500.0,4.77E12,1.0999999940395352E35,7.46
"J1543-5459","J1543-5459",0.37711856263,5.2018E-14,2.65168596585," "," ",115000.0,4.4800001E12,3.800000064074992E34,6.32
"J1554-5512","J1554-5512",3.418039313,3.12E-14,0.2925653886," "," ",1740000.0,1.04000001E13,3.0999999580672002E31,8.05
"B1550-54","J1553-5456",1.0813282469,1.565E-14,0.9247885671," "," ",1090000.0,4.1600001E12,4.899999839835799E32,4.8
"J1558-5419","J1558-5419",0.59457526355,6.04E-15,1.6818728617," "," ",1560000.0,1.92000007E12,1.1000000085914504E33,9.09
"J1556-5358","J1556-5358",0.99468068673,1.042E-14,1.00534775968," "," ",1510000.0,3.25999998E12,4.199999966658651E32,6.96
"J1550-5418","J1550-5418",2.06983302,2.318E-11,0.48313076," ","AXP,HE",1410.0,2.21999998E14,9.99999977648258E34,4.0
"J1551-5310","J1551-5310",0.45339416464,1.951299E-13,2.20558639257," "," ",36800.0,9.5199995E12,8.299999870359896E34,7.52
"J1550-5317","J1550-5317",1.42112434544,9.35E-16,0.70366819287," "," ",2.41E7,1.17000005E12,1.3000000080864989E31,8.45
"J1538-5519","J1538-5519",0.39573063893,4.1E-17,2.5269713831," "," ",1.53E8,1.28999997E11,2.6000000161729978E31,9.7
"J1539-5521","J1539-5521",1.00495831813,7.28E-16,0.99506614549," "," ",2.19E7,8.6599998E11,2.7999999474559435E31,6.84
"J1535-5450","J1535-5450",0.56673415672,1.4338E-14,1.76449573075," "," ",626000.0,2.87999997E12,3.1000000308267766E33,4.63
"J1538-5438","J1538-5438",0.27672613726,1.42E-15,3.6136810563," "," ",3080000.0,6.35E11,2.699999895412474E33,3.6
"J1536-5433","J1536-5433",0.8814384311,1.91E-15,1.1345091894," "," ",7310000.0,1.31000002E12,1.1000000085914504E32,3.72
"B1530-539","J1534-5405",0.2896888952,1.5429E-15,3.4519790595," "," ",2970000.0,6.7699999E11,2.5000001187436275E33,4.26
"B1530-53","J1534-5334",1.36888090921,1.426E-15,0.730523738969," "," ",1.52E7,1.40999996E12,2.1999999262334305E31,1.13
"B1541-52","J1544-5308",0.178553799688,6.07E-17,5.6005528964," "," ",4.66E7,1.05000002E11,4.199999966658651E32,1.29
"J1542-5303","J1542-5303",1.20756776526,7.78E-14,0.82811087607," "," ",246000.0,9.81E12,1.6999999934341754E33,6.02
"J1546-5302","J1546-5302",0.58083988615,1.18E-14,1.7216448523," "," ",780000.0,2.65000006E12,2.3999999393708998E33,6.1
"J1543-5149","J1543-5149",0.00205696039242,1.6159E-20,486.154232083,"ELL1"," ",2.02E9,1.84E8,7.30000017210841E34,1.46
"J1542-5133","J1542-5133",1.7838649877,5.9E-16,0.56058054107," "," ",4.8E7,1.04000002E12,4.100000126072699E30,4.87
"J1522-5525","J1522-5525",1.3896046876,3.3E-15,0.7196291211," "," ",6670000.0,2.16999998E12,4.900000021734739E31,1.89
"J1525-5417","J1525-5417",1.01169421772,1.6174E-14,0.98844095625," "," ",991000.0,4.09000005E12,6.199999916134401E32,6.01
"J1518-5415","J1518-5415",0.214924800284,4.06E-17,4.65279017907," "," ",8.39E7,9.4500004E10,1.5999999959603878E32,4.26
"J1512-5431","J1512-5431",2.0405315742,1.92E-15,0.49006837858," "," ",1.68E7,1.99999999E12,8.900000239009385E30,6.61
"J1511-5414","J1511-5414",0.2003836959221,4.848E-16,4.99042596953," "," ",6550000.0,3.14999996E11,2.3999999393708998E33,2.24
"J1529-5355","J1529-5355",0.8912645399,8.1E-16,1.122001331," "," ",1.74E7,8.6000003E11,4.500000159168848E31,7.75
"J1530-5327","J1530-5327",0.278956721152,4.683E-15,3.58478546733," "," ",944000.0,1.16000005E12,8.50000011269003E33,1.46
"J1532-5308","J1532-5308",0.4438246083,6.5E-17,2.2531423028," "," ",1.08E8,1.72000002E11,2.9000000267842545E31,4.45
"J1537-5153","J1537-5153",1.52812410566,4.172E-15,0.654397111," "," ",5800000.0,2.56E12,4.600000011123483E31,2.63
"J1429-5935","J1429-5935",0.76391483053,4.2751E-14,1.30904645391," "," ",283000.0,5.7799999E12,3.800000122282653E33,10.62
"J1429-5911","J1429-5911",0.11584261008,3.05E-14,8.632402182," ","NRAD",60200.0,1.90000005E12,7.699999958276747E35,
"J1424-5822","J1424-5822",0.366734060217,3.943E-15,2.72677154505," "," ",1470000.0,1.21999996E12,3.1999999191611997E33,10.19
"J1425-5759","J1425-5759",0.70786760576,7.42E-16,1.41269354871," "," ",1.51E7,7.3299997E11,8.300000445160547E31,10.81
"J1431-5740","J1431-5740",0.00411054395677,6.42E-21,243.27680485062,"BT"," ",1.01E10,1.64E8,3.600000054575502E33,4.07
"J1425-5723","J1425-5723",0.35326292024,2.2E-17,2.8307527983," "," ",2.54E8,8.9200001E10,1.9999999949504848E31,1.46
"J1420-5625","J1420-5625",0.03411713084786,6.8E-20,29.31078830923,"BT"," ",8.01E9,1.54E9,6.700000085402278E31,1.74
"J1424-56","J1424-56",1.427,,0.700771," ","RRAT",,,,1.22
"J1424-5556","J1424-5556",0.770374845874,7.8E-16,1.29806938188," "," ",1.56E7,7.8499997E11,6.700000085402278E31,7.71
"B1424-55","J1428-5530",0.570290462862,2.0805E-15,1.75349241329," "," ",4340000.0,1.1E12,4.4000000343658014E32,2.29
"J1439-5501","J1439-5501",0.02863488819045,1.418E-19,34.922434246953,"ELL1"," ",3.2E9,2.04E9,2.400000084890052E32,0.76
"B1417-54","J1420-5416",0.9357719221,2.37E-16,1.0686364662," "," ",6.26E7,4.77000008E11,1.0999999631167153E31,4.9
"J1443-5122","J1443-5122",0.7320612647,3.38E-16,1.3660058908," "," ",3.43E7,5.03000007E11,3.3999999686784565E31,3.17
"J1432-5032","J1432-5032",2.0349894792,5.924E-15,0.49140303192," "," ",5440000.0,3.50999989E12,2.7999999474559435E31,5.72
"B1503-51","J1506-5158",0.840738545,6.37E-15,1.189430419," "," ",2090000.0,2.3400001E12,4.199999966658651E32,1.67
"B1454-51","J1457-5122",1.7483010801,5.29E-15,0.5719838599," "," ",5240000.0,3.08000011E12,3.9000001379463347E31,1.37
"J1514-4946","J1514-4946",0.00358933667967,1.8646E-20,278.60300920296,"ELL1","HE",3.05E9,2.62E8,1.5999999595805997E34,1.27
"B1510-48","J1514-4834",0.45483920949,9.25E-16,2.1985791443," "," ",7790000.0,6.5600002E11,3.899999865097924E32,1.59
"J1517-4636","J1517-4636",0.88661249686,2.098E-15,1.12788845583," "," ",6700000.0,1.37999994E12,1.200000042445026E32,10.98
"J1446-4701","J1446-4701",0.00219469577985,9.8102E-21,455.644016442381,"ELL1","HE",3.54E9,1.48E8,3.700000001117586E34,2.03
"J1705-6135","J1705-6135",0.808546089,6.0E-17,1.2367878759," "," ",2.14E8,2.23000003E11,4.4999998749517534E30,6.31
"J1706-6118","J1706-6118",0.3619213249276,2.9213E-16,2.763031441157," "," ",1.96E7,3.28999993E11,2.400000084890052E32,3.64
"B1659-60","J1704-6016",0.3063230254,9.1E-16,3.264527695," "," ",5330000.0,5.34000009E11,1.1999999696854499E33,1.89
"J1717-5800","J1717-5800",0.321793346869,1.957E-16,3.10758444738," "," ",2.61E7,2.54000005E11,2.3000000510364764E32,8.85
"J1733-5515","J1733-5515",1.011233535,4.0E-16,0.988891255," "," ",4.01E7,6.4399999E11,1.5000000530562825E31,4.11
"B1745-56","J1749-5605",1.3323097198,2.12E-15,0.750576225," "," ",9960000.0,1.70000004E12,3.5000000480067675E31,2.66
"J1744-5337","J1744-5337",0.3556658488,1.9E-16,2.811627834," "," ",2.97E7,2.62999998E11,1.7000000298139635E32,8.16
"J1740-5340A","J1740-5340A",0.0036503288972,1.68E-19,273.9479176156,"BT"," ",3.44E8,7.92E8,1.400000043213367E35,2.2
"B1707-53","J1711-5350",0.8992177993,1.5494E-14,1.112077631," "," ",920000.0,3.78000009E12,8.399999933317302E32,4.24
"J1705-52","J1705-52",0.2307,,4.334634," "," ",,,,8.99
"J1634-5640","J1634-5640",0.22420119106,4.1E-17,4.4602796054," "," ",8.66E7,9.6999997E10,1.400000019202707E32,5.71
"J1627-5547","J1627-5547",0.3524642132,7.38E-16,2.8371674699," "," ",7570000.0,5.1599999E11,6.700000085402279E32,5.66
"J1649-5553","J1649-5553",0.61357070436,1.698E-15,1.62980401915," "," ",5730000.0,1.03000002E12,2.9000000722589896E32,14.07
"J1638-5226","J1638-5226",0.340502709437,2.65E-15,2.93683419334," "," ",2040000.0,9.6099998E11,2.6000000070780506E33,4.88
"B1611-55","J1615-5537",0.79152571562,1.9993E-15,1.26338283175," "," ",6270000.0,1.26999999E12,1.5999999959603878E32,3.57
"J1615-5444","J1615-5444",0.360957675308,3.377E-16,2.77040791319," "," ",1.69E7,3.52999997E11,2.800000038405414E32,8.4
"J1620-5414","J1620-5414",1.15636028782,6.7E-17,0.86478237841," "," ",2.72E8,2.81999999E11,1.7000000696043568E30,1.73
"J1612-55","J1612-55",0.846907,,1.180767," "," ",,,,8.42
"B1601-52","J1605-5257",0.6580131007,2.56E-16,1.5197265813," "," ",4.07E7,4.15000003E11,3.5000000480067675E31,1.28
"J1614-5402","J1614-5402",0.57259227192,2.9E-17,1.74644341015," "," ",3.13E8,1.30000003E11,6.099999723119252E30,6.96
"J1613-5234","J1613-5234",0.65522059567,6.629E-15,1.5262035513," "," ",1570000.0,2.10999994E12,9.300000237999481E32,9.94
"J1613-5211","J1613-5211",0.45750181782,1.9231E-14,2.1857836648," "," ",377000.0,3.00000005E12,7.90000020060688E33,6.14
"J1610-5303","J1610-5303",0.78646802352,2.615E-15,1.27150751219," "," ",4770000.0,1.44999999E12,2.0999999833293254E32,6.6
"B1607-52","J1611-5209",0.182491659288,5.1658E-15,5.47970249107," "," ",560000.0,9.8300002E11,3.400000045076012E34,3.33
"J1609-5158","J1609-5158",1.2794023539,1.296E-14,0.7816149446," "," ",1560000.0,4.12000007E12,2.400000084890052E32,12.73
"J1621-5243","J1621-5243",0.37192413884,7.68E-16,2.688720348," "," ",7670000.0,5.41000008E11,5.9000001783715546E32,7.76
"J1634-5107","J1634-5107",0.507356002674,1.5745E-15,1.97100259922," "," ",5110000.0,9.0399998E11,4.800000169780104E32,9.3
"J1627-51","J1627-51",0.439684,,2.274361," "," ",,,,4.3
"J1627-49","J1627-49",0.623678,,1.603391," "," ",,,,7.83
"J1616-5208","J1616-5208",1.0258308926,2.891E-14,0.9748195411," "," ",562000.0,5.51E12,1.1000000085914504E33,7.38
"J1616-5109","J1616-5109",1.2195938825,1.908E-14,0.8199450771," "," ",1010000.0,4.8799998E12,4.199999966658651E32,18.97
"J1617-5055","J1617-5055",0.069356847,1.351E-13,14.4181871," ","HE[tkt+98]",8130.0,3.10000012E12,1.6000000238418575E37,6.46
"J1614-5144","J1614-5144",1.5340081422,7.44E-15,0.6518870223," "," ",3270000.0,3.42000009E12,8.099999831756574E31,9.56
"J1612-5136","J1612-5136",0.48331051132,3.784E-15,2.0690632142," "," ",2020000.0,1.37000006E12,1.3000000035390253E33,18.18
"B1610-50","J1614-5048",0.23169383623,4.94943E-13,4.316040583," "," ",7420.0,1.08000004E13,1.5999999642372128E36,7.24
"J1616-5017","J1616-5017",0.49138412183,4.6592E-14,2.03506779233," "," ",167000.0,4.8399998E12,1.5999999595805997E34,3.92
"J1621-5039","J1621-5039",1.08401994353,1.303E-14,0.922492253," "," ",1320000.0,3.8000001E12,3.9999998989514996E32,4.88
"J1623-4949","J1623-4949",0.7257321554,4.209E-14,1.3779188266," "," ",273000.0,5.5900001E12,4.299999854993074E33,3.76
"J1622-4950","J1622-4950",4.3261,1.7E-11,0.231155," ","AXP,HE",4030.0,2.74000006E14,8.299999753944573E33,9.14
"J1622-4944","J1622-4944",1.0729678942,1.708E-14,0.9319943359," "," ",995000.0,4.32999996E12,5.500000042957252E32,8.55
"J1620-4927","J1620-4927",0.1719346524466,1.04879E-14,5.81616320951," ","NRAD",260000.0,1.36000006E12,8.10000021010637E34,
"J1658-5324","J1658-5324",0.0024392959098,1.1154E-20,409.95436264371," ","HE",3.46E9,1.67E8,3.0000000260770315E34,1.24
"B1647-528","J1651-5255",0.8905339578,2.07E-15,1.1229218058," "," ",6820000.0,1.37000006E12,1.200000042445026E32,5.99
"B1647-52","J1651-5222",0.63505597647,1.812E-15,1.5746643399," "," ",5550000.0,1.08999999E12,2.800000038405414E32,6.39
"J1646-5123","J1646-5123",0.53007520741,2.099E-15,1.88652475351," "," ",4000000.0,1.06999998E12,5.600000076810828E32,10.92
"J1640-4951","J1640-4951",0.73909894649,3.34E-16,1.35299881667," "," ",3.51E7,5.03000007E11,3.299999889350146E31,10.66
"J1650-4921","J1650-4921",0.1563993674972,1.81873E-15,6.39388775033," "," ",1360000.0,5.39999994E11,1.900000032037496E34,5.83
"J1701-4958","J1701-4958",0.80430423739,1.1E-16,1.24331061993," "," ",1.16E8,3.00999999E11,8.29999976303952E30,9.68
"J1700-4939","J1700-4939",0.57836343922,1.078E-15,1.72901662205," "," ",8500000.0,7.9899997E11,2.2000000171829007E32,14.53
"J1658-4958","J1658-4958",0.416873770089,3.856E-15,2.39880767693," "," ",1710000.0,1.28E12,2.0999999833293252E33,6.26
"J1703-4851","J1703-4851",1.39640107763,5.0804E-15,0.71612663154," "," ",4350000.0,2.7000001E12,7.3999999585794265E31,4.5
"J1658-47","J1658-47",0.3693649,,2.70735," "," ",,,,30.0
"J1653-4854","J1653-4854",3.0595096022,3.45E-15,0.3268497668," "," ",1.41E7,3.29E12,4.799999828719591E30,13.76
"J1652-48","J1652-48",0.0037851238,,264.19215," "," ",,,,4.79
"J1649-4729","J1649-4729",0.29769219971,6.55E-15,3.3591743451," "," ",720000.0,1.40999996E12,9.800000116229055E33,12.69
"J1649-4653","J1649-4653",0.55701875796,4.974E-14,1.7952716775," "," ",177000.0,5.3299999E12,1.0999999940395352E34,5.63
"J1648-4611","J1648-4611",0.164949668359,2.37456E-14,6.0624553535," "," ",110000.0,1.99999999E12,2.0999999716877932E35,5.71
"J1647-4552","J1647-4552",10.61065628,8.3E-13,0.0942448774," ","AXP,NRAD",202000.0,9.5099996E13,2.7999999474559435E31,
"B1629-50","J1633-5015",0.352142380018,3.7877E-15,2.83976043994," "," ",1470000.0,1.17000005E12,3.399999986868351E33,7.02
"J1635-4944","J1635-4944",0.67196419932,8.79E-15,1.48817452033," "," ",1210000.0,2.45999993E12,1.1000000085914504E33,8.85
"J1634-49","J1634-49",0.68493649236,,1.45998937296," "," ",,,,14.39
"J1636-4933","J1636-4933",0.430366558,1.506E-15,2.3236006177," "," ",4530000.0,8.1499999E11,7.500000356230882E32,11.16
"J1637-4816","J1637-4816",0.8373653018,5.834E-15,1.1942219218," "," ",2270000.0,2.24000003E12,3.899999865097924E32,10.01
"J1638-4725","J1638-4725",0.7639335,4.8E-15,1.3090145,"MSS"," ",2530000.0,1.92999994E12,4.199999966658651E32,6.87
"J1632-4818","J1632-4818",0.81345283358,6.50425E-13,1.22932757588," "," ",19800.0,2.33000004E13,4.800000227987765E34,8.54
"J1633-4805","J1633-4805",0.7108300788,7.6893E-14,1.4068059721," "," ",146000.0,7.4800001E12,8.50000011269003E33,11.9
"J1632-4757","J1632-4757",0.228564097816,1.50749E-14,4.37514031974," "," ",240000.0,1.88000004E12,4.99999988824129E34,6.96
"J1636-4803","J1636-4803",1.2046438889,2.071E-14,0.8301208425," "," ",922000.0,5.0500002E12,4.700000135926529E32,6.53
"J1635-4735","J1635-4735",2.594578,,0.3854191," ","AXP,NRAD",,,,
"J1637-4721","J1637-4721",1.1657413866,4.44E-15,0.85782319432," "," ",4160000.0,2.30000008E12,1.1000000085914504E32,5.94
"J1625-4913","J1625-4913",0.35585626277,6.647E-15,2.810123369," "," ",848000.0,1.55999994E12,5.799999926239251E33,8.21
"J1625-4904","J1625-4904",0.46033949229,1.6762E-14,2.1723098208," "," ",435000.0,2.80999992E12,6.799999973736702E33,7.94
"J1627-4845","J1627-4845",0.612330650088,3.641E-15,1.63310459775," "," ",2660000.0,1.51000003E12,6.299999949987976E32,6.86
"J1628-4828","J1628-4828",4.1375385239,1.753E-14,0.24168959255," "," ",3740000.0,8.6199999E12,9.799999816095803E30,14.29
"J1628-4804","J1628-4804",0.8659709627,1.24E-15,1.15477313105," "," ",1.1E7,1.05000003E12,7.6000001172360475E31,11.21
"J1626-4807","J1626-4807",0.29392818864,1.7476E-14,3.402191551," "," ",266000.0,2.29000007E12,2.700000070035457E34,10.25
"J1622-4845","J1622-4845",0.73509164794,1.1E-16,1.36037459112," "," ",1.06E8,2.87999984E11,1.0999999631167153E31,5.24
"J1622-4802","J1622-4802",0.26507223569,3.07E-16,3.7725565538," "," ",1.37E7,2.88999997E11,6.500000017695127E32,6.0
"J1624-4721","J1624-4721",0.44872324857,4.148E-15,2.228545107," "," ",1710000.0,1.37999994E12,1.800000027287751E33,6.11
"B1626-47","J1630-4733",0.57597141155,2.2287E-14,1.73619728331," "," ",409000.0,3.62999998E12,4.600000102072953E33,6.53
"J1630-4719","J1630-4719",0.55907133302,1.4178E-14,1.78868051524," "," ",625000.0,2.84999995E12,3.1999999191611997E33,6.7
"J1627-4706","J1627-4706",0.140745806053,1.7305E-15,7.105007446," "," ",1290000.0,4.98999984E11,2.499999944120645E34,7.15
"J1624-4613","J1624-4613",0.8712426056,6.1E-17,1.1477859251," "," ",2.27E8,2.32999993E11,3.6000000136482405E30,5.14
"J1626-4537","J1626-4537",0.370141128114,8.2788E-15,2.70167221107," "," ",708000.0,1.76999996E12,6.399999838322399E33,5.41
"B1636-47","J1640-4715",0.51740483467,4.20266E-14,1.93272256653," "," ",195000.0,4.7200002E12,1.2000000569969412E34,7.25
"J1644-4657","J1644-4657",0.12596223249,7.5E-16,7.938887556," "," ",2660000.0,3.11000007E11,1.5000000130385157E34,9.58
"J1644-46","J1644-46",0.2509406,,3.9850068," "," ",,,,5.68
"J1640-4648","J1640-4648",0.178352043293,8.061E-16,5.6068883851," "," ",3510000.0,3.84E11,5.600000149570404E33,6.1
"J1640-4631","J1640-4631",0.206443048,9.76E-13,4.843950957," ","NRAD",3350.0,1.43999998E13,4.399999976158141E36,12.75
"J1637-4642","J1637-4642",0.154027427712,5.9204E-14,6.4923501928," "," ",41200.0,3.0600001E12,6.4000003039836864E35,5.77
"B1635-45","J1639-4604",0.529115851204,5.7758E-15,1.8899452695," "," ",1450000.0,1.76999996E12,1.5000000712461764E33,4.64
"J1637-46","J1637-46",0.493091,,2.028023," "," ",,,,8.16
"J1638-4608","J1638-4608",0.27813728728,5.15041E-14,3.59534677921," "," ",85600.0,3.83000012E12,9.39999986439943E34,5.85
"B1634-45","J1637-4553",0.1187713928329,3.1879E-15,8.41953585075," "," ",590000.0,6.2300003E11,7.499999832361934E34,3.83
"J1635-4513","J1635-4513",1.5947455499,3.6E-15,0.6270592823," "," ",7020000.0,2.4199999E12,3.5000000480067675E31,6.96
"B1641-45","J1644-4559",0.455059775403,2.00902E-14,2.19751350054," "," ",359000.0,3.0600001E12,8.399999933317301E33,4.5
"J1643-4550","J1643-4550",0.717508089981,2.9974E-14,1.39371250856," "," ",379000.0,4.69E12,3.1999999191611997E33,5.88
"J1643-4522","J1643-4522",1.3478994729,8.283E-15,0.74189508944," "," ",2580000.0,3.38000006E12,1.2999999853491314E32,6.19
"J1643-4505","J1643-4505",0.237383081875,3.1833E-14,4.2126001234," "," ",118000.0,2.7799999E12,9.39999986439943E34,6.3
"J1637-4450","J1637-4450",0.252869846841,5.755E-16,3.9546035737," "," ",6960000.0,3.85999995E11,1.400000037392601E33,8.2
"J1638-44","J1638-44",0.5680566269,,1.760387878," "," ",,,,9.15
"J1638-4417","J1638-4417",0.1178015507206,1.60526E-15,8.48885259899," "," ",1160000.0,4.39999988E11,3.8999998942017543E34,8.46
"J1639-4359","J1639-4359",0.58755897769,1.5E-17,1.70195680429," "," ",6.21E8,9.5000003E10,2.9000000267842545E30,5.23
"J1638-4344","J1638-4344",1.12194419355,2.5E-17,0.89130992945," "," ",7.11E8,1.68999993E11,6.99999986863986E29,5.09
"J1632-4621","J1632-4621",1.70915449528,7.602E-14,0.58508461509," "," ",356000.0,1.15000004E13,5.9999998484272494E32,8.42
"B1630-44","J1633-4453",0.436506697158,6.2026E-15,2.29091559536," "," ",1120000.0,1.67000002E12,2.8999999631196254E33,11.93
"J1632-4509","J1632-4509",1.0468098769,1.488E-14,0.955283306," "," ",1110000.0,3.98999998E12,5.09999990754295E32,9.13
"J1626-44","J1626-44",0.3083536,,3.24303," "," ",,,,7.65
"J1636-4440","J1636-4440",0.20664850874,4.6715E-14,4.8391348483," "," ",70100.0,3.13999989E12,2.0999999716877932E35,9.33
"J1637-4335","J1637-4335",0.77136654042,3.62E-15,1.2964005406," "," ",3380000.0,1.69000003E12,3.0999999580672003E32,30.0
"J1757-5322","J1757-5322",0.00886996122728,2.63E-20,112.74006440127,"ELL1"," ",5.34E9,4.89E8,1.5000000712461764E33,1.36
"J1732-5049","J1732-5049",0.00531255029055,1.41951E-20,188.233512213289,"ELL1","HE",5.93E9,2.78E8,3.699999942909925E33,1.81
"J1749-4931","J1749-4931",0.445822307,5.9E-16,2.243046129," "," ",1.2E7,5.18999998E11,2.5999999706982627E32,1.8
"J1742-4616","J1742-4616",0.412401047219,3.38E-17,2.42482410446," "," ",1.93E8,1.18999998E11,1.9000000293090119E31,4.99
"J1716-4711","J1716-4711",0.55582421598,8.33E-16,1.79912996097," "," ",1.06E7,6.8900002E11,1.899999915622174E32,19.58
"B1727-47","J1731-4744",0.82982878524,1.63626E-13,1.20506786194," "," ",80400.0,1.18000001E13,1.0999999940395352E34,4.98
"J1724-4500","J1724-4500",1.3091087873,3.51E-15,0.76387845665," "," ",5900000.0,2.16999998E12,6.1999999161344005E31,6.26
"J1718-4539","J1718-4539",0.59047278772,7.507E-15,1.69355814663," "," ",1250000.0,2.12999995E12,1.400000037392601E33,10.82
"J1722-4400","J1722-4400",0.2185540958272,3.738E-16,4.57552623855," "," ",9260000.0,2.88999997E11,1.400000037392601E33,7.27
"J1719-4302","J1719-4302",0.23547520029,3.921E-16,4.24673171," "," ",9520000.0,3.06999984E11,1.1999999696854499E33,9.42
"J1715-4254","J1715-4254",0.57374535892,8.76E-16,1.74293348861," "," ",1.04E7,7.1700002E11,1.800000063667539E32,12.58
"B1747-46","J1751-4657",0.74235239547,1.2911E-15,1.347069136036," "," ",9110000.0,9.91E11,1.200000042445026E32,1.03
"J1743-4212","J1743-4212",0.3061669878595,7.834E-16,3.26619145647," "," ",6190000.0,4.96000008E11,1.1000000085914504E33,4.67
"J1747-4036","J1747-4036",0.00164560961318,1.31367E-20,607.67753906573," ","HE",1.98E9,1.49E8,1.2000000104308126E35,5.81
"J1732-4156","J1732-4156",0.323434055969,6.61E-16,3.09182036197," "," ",7750000.0,4.68000014E11,7.699999696342272E32,8.78
"B1729-41","J1732-4128",0.6279806844,1.2838E-14,1.592405666," "," ",775000.0,2.86999996E12,1.9999999494757496E33,5.94
"B1713-40","J1717-4054",0.88771864319,3.6831E-15,1.12648304468," "," ",3820000.0,1.83E12,2.0999999833293254E32,5.47
"J1718-41","J1718-41",0.5484192,,1.823423," "," ",,,,6.78
"J1725-4043","J1725-4043",1.46507137487,2.79E-15,0.68256060227," "," ",8320000.0,2.05000003E12,3.5000000480067675E31,4.8
"J1728-4028","J1728-4028",0.866342509,2.3E-16,1.154277886," "," ",5.9E7,4.53999985E11,1.3999999737279718E31,5.51
"J1726-4006","J1726-4006",0.88277826565,3.33E-15,1.13278729089," "," ",4200000.0,1.73000006E12,1.899999915622174E32,6.19
"J1742-3957","J1742-3957",1.0163491951,8.2E-17,0.9839138013," "," ",1.97E8,2.90999992E11,3.0999999012237814E30,6.4
"J1739-3951","J1739-3951",0.341772476799,2.0E-17,2.92592314444," "," ",2.73E8,8.3399999E10,1.9999999949504848E31,1.13
"J1733-4005","J1733-4005",0.561778329077,3.624E-15,1.78006154428," "," ",2460000.0,1.43999998E12,8.099999831756574E32,13.95
"J1744-3922","J1744-3922",0.172444360995,1.55E-18,5.79897187841,"ELL1"," ",1.76E9,1.64999997E10,1.200000042445026E31,4.6
"B1737-39","J1741-3927",0.512211401067,1.9313E-15,1.95231890176," "," ",4200000.0,1.01E12,5.700000110664403E32,4.75
"J1745-3812","J1745-3812",0.6983528638,2.426E-15,1.4319408595," "," ",4560000.0,1.32000003E12,2.800000038405414E32,4.82
"J1732-3729","J1732-3729",2.18400134708,1.3E-15,0.45787517546," "," ",2.66E7,1.71000005E12,4.8999999080479014E30,6.2
"B1730-37","J1733-3716",0.33758582318,1.50465E-14,2.96220969998," "," ",355000.0,2.28000006E12,1.5000000130385157E34,3.44
"B1734-35","J1737-3555",0.397584746441,6.1214E-15,2.515187036101," "," ",1030000.0,1.57999995E12,3.800000122282653E33,2.25
"J1707-4729","J1707-4729",0.26647363743,1.5603E-15,3.75271644," "," ",2710000.0,6.5299998E11,3.300000098533928E33,10.64
"B1657-45","J1701-4533",0.322908566781,5.193E-16,3.09685187348," "," ",9850000.0,4.13999989E11,6.099999882280825E32,17.39
"J1708-4522","J1708-4522",1.29783683782,2.612E-15,0.77051288025," "," ",7870000.0,1.86000002E12,4.699999863078118E31,30.0
"J1703-4442","J1703-4442",1.74729348943,1.43E-14,0.5723136989," "," ",1940000.0,5.06E12,1.1000000085914504E32,5.34
"J1700-4422","J1700-4422",0.7555354095,4.0E-17,1.3235647032," "," ",2.99E8,1.76000008E11,3.700000092976551E30,6.44
"J1702-4428","J1702-4428",2.1235057036,3.3E-15,0.47091938501," "," ",1.02E7,2.68000009E12,1.3999999737279718E31,7.05
"J1651-4519","J1651-4519",0.51744320409,8.19E-15,1.9325792514," "," ",1000000.0,2.08000005E12,2.3000000510364764E33,7.29
"J1650-4502","J1650-4502",0.38086979928,1.6061E-14,2.6255691627," "," ",376000.0,2.49999996E12,1.0999999940395352E34,5.09
"J1648-4458","J1648-4458",0.62963153567,1.854E-15,1.5882304862," "," ",5380000.0,1.08999999E12,2.9000000722589896E32,9.89
"J1652-4406","J1652-4406",7.707183007,9.5E-15,0.12974909238," ","RRAT",1.29E7,8.6599999E12,8.199999967928304E29,8.8
"J1650-4341","J1650-4341",0.309398365719,1.669E-17,3.23207912775," "," ",2.94E8,7.2700002E10,2.1999999262334305E31,8.11
"J1659-4439","J1659-4439",0.353293033439,2.5E-17,2.83051151693," "," ",2.24E8,9.5100002E10,2.1999999262334305E31,9.18
"J1657-4432","J1657-4432",0.60960714201,8.205E-15,1.64040072874," "," ",1180000.0,2.26000005E12,1.400000037392601E33,5.58
"J1659-4316","J1659-4316",0.47438143461,1.71E-16,2.10800829679," "," ",4.4E7,2.87999984E11,6.300000222836386E31,7.93
"J1658-4306","J1658-4306",1.1664490044,4.279E-14,0.8573028021," "," ",432000.0,7.1500001E12,1.1000000085914504E33,9.59
"J1653-4315","J1653-4315",0.41927974137,1.5E-17,2.3850424939," "," ",4.43E8,8.0299999E10,8.000000093488777E30,5.13
"B1648-42","J1651-4246",0.84408066596,4.812E-15,1.1847208926," "," ",2780000.0,2.04000002E12,3.1999999919207756E32,5.2
"J1654-4245","J1654-4245",1.1015546927,5.115E-14,0.9078078525," "," ",341000.0,7.6000002E12,1.5000000712461764E33,11.84
"J1653-4249","J1653-4249",0.61255824122,4.81E-15,1.63249783074," "," ",2020000.0,1.73999994E12,8.299999899463726E32,5.64
"B1706-44","J1709-4429",0.102459245929,9.298454E-14,9.759978135," ","HE[tab+92,ghd02]",17500.0,3.11999988E12,3.400000035762786E36,2.6
"J1707-4417","J1707-4417",5.763777003,1.165E-14,0.173497343752," ","RRAT",7840000.0,8.2899999E12,2.3999999143597954E30,9.17
"J1709-4401","J1709-4401",0.8652353343,7.37E-15,1.1557549263," "," ",1860000.0,2.56E12,4.5000000682193774E32,4.98
"J1709-4342","J1709-4342",1.735898235,8.0E-16,0.576070636," "," ",3.44E7,1.18999994E12,6.00000021222513E30,5.49
"J1707-4341","J1707-4341",0.89059449625,5.696E-15,1.1228454748," "," ",2480000.0,2.28000006E12,3.1999999919207756E32,7.99
"J1711-4322","J1711-4322",0.1026182883472,2.666E-17,9.74485168391,"ELL1"," ",6.1E7,5.29E10,9.699999645818022E32,4.17
"J1705-4331","J1705-4331",0.22256110261,7.12E-17,4.493148121," "," ",4.95E7,1.27000003E11,2.499999936844687E32,3.76
"J1706-4310","J1706-4310",0.6169790441,6.506E-15,1.6208005921," "," ",1500000.0,2.03000001E12,1.1000000085914504E33,13.43
"J1702-4310","J1702-4310",0.24052386477,2.237763E-13,4.157591601," "," ",17000.0,7.4200001E12,6.300000101327894E35,5.44
"J1702-4306","J1702-4306",0.215507334229,9.7852E-15,4.64021330679," "," ",349000.0,1.47000001E12,3.8999998942017543E34,7.12
"J1710-4148","J1710-4148",0.286561228631,1.02E-16,3.48965561314," "," ",4.45E7,1.72999999E11,1.7000000298139635E32,6.9
"B1703-40","J1707-4053",0.58101670786,1.925E-15,1.72112090147," "," ",4780000.0,1.06999998E12,3.899999865097924E32,4.0
"J1702-4217","J1702-4217",0.227564958458,1.14E-17,4.39434966955," "," ",3.16E8,5.1499999E10,3.8000000586180238E31,7.49
"J1654-4140","J1654-4140",1.27394512577,1.3E-16,0.7849631666," "," ",1.55E8,4.11999994E11,2.499999993688106E30,5.15
"J1702-4128","J1702-4128",0.182135802939,5.23448E-14,5.49040871626," "," ",55100.0,3.11999988E12,3.4000001847743976E35,5.18
"J1705-4108","J1705-4108",0.8610674067,3.471E-14,1.1613492651," "," ",393000.0,5.53E12,2.0999999833293252E33,11.87
"J1708-4008","J1708-4008",11.0062624,1.96E-11,0.090857365," ","AXP,NRAD",8900.0,4.70000016E14,5.800000144517979E32,3.8
"J1705-3950","J1705-3950",0.318941483436,6.06031E-14,3.13537138295," "," ",83400.0,4.4499998E12,7.400000002235172E34,3.86
"J1700-4012","J1700-4012",0.283791853785,9.9E-17,3.52370931957," "," ",4.54E7,1.70000007E11,1.7000000298139635E32,5.77
"J1705-3936","J1705-3936",0.8544816637,1.927E-14,1.1703001275," "," ",703000.0,4.11000006E12,1.1999999696854499E33,8.46
"J1702-3932","J1702-3932",0.390327976785,3.78E-16,2.5619480526," "," ",1.64E7,3.89000004E11,2.499999936844687E32,9.69
"J1644-44","J1644-44",0.1739106,,5.750081," "," ",,,,7.65
"J1649-4349","J1649-4349",0.87071155949,4.4E-17,1.14848595852," "," ",3.14E8,1.98000001E11,2.6000000730164165E30,5.56
"B1643-43","J1646-4346",0.2316033293,1.12753E-13,4.3177272236," "," ",32500.0,5.1699998E12,3.5999998450279224E35,6.86
"J1646-4308","J1646-4308",0.8406799814,1.1E-16,1.1895132775," "," ",1.21E8,3.07999998E11,7.300000106624791E30,10.96
"J1650-4126","J1650-4126",0.308917678787,1.98E-17,3.23710835821," "," ",2.47E8,7.9100002E10,2.7000000955013087E31,5.06
"J1638-42","J1638-42",0.5109,,1.95733," "," ",,,,15.99
"J1631-4155","J1631-4155",0.55124125377,8.8E-18,1.81408773956," "," ",9.91E8,7.05E10,2.0999999605919577E30,8.51
"J1638-3951","J1638-3951",0.77113024025,5.9E-16,1.29679780121," "," ",2.07E7,6.83E11,5.10000018039136E31,10.96
"J1653-4030","J1653-4030",1.01937155664,4.4E-16,0.98099656939," "," ",3.7E7,6.7500003E11,1.6000000186977554E31,10.37
"J1700-3919","J1700-3919",0.560503533065,5.0E-18,1.78411007426," "," ",1.77E9,5.3700002E10,1.1000000199601342E30,6.34
"J1655-3844","J1655-3844",1.19343919921,2.0E-15,0.83791449172," "," ",9450000.0,1.55999994E12,4.600000011123483E31,11.94
"B1650-38","J1653-3838",0.305037318882,2.786E-15,3.27828740321," "," ",1730000.0,9.3299999E11,3.900000010617076E33,5.12
"J1649-3935","J1649-3935",0.770909760511,3.91E-17,1.29716868462," "," ",3.12E8,1.76000008E11,3.4000001392087136E30,9.04
"J1649-3805","J1649-3805",0.262025692969,3.67E-17,3.81641963682," "," ",1.13E8,9.92E10,7.999999979801939E31,6.62
"J1654-3710","J1654-3710",0.93916547876,7.35E-16,1.06477508236," "," ",2.03E7,8.4100003E11,3.5000000480067675E31,13.15
"J1716-4111","J1716-4111",1.03606727254,2.882E-15,0.96518829086," "," ",5700000.0,1.74999994E12,9.999999747378749E31,4.79
"J1715-4034","J1715-4034",2.0721529918,3.01E-15,0.48258984928," "," ",1.09E7,2.52999998E12,1.3000000080864989E31,4.62
"J1717-4043","J1717-4043",0.39785744656,1.223E-14,2.51346307238," "," ",515000.0,2.23000003E12,7.699999841861425E33,9.03
"J1717-40435","J1717-40435",0.34992850807,1.75E-15,2.857726584," "," ",3170000.0,7.92E11,1.5999999595805998E33,11.41
"B1715-40","J1719-4006",0.189094492501,1.6676E-15,5.28836132017," "," ",1800000.0,5.6799999E11,9.699999936856326E33,6.28
"J1716-4005","J1716-4005",0.31181276456,2.87E-15,3.2070528011," "," ",1720000.0,9.5699999E11,3.699999942909925E33,6.33
"J1717-3953","J1717-3953",1.08552061541,3.3E-17,0.92121695876," "," ",5.21E8,1.92E11,1.0000000116860971E30,6.88
"J1713-3949","J1713-3949",0.3924514,,2.548086," "," ",,,,5.01
"J1712-391","J1712-391",0.778149,,1.2851009," "," ",,,,6.37
"J1712-392","J1712-392",0.0925277,,10.807574," "," ",,,,8.94
"J1715-3903","J1715-3903",0.27848105467,3.7688E-14,3.5909085492," "," ",117000.0,3.27999999E12,6.899999920278786E34,4.8
"J1715-3859","J1715-3859",0.92810750775,4.397E-15,1.07746138421," "," ",3340000.0,2.04000002E12,2.2000000171829007E32,10.53
"J1725-3853","J1725-3853",0.004791822704,5.0E-20,208.68885636," "," ",1.52E9,4.95E8,1.79999996908009E34,3.44
"J1725-3848","J1725-3848",2.0623862583,2.3E-14,0.4848752245," "," ",1420000.0,6.97E12,9.999999747378749E31,4.49
"J1723-38","J1723-38",0.76579581473,,1.30583111159," "," ",,,,7.0
"J1717-3847","J1717-3847",1.1494989184,8.2E-16,0.8699442722," "," ",2.22E7,9.8200001E11,2.1000000742787957E31,9.52
"J1718-3825","J1718-3825",0.0746699205656,1.322167E-14,13.39227352093," ","HE[waa+09]",89500.0,1.01E12,1.2999999523162838E36,4.24
"J1713-3844","J1713-3844",1.6001140423,1.7741E-13,0.6249554554," "," ",143000.0,1.69999996E13,1.6999999934341754E33,6.5
"J1711-3826","J1711-3826",0.46536464559,7.413E-15,2.1488525385," "," ",995000.0,1.88000004E12,2.8999999631196254E33,5.2
"J1709-3841","J1709-3841",0.58698616319,7.86E-15,1.7036176706," "," ",1180000.0,2.16999998E12,1.5000000712461764E33,5.17
"J1708-3827","J1708-3827",1.225781996,8.6E-15,0.8158057495," "," ",2260000.0,3.29E12,1.800000063667539E32,17.55
"J1706-3839","J1706-3839",0.58628740134,3.0E-15,1.7056481134," "," ",3100000.0,1.34000004E12,5.9000001783715546E32,12.2
"J1710-37","J1710-37",0.79265922183,,1.26157618868," "," ",,,,5.34
"J1714-3810","J1714-3810",3.824936,5.88E-11,0.2614423," ","AXP,NRAD",1030.0,4.80000009E14,4.1000000201165667E34,13.2
"J1717-3737","J1717-3737",0.68241862653,5.293E-15,1.46537617985," "," ",2040000.0,1.92000007E12,6.600000051548703E32,6.31
"J1718-3718","J1718-3718",3.3785742533,1.61359E-12,0.29598283922," "," ",33200.0,7.4700001E13,1.6999999934341754E33,5.08
"J1718-3714","J1718-3714",1.2893787775,2.621E-14,0.77556728669," "," ",779000.0,5.88E12,4.800000169780104E32,10.87
"J1716-3720","J1716-3720",0.63031371285,1.797E-14,1.58651157291," "," ",556000.0,3.41000008E12,2.800000074785202E33,9.46
"J1715-3700","J1715-3700",0.779628114,1.5E-16,1.2826628261," "," ",8.47E7,3.40999995E11,1.200000042445026E31,6.08
"J1728-3733","J1728-3733",0.61553824309,7.2E-17,1.6245944281," "," ",1.35E8,2.12999995E11,1.200000042445026E31,4.94
"B1719-37","J1722-3712",0.236173191636,1.08545E-14,4.23418082752," "," ",345000.0,1.61999998E12,3.2999999821186056E34,2.51
"J1723-3659","J1723-3659",0.2027219378604,8.0075E-15,4.93286523676," "," ",401000.0,1.29000001E12,3.800000064074992E34,4.28
"J1726-3635","J1726-3635",0.287431567184,1.44E-15,3.47908898733," "," ",3160000.0,6.5100002E11,2.3999999393708998E33,7.36
"J1732-35","J1732-35",0.126689998553,,7.8932829065," "," ",,,,5.0
"J1730-34","J1730-34",0.09982956,,10.017073," "," ",,,,8.41
"J1732-3426","J1732-3426",0.33288667881,4.02E-16,3.0040252844," "," ",1.31E7,3.70000003E11,4.300000000512226E32,6.38
"J1720-3659","J1720-3659",0.351124633722,3.27E-17,2.84799157894," "," ",1.7E8,1.08000002E11,3.000000106112565E31,5.11
"J1720-36","J1720-36",0.09213212,,10.853978," "," ",,,,4.89
"B1718-36","J1722-3632",0.399183351758,4.4647E-15,2.50511449337," "," ",1420000.0,1.35000005E12,2.800000074785202E33,5.3
"J1724-35","J1724-35",1.42199,,0.70324," ","RRAT",,,,6.61
"J1725-3546","J1725-3546",1.0324711993,1.5E-14,0.9685500193," "," ",1090000.0,3.97999997E12,5.400000009103677E32,10.2
"B1718-35","J1721-3532",0.280423858549,2.518617E-14,3.56603038405," "," ",176000.0,2.69000009E12,4.499999806284903E34,4.6
"J1726-3530","J1726-3530",1.11013244403,1.216751E-12,0.90079341918," "," ",14500.0,3.7199999E13,3.5000001080334175E34,9.97
"J1724-3505","J1724-3505",1.2217076921,2.11E-14,0.81852640077," "," ",917000.0,5.14E12,4.600000102072953E32,12.01
"J1703-38","J1703-38",6.443,,0.15521," ","RRAT",,,,7.78
"B1658-37","J1701-3726",2.4546091591,1.1143E-14,0.40739683395," "," ",3490000.0,5.2899999E12,3.000000106112565E31,7.81
"J1708-3641","J1708-3641",0.587566793839,1.349E-16,1.70193416389," "," ",6.9E7,2.85000008E11,2.6000000161729978E31,6.02
"J1709-3626","J1709-3626",0.447857060325,2.2675E-15,2.23285527591," "," ",3130000.0,1.02000001E12,9.999999747378748E32,8.97
"J1708-3506","J1708-3506",0.00450515894846,1.1421E-20,221.96775106948,"DD"," ",6.25E9,2.3E8,4.9000000581145276E33,3.5
"J1708-3426","J1708-3426",0.69211324652,4.2032E-15,1.444850253954," "," ",2610000.0,1.73000006E12,4.999999873689374E32,4.78
"J1656-3621","J1656-3621",0.730133707454,1.2752E-15,1.36961215431," "," ",9070000.0,9.7599999E11,1.2999999853491314E32,7.6
"J1700-3611","J1700-3611",1.49409061528,4.324E-15,0.66930344771," "," ",5470000.0,2.57000001E12,5.10000018039136E31,6.48
"J1705-3423","J1705-3423",0.255426483601,1.0762E-15,3.915020815," "," ",3760000.0,5.31000001E11,2.5000001187436275E33,3.75
"B1714-34","J1717-3425",0.65629923146,9.8036E-15,1.52369521716," "," ",1060000.0,2.57000001E12,1.400000037392601E33,22.21
"J1715-3247","J1715-3247",1.26021405926,9.2E-17,0.79351598457," "," ",2.17E8,3.44999985E11,1.8000000068241202E30,3.91
"B1718-32","J1722-3207",0.477157518356,6.4626E-16,2.095743987113," "," ",1.17E7,5.6199997E11,2.3000000510364764E32,3.18
"J1601-5335","J1601-5335",0.288456511543,6.2371E-14,3.46672708011," "," ",73300.0,4.28999993E12,9.99999977648258E34,4.04
"J1601-5244","J1601-5244",2.559356631,7.2E-16,0.390723195," "," ",5.63E7,1.37000006E12,1.7000000696043568E30,5.14
"J1554-5209","J1554-5209",0.1252295584025,2.29442E-15,7.98533519368," ","RRAT",865000.0,5.41999989E11,4.600000102072953E34,3.44
"J1605-5215","J1605-5215",1.0136087473,4.75E-15,0.9865739642," "," ",3380000.0,2.22000002E12,1.800000063667539E32,7.06
"J1607-5140","J1607-5140",0.34272279247,2.54E-15,2.917810026," "," ",2140000.0,9.4400001E11,2.5000001187436275E33,7.01
"B1558-50","J1602-5100",0.86422735995,6.958E-14,1.15710291798," "," ",197000.0,7.8500001E12,4.299999854993074E33,8.0
"B1557-50","J1600-5044",0.1926012327811,5.062326E-15,5.192074762764," "," ",603000.0,9.9899998E11,2.799999900162219E34,6.9
"J1601-50","J1601-50",0.860777,,1.161741," "," ",,,,1.54
"J1550-5242","J1550-5242",0.74965894957,1.7774E-14,1.33393992104," "," ",668000.0,3.69000002E12,1.6999999934341754E33,6.67
"J1552-4937","J1552-4937",0.00628431138142,1.9E-20,159.12642440936," "," ",5.24E9,3.5E8,3.000000142492353E33,3.36
"J1548-4927","J1548-4927",0.602738077704,4.047E-15,1.65909544625," "," ",2360000.0,1.57999995E12,7.300000288523732E32,3.89
"J1610-5006","J1610-5006",0.48111885215,1.3625E-14,2.07848849726," "," ",559000.0,2.59000002E12,4.7999998787417995E33,6.59
"J1611-4949","J1611-4949",0.66643792285,5.4E-16,1.50051485024," "," ",1.95E7,6.0800002E11,7.1999997999228055E31,8.82
"J1602-4957","J1602-4957",0.81999003685,1.594E-14,1.2195270126," "," ",815000.0,3.66E12,1.1000000085914504E33,6.83
"B1600-49","J1604-4909",0.327417572788,1.0194E-15,3.05420381528," "," ",5090000.0,5.8500003E11,1.1000000085914504E33,3.59
"J1612-49","J1612-49",0.19268718417,,5.18975875," "," ",,,,7.18
"J1611-4811","J1611-4811",1.296850239,1.95E-15,0.7710990598," "," ",1.05E7,1.60999997E12,3.5000000480067675E31,5.41
"J1604-4718","J1604-4718",0.527465874211,4.961E-15,1.89585724668," "," ",1680000.0,1.64E12,1.3000000035390253E33,1.48
"J1542-5034","J1542-5034",0.5992450364,3.968E-15,1.6687664299," "," ",2390000.0,1.55999994E12,7.300000288523732E32,2.58
"J1543-5013","J1543-5013",0.6442550645,1.0132E-14,1.5521802701," "," ",1010000.0,2.59000002E12,1.5000000712461764E33,6.76
"J1536-4948","J1536-4948",0.00308,,324.675325," "," ",,,,1.34
"J1537-4912","J1537-4912",0.30131077523,1.932E-15,3.3188325218," "," ",2470000.0,7.7199999E11,2.800000074785202E33,1.82
"J1539-4828","J1539-4828",1.27284159978,1.267E-15,0.7856437126," "," ",1.59E7,1.29000001E12,2.400000084890052E31,3.74
"J1549-4848","J1549-4848",0.288346763122,1.410892E-14,3.46804656023," "," ",324000.0,2.04000002E12,2.3000000510364766E34,1.54
"J1548-4821","J1548-4821",0.14565471947,8.0E-19,6.8655516528," "," ",2.88E9,1.08999997E10,9.999999974752424E30,3.76
"J1534-46","J1534-46",0.364835,,2.74097," ","RRAT",,,,1.91
"J1545-4550","J1545-4550",0.00357528861885,5.25E-20,279.697699013306,"BT"," ",1.08E9,4.38E8,4.499999806284903E34,2.01
"J1551-4424","J1551-4424",0.674060361,1.88E-16,1.4835466642," "," ",5.68E7,3.59999996E11,2.400000084890052E31,1.98
"J1618-4723","J1618-4723",0.20355287786,1.9926E-15,4.9127283805," "," ",1620000.0,6.4399999E11,9.299999801442024E33,3.42
"B1609-47","J1613-4714",0.38237595278,6.32E-16,2.61522722," "," ",9590000.0,4.96999989E11,4.5000000682193774E32,3.89
"J1617-4608","J1617-4608",0.567080221721,1.64665E-14,1.76341893386," "," ",546000.0,3.09000012E12,3.600000054575502E33,10.59
"J1609-4616","J1609-4616",0.249608954839,5.01E-16,4.00626652456," "," ",7890000.0,3.58000001E11,1.3000000035390253E33,4.12
"J1604-44","J1604-44",1.4,,0.714286," "," ",,,,
"J1624-4411","J1624-4411",0.23316407639,7.992E-16,4.28882534344," "," ",4620000.0,4.37000012E11,2.5000001187436275E33,3.64
"J1622-4347","J1622-4347",0.45768147104,5.051E-15,2.18492568145," "," ",1440000.0,1.54000006E12,2.0999999833293252E33,5.37
"J1622-4332","J1622-4332",0.91693752262,1.5649E-15,1.09058684516," "," ",9280000.0,1.20999995E12,7.999999979801939E31,8.32
"B1620-42","J1623-4256",0.3645903553,1.022E-15,2.742804316," "," ",5650000.0,6.1800002E11,8.299999899463726E32,21.85
"J1619-42","J1619-42",1.023152,,0.977372," "," ",,,,6.9
"J1625-4048","J1625-4048",2.3552781933,4.43E-16,0.42457829519," "," ",8.42E7,1.03000002E12,1.3000000365082082E30,5.18
"J1617-4216","J1617-4216",3.42846630955,1.8129E-14,0.291675609358," "," ",3000000.0,7.98E12,1.7999999499807014E31,6.28
"J1618-39","J1618-39",0.011987313,,83.42153,"ELL1"," ",,,,4.76
"B1556-44","J1559-4438",0.2570560976508,1.01916E-15,3.890201435169," "," ",4000000.0,5.17999985E11,2.3999999393708998E33,2.3
"J1557-4258","J1557-4258",0.329186857758,3.3012E-16,3.037788345533," "," ",1.58E7,3.33999997E11,3.7000001611886535E32,7.53
"J1614-3937","J1614-3937",0.407292274238,1.5851E-16,2.45523930418," "," ",4.07E7,2.56999997E11,9.2999998742016E31,10.1
"J1614-38","J1614-38",0.4641,,2.154708," "," ",,,,4.78
"J1517-4356","J1517-4356",0.650836871901,2.155E-16,1.536483323508," "," ",4.79E7,3.78999996E11,3.0999999580672002E31,4.44
"J1534-4428","J1534-4428",1.2214259588,1.8E-16,0.8187152015," "," ",1.08E8,4.73999999E11,3.899999967416078E30,10.94
"J1535-4415","J1535-4415",0.46840160422,4.05E-17,2.13492010059," "," ",1.83E8,1.39000005E11,1.6000000186977554E31,5.38
"J1528-4109","J1528-4109",0.52655613914,3.955E-16,1.899132733754," "," ",2.11E7,4.61999997E11,1.1000000085914504E32,5.96
"J1535-4114","J1535-4114",0.432866133845,4.0705E-15,2.31018303769," "," ",1680000.0,1.34000004E12,1.9999999494757496E33,2.8
"J1531-4012","J1531-4012",0.356849312855,9.63E-17,2.80230328034," "," ",5.87E7,1.87999994E11,8.400000297115183E31,7.75
"B1507-44","J1510-4422",0.9438712975,6.1E-16,1.0594664788," "," ",2.45E7,7.68E11,2.9000000267842545E31,4.22
"B1504-43","J1507-4352",0.28675704522,1.6045E-15,3.4872726465," "," ",2830000.0,6.8599998E11,2.699999895412474E33,1.79
"B1524-39","J1527-3931",2.4175822701,1.907E-14,0.41363638887," "," ",2010000.0,6.8699999E12,5.299999884300631E31,2.01
"J1529-3828","J1529-3828",0.00848628211574,2.7E-20,117.8372326493,"DD"," ",4.98E9,4.84E8,1.6999999934341754E33,4.85
"J1546-3747A","J1546-3747A",0.0026056722466,,383.778121483,"BT"," ",,,,7.66
"J1603-3539","J1603-3539",0.141908588964,1.2425E-16,7.04678981942," "," ",1.81E7,1.34000001E11,1.6999999934341754E33,3.83
"J1536-3602","J1536-3602",1.31975904174,7.9E-16,0.75771407384," "," ",2.65E7,1.03000002E12,1.3999999737279718E31,6.45
"J1638-3815","J1638-3815",0.69826060054,7.7E-17,1.4321300661," "," ",1.44E8,2.35000005E11,8.900000239009385E30,17.54
"J1622-3751","J1622-3751",0.7314627228,2.57E-15,1.3671236672," "," ",4510000.0,1.38999995E12,2.5999999706982627E32,11.55
"J1629-3636","J1629-3636",2.988192686,7.0E-15,0.3346504409," "," ",6760000.0,4.6299999E12,9.999999974752424E30,3.74
"J1647-3607","J1647-3607",0.21231640921,1.29E-16,4.7099515469," ","RRAT",2.61E7,1.66999998E11,5.2999999752501014E32,12.9
"J1628-3205","J1628-3205",0.00321,,311.52648,"BT"," ",,,,1.54
"J1700-3312","J1700-3312",1.358307010526,4.71283E-15,0.736210585862," "," ",4570000.0,2.56E12,7.3999999585794265E31,5.64
"J1648-3256","J1648-3256",0.719454779443,3.53059E-15,1.389941423107," "," ",3230000.0,1.60999997E12,3.7000001611886535E32,5.3
"J1655-3048","J1655-3048",0.542935874228,3.66E-17,1.84183813866," "," ",2.35E8,1.42999994E11,8.999999749903507E30,8.57
"B1700-32","J1703-3241",1.211785094647,6.59829E-16,0.825228833411," "," ",2.91E7,9.0499999E11,1.5000000530562825E31,3.31
"J1701-3130","J1701-3130",0.2913414710251,5.596E-17,3.432398403432," "," ",8.25E7,1.28999997E11,8.899999556888358E31,4.53
"J1701-3006C","J1701-3006C",0.00761284871114,-6.413E-20,131.35687282698,"BT"," ",,,,7.05
"J1701-3006B","J1701-3006B",0.00359385212705,-3.483E-19,278.2529621831,"BT"," ",,,,7.05
"J1701-3006F","J1701-3006F",0.00229472708067,2.221E-19,435.7816702574,"BT"," ",1.64E8,7.22E8,7.299999892711638E35,7.05
"J1701-3006E","J1701-3006E",0.00323373733312,3.103E-19,309.2397115125,"BT"," ",1.65E8,1.01E9,3.5999998450279224E35,7.05
"J1701-3006D","J1701-3006D",0.00341777044505,1.257E-19,292.58840407111,"BT"," ",4.31E8,6.63E8,1.2000000104308126E35,7.05
"J1701-3006A","J1701-3006A",0.0052415662038,-1.301E-19,190.78267088868,"BT"," ",,,,7.05
"J1654-2713","J1654-2713",0.791822441873,1.6759E-16,1.26290939372," "," ",7.49E7,3.68999989E11,1.3000000080864989E31,4.08
"B1612-29","J1615-2940",2.47756787384,1.58437E-15,0.403621636589," "," ",2.48E7,1.99999999E12,4.100000126072699E30,1.88
"B1552-31","J1555-3134",0.5181097798008,6.2232E-17,1.93009288569," "," ",1.32E8,1.81999993E11,1.7999999499807014E31,6.1
"J1600-3053","J1600-3053",0.00359792850965,9.4998E-21,277.937707021312,"DD","HE[egc+13]",6.0E9,1.87E8,8.099999977275727E33,1.8
"B1600-27","J1603-2712",0.778313192792,3.00939E-15,1.284829820773," "," ",4100000.0,1.55000006E12,2.499999936844687E32,2.58
"J1635-26","J1635-26",0.5105,,1.958864," "," ",,,,7.23
"B1620-26","J1623-2631",0.0110757509142,6.7093E-19,90.287332005426,"BT"," ",2.62E8,2.76E9,1.900000032037496E34,1.8
"J1641-2347","J1641-2347",1.091008429855,4.11E-17,0.916583201958," "," ",4.21E8,2.13999993E11,1.1999999571798977E30,1.33
"J1612-2408","J1612-2408",0.92383371069,1.5736E-15,1.08244588656," "," ",9300000.0,1.21999996E12,7.900000127847304E31,3.12
"J1614-23","J1614-23",0.0335,,29.850746," "," ",,,,3.88
"J1216-6410","J1216-6410",0.00353937565842,1.62E-21,282.53570587239,"ELL1"," ",3.47E10,7.65E7,1.400000037392601E33,1.71
"B1221-63","J1224-6407",0.2164762031209,4.95332E-15,4.61944539669," ","HE[lsg+15]",692000.0,1.05000003E12,1.900000032037496E34,4.0
"B1222-63","J1225-6408",0.4196177915,9.46E-16,2.3831210694," "," ",7030000.0,6.3799997E11,5.09999990754295E32,24.6
"J1233-6344","J1233-6344",0.75689193363,3.878E-15,1.32119257131," "," ",3090000.0,1.73000006E12,3.500000093481502E32,30.0
"J1233-6312","J1233-6312",0.5647593892,6.92E-15,1.7706655597," "," ",1290000.0,1.99999999E12,1.5000000712461764E33,20.49
"J1227-63","J1227-63",0.44457796,,2.2493243," "," ",,,,15.49
"J1231-6303","J1231-6303",1.3512362992,1.4E-15,0.7400630079," "," ",1.53E7,1.38999995E12,2.1999999262334305E31,12.12
"J1211-6324","J1211-6324",0.433083926199,2.57E-16,2.30902127626," "," ",2.67E7,3.37999987E11,1.200000042445026E32,12.3
"J1216-6223","J1216-6223",0.37404678583,1.6819E-14,2.6734623525," "," ",352000.0,2.53999999E12,1.3000000035390254E34,30.0
"J1220-6318","J1220-6318",0.78921201205,8.0E-17,1.26708664431," "," ",1.56E8,2.55000003E11,6.500000040432494E30,13.96
"J1227-6208","J1227-6208",0.0345278346478,1.874E-19,28.962140551253,"ELL1H"," ",2.92E9,2.56999987E9,1.800000063667539E32,15.82
"J1224-6208","J1224-6208",0.58576120812,2.0196E-14,1.70718030852," "," ",460000.0,3.47999987E12,3.9999998989514993E33,23.64
"J1245-6238","J1245-6238",2.2830933508,1.092E-14,0.43800223922," "," ",3310000.0,5.0500002E12,3.5999998999614027E31,14.63
"J1254-6150","J1254-6150",0.184502203069,6.24E-16,5.4199894818," "," ",4680000.0,3.4299999E11,3.900000010617076E33,2.24
"J1255-6131","J1255-6131",0.65797363034,4.0E-15,1.51981774632," "," ",2610000.0,1.64E12,5.500000042957252E32,7.36
"J1201-6306","J1201-6306",0.59213602908,3.555E-15,1.6888011384," "," ",2640000.0,1.47000001E12,6.800000119255854E32,30.0
"J1225-6035","J1225-6035",0.626323941978,2.88E-16,1.59661787292," "," ",3.45E7,4.30000013E11,4.600000011123483E31,6.19
"J1253-5820","J1253-5820",0.2554963274098,2.09963E-15,3.913950584488," "," ",1930000.0,7.4100002E11,5.000000237487255E33,2.94
"J1243-5735","J1243-5735",0.47122487769,8.0E-17,2.1221290457," "," ",9.33E7,1.96000006E11,3.000000106112565E31,19.2
"J1321-5922","J1321-5922",1.27905759523,2.37E-15,0.78182562203," "," ",8550000.0,1.75999995E12,4.500000159168848E31,30.0
"J1317-5759","J1317-5759",2.6421985132,1.256E-14,0.378472698022," ","RRAT",3330000.0,5.8300002E12,2.7000000955013087E31,5.55
"J1308-5844","J1308-5844",0.4646997488,8.639E-15,2.151927137," "," ",852000.0,2.03000001E12,3.399999986868351E33,8.86
"B1309-55","J1312-5516",0.8492356848,5.706E-15,1.177529416," "," ",2360000.0,2.23000003E12,3.7000001611886535E32,6.75
"B1317-53","J1320-5359",0.279729147244,9.2543E-15,3.5748866711," "," ",479000.0,1.62999999E12,1.700000022538006E34,4.23
"B1309-53","J1312-5402",0.7281542173,1.48E-16,1.3733354504," "," ",7.8E7,3.32000002E11,1.5000000530562825E31,9.65
"J1331-5245","J1331-5245",0.6481166471,5.1E-16,1.5429321319," "," ",2.01E7,5.8199998E11,7.3999999585794265E31,10.5
"J1350-5115","J1350-5115",0.2956991763,7.526E-16,3.3818153047," "," ",6230000.0,4.77000008E11,1.1000000085914504E33,4.52
"J1214-5830","J1214-5830",0.90982270118,5.34E-17,1.09911524378," "," ",2.7E8,2.23000003E11,2.799999947455944E30,4.83
"J1222-5738","J1222-5738",1.0811635266,1.5E-16,0.9249294629," "," ",1.14E8,4.08000004E11,4.7000000336083745E30,2.12
"B1159-58","J1202-5820",0.452800508195,2.1265E-15,2.20847808671," "," ",3370000.0,9.9300003E11,9.000000136438755E32,4.94
"J1225-5556","J1225-5556",1.018452868182,2.0634E-15,0.981881470652," "," ",7820000.0,1.47000001E12,7.700000423938034E31,5.39
"B1232-55","J1235-5516",0.63823381,,1.56682392," "," ",,,,3.89
"J1210-5559","J1210-5559",0.2797673308446,7.2585E-16,3.574398758358," "," ",6110000.0,4.56000012E11,1.3000000035390253E33,11.65
"J1215-5328","J1215-5328",0.6364141368,1.15E-16,1.57130387616," "," ",8.77E7,2.74000003E11,1.7999999499807014E31,11.24
"J1236-5033","J1236-5033",0.294759771191,1.556E-16,3.39259321569," "," ",3.0E7,2.17000002E11,2.400000084890052E32,8.29
"J1244-5053","J1244-5053",0.275207111323,9.998E-16,3.63362703526," "," ",4360000.0,5.31000001E11,1.9000000611413266E33,8.49
"B1325-49","J1328-4921",1.4787213559,6.1E-16,0.67625992957," "," ",3.84E7,9.6099998E11,7.400000185953102E30,7.78
"J1339-4712","J1339-4712",0.1370546579332,5.3E-19,7.29635909556," "," ",4.1E9,8.6200003E9,8.100000172817087E30,1.77
"J1308-4650","J1308-4650",1.05883304424,5.259E-16,0.94443595753," "," ",3.19E7,7.5500002E11,1.6999999843392283E31,4.91
"J1333-4449","J1333-4449",0.345602948594,5.4E-19,2.89349383178," "," ",1.01E10,1.37999995E10,5.20000007497856E29,2.32
"B1325-43","J1328-4357",0.53269880337,3.014E-15,1.8772334266," "," ",2800000.0,1.28E12,7.899999764049424E32,2.29
"B1352-51","J1355-5153",0.64430109622,2.813E-15,1.55206937543," "," ",3630000.0,1.36000006E12,4.199999966658651E32,6.47
"B1359-51","J1402-5124",1.380177,,0.724545," "," ",,,,1.52
"J1416-5033","J1416-5033",0.794882546,1.2E-16,1.2580475," "," ",1.05E8,3.13000002E11,9.400000067216749E30,1.99
"J1346-4918","J1346-4918",0.2996251068,3.5E-17,3.337504025," "," ",1.36E8,1.03999996E11,5.10000018039136E31,3.9
"J1405-4656","J1405-4656",0.00760220343251,2.79E-20,131.54081035554,"ELL1"," ",4.32E9,4.66E8,2.5000001187436275E33,0.74
"J1431-4715","J1431-4715",0.00201195344253,1.411E-20,497.0293938516,"ELL1"," ",2.26E9,1.7E8,6.800000090152024E34,2.42
"J1427-4158","J1427-4158",0.586485556229,6.212E-16,1.70507182893," "," ",1.5E7,6.1099999E11,1.200000042445026E32,5.89
"J1418-3921","J1418-3921",1.0968060034,8.892E-16,0.911738262646," "," ",1.95E7,9.9899998E11,2.7000000955013087E31,5.04
"J1210-5226","J1210-5226",0.424130748816,2.224E-17,2.357763502865," ","NRAD",3.02E8,9.8300002E10,1.200000042445026E31,2.6
"J1207-5050","J1207-5050",0.00484,,206.61157," "," ",,,,2.19
"J1216-50","J1216-50",6.355,,0.1574," ","RRAT",,,,8.44
"J1227-4853","J1227-4853",0.00168637541027,1.11E-20,592.987773605,"ELL1","HE[pdb+15,jrr+15]",2.41E9,1.38E8,9.100000374019143E34,2.0
"J1232-4742","J1232-4742",1.872994377,1.4E-17,0.53390443254," "," ",2.12E9,1.64000006E11,8.399999806840694E28,1.4
"J1231-4609","J1231-4609",0.87723907778,3.8E-17,1.13994009766," "," ",3.66E8,1.85000002E11,2.2000000399202685E30,6.16
"B1237-41","J1240-4124",0.51224209318,1.739E-15,1.9522019243," "," ",4670000.0,9.5500003E11,5.09999990754295E32,3.59
"J1335-3642","J1335-3642",0.399192,,2.50506," "," ",,,,4.11
"J1320-3512","J1320-3512",0.45848840672,1.9E-18,2.1810802309," "," ",3.82E9,2.98999992E10,7.799999934832156E29,0.93
"J1332-3032","J1332-3032",0.650434490647,5.603E-16,1.53743384519," "," ",1.84E7,6.1099999E11,7.999999979801939E31,0.87
"J1311-3430","J1311-3430",0.00256037103167,2.0964E-20,390.56839326407,"ELL1","HE",1.94E9,2.34E8,4.900000058114527E34,3.72
"J1302-32","J1302-32",0.00377,,265.251989," ","HE",,,,1.86
"J1455-3330","J1455-3330",0.00798720479626,2.428E-20,125.20024533089,"ELL1","HE[lsg+15]",5.21E9,4.46E8,1.9000000611413266E33,0.74
"J1528-3146","J1528-3146",0.06082223035146,2.49E-19,16.441356954875,"DD"," ",3.87E9,3.94E9,4.399999852466861E31,0.99
"J1603-2531","J1603-2531",0.283070376692,1.59223E-15,3.532690392," "," ",2820000.0,6.7900001E11,2.800000074785202E33,4.6
"B1552-23","J1555-2341",0.5325777412091,6.93702E-16,1.877660147286," "," ",1.22E7,6.1499998E11,1.800000063667539E32,4.61
"J1614-2230","J1614-2230",0.00315080765343,9.6216E-21,317.3789421618,"ELL1","HE[aaa+09f]",5.19E9,1.76E8,1.2000000569969412E34,0.7
"J1609-1930","J1609-1930",1.55791724762,5.09E-16,0.64188261702," "," ",4.85E7,9.01E11,5.300000225361145E30,2.33
"J1358-2533","J1358-2533",0.912971,,1.095325," "," ",,,,3.08
"J1400-1438","J1400-1438",0.0030842332007,0.0,324.22969825,"BT"," ",,,,0.27
"J1518-0627","J1518-0627",0.7949966745699,4.179E-16,1.25786689679," "," ",3.01E7,5.83E11,3.299999889350146E31,2.69
"J1501-0046","J1501-0046",0.4640368139284,2.391E-16,2.1550014352," "," ",3.07E7,3.37000006E11,9.399999726156236E31,2.37
"B1851-79","J1900-7951",1.2791931935,1.86E-15,0.7817427462," "," ",1.09E7,1.55999994E12,3.5000000480067675E31,3.87
"J1841-7845","J1841-7845",0.3536025329,1.6E-16,2.828034041," "," ",3.5E7,2.41000006E11,1.400000019202707E32,4.01
"B2048-72","J2053-7200",0.341336231373,1.957E-16,2.92966262614," "," ",2.76E7,2.62000001E11,1.899999915622174E32,1.05
"B2123-67","J2127-6648",0.32577128742,2.26E-16,3.0696382358," "," ",2.28E7,2.75000001E11,2.5999999706982627E32,2.75
"B2151-56","J2155-5641",1.373654387,4.23E-15,0.7279851537," "," ",5150000.0,2.43999991E12,6.4000000747910215E31,0.86
"J1846-7403","J1846-7403",4.8788385261,6.06E-15,0.20496681631," "," ",1.28E7,5.4999997E12,2.0999999605919577E30,4.07
"J1903-7051","J1903-7051",0.00359789801889,1.043E-20,277.94006243351,"ELL1","HE",5.46E9,1.96E8,8.800000068731603E33,1.13
"J1902-70","J1902-70",0.0036,,277.777778," "," ",,,,1.12
"J1933-6211","J1933-6211",0.00354343143885,3.7E-21,282.21231799123,"ELL1"," ",1.52E10,1.16E8,3.300000098533928E33,0.63
"J2129-5721","J2129-5721",0.00372634848387,2.085328E-20,268.359227358734,"ELL1"," ",2.83E9,2.82E8,1.5999999595805997E34,3.2
"J2144-5237","J2144-5237",0.00504,,198.412698," "," ",,,,1.43
"B2321-61","J2324-6054",2.3474860533,2.586E-15,0.42598762135," "," ",1.44E7,2.48999995E12,7.900000014160466E30,0.9
"J2236-5527","J2236-5527",0.00690754939292,9.6E-21,144.76914215406,"BT"," ",1.14E10,2.61E8,1.1000000085914504E33,2.03
"J2241-5236","J2241-5236",0.00218669977155,6.64E-21,457.3101497559,"BT","HE",5.22E9,1.22E8,2.499999944120645E34,0.68
"J2144-3933","J2144-3933",8.509827491,4.96E-16,0.11751119527," "," ",2.72E8,2.08000005E12,3.2000000427245814E28,0.16
"B2152-31","J2155-3118",1.03000211204,1.24089E-15,0.970871795612," "," ",1.32E7,1.14000003E12,4.500000159168848E31,0.97
"J1910-5959D","J1910-5959D",0.00903528524777,9.6431E-19,110.67719198432," "," ",1.48E8,2.99000013E9,5.200000014156101E34,2.15
"J1910-5959B","J1910-5959B",0.00835779850084,-7.9041E-19,119.64873284502," "," ",,,,2.15
"J1910-5959E","J1910-5959E",0.00457176593975,-4.3435E-19,218.73385758998," "," ",,,,2.16
"B1828-60","J1833-6023",1.8894355004,2.7E-16,0.5292586065," "," ",1.11E8,7.2299997E11,1.599999990276046E30,1.85
"J1910-5959C","J1910-5959C",0.00527732693231,2.16E-21,189.48987107047," "," ",3.87E10,1.08E8,5.800000144517979E32,2.16
"J1910-5959A","J1910-5959A",0.00326618657079,2.94703E-21,306.167445835148,"DD"," ",1.76E10,9.93E7,3.300000098533928E33,4.55
"J1946-5403","J1946-5403",0.00271,,369.00369,"BT","HE[ckr+15]",,,,1.46
"J1816-5643","J1816-5643",0.2179228818474,1.93E-18,4.5887792577," "," ",1.79E9,2.08E10,7.400000185953102E30,3.06
"B1806-53","J1810-5338",0.26104931796,3.83E-16,3.8306937854," "," ",1.08E7,3.2E11,8.499999967170877E32,2.0
"J1902-5105","J1902-5105",0.00174239994991,9.1993E-21,573.92104496683,"ELL1","HE",3.0E9,1.28E8,6.899999920278786E34,2.1
"J2038-3816","J2038-3816",1.5772861505,4.134E-15,0.63400036809," "," ",6050000.0,2.58000001E12,4.2000001485575915E31,2.94
"J1947-4215","J1947-4215",1.798069,,0.5561522," "," ",,,,2.97
"J1811-4930","J1811-4930",1.4327041968,2.254E-15,0.69798078503," "," ",1.01E7,1.81999999E12,3.000000106112565E31,2.01
"J1909-3744","J1909-3744",0.00294710806916,1.402541E-20,339.315687288245,"T2"," ",3.33E9,2.06E8,2.1999999880790704E34,1.14
"J1822-4209","J1822-4209",0.456511944952,4.5864E-16,2.190523185774," "," ",1.58E7,4.63000011E11,1.899999915622174E32,3.5
"J1817-3837","J1817-3837",0.38448678392,5.802E-16,2.60086963147," "," ",1.05E7,4.77999989E11,3.9999998989514996E32,5.23
"J1856-3754","J1856-3754",7.05520287,2.98E-14,0.1417393685," ","XINS,NRAD",3760000.0,1.46999995E13,3.3000000598804025E30,0.16
"J1835-3259A","J1835-3259A",0.003889,,257.13551," "," ",,,,10.7
"J1932-3655","J1932-3655",0.5714203197,2.84E-16,1.7500252713," "," ",3.19E7,4.08000004E11,6.00000021222513E31,4.41
"B1943-29","J1946-2913",0.959447931541,1.48834E-15,1.042266043967," "," ",1.02E7,1.20999995E12,6.700000085402278E31,4.31
"J1956-28","J1956-28",0.2600144,,3.845941," ","RRAT",,,,4.08
"B1946-25","J1949-2524",0.957616630291,3.270565E-15,1.044259224797," "," ",4640000.0,1.78999997E12,1.4999999621068123E32,1.34
"B1937-26","J1941-2602",0.4028579088754,9.561486E-16,2.482264783609," "," ",6680000.0,6.2800003E11,5.800000144517979E32,4.74
"J1940-2403","J1940-2403",1.855276,,0.5390034," "," ",,,,4.91
"J2108-3429","J2108-3429",1.4231018383,3.503E-15,0.7026904," "," ",6440000.0,2.26000005E12,4.800000169780104E31,2.63
"J2124-3358","J2124-3358",0.0049311149431,2.05705E-20,202.793893782574," ","HE[bt99,aaa+09f]",3.8E9,3.22E8,6.799999973736702E33,0.41
"J2140-2310A","J2140-2310A",0.01101932906888,-5.181E-20,90.7496267467,"ELL1"," ",,,,9.2
"J2140-2310B","J2140-2310B",0.012986381,,77.003746," "," ",,,,9.2
"J2136-1606","J2136-1606",1.22723540015,1.6E-17,0.81483959791," "," ",1.22E9,1.41999997E11,3.399999926045893E29,1.27
"J2012-2029","J2012-2029",0.54400187061,5.475E-16,1.83822897314," "," ",1.57E7,5.5200003E11,1.2999999853491314E32,3.92
"J2033-1938","J2033-1938",1.28171902379,4.55E-16,0.78020219833," "," ",4.46E7,7.73E11,8.499999921696141E30,1.54
"B1941-17","J1944-1750",0.841157774341,9.8619E-16,1.188837612282," "," ",1.35E7,9.2200003E11,6.499999926745657E31,5.3
"J2010-1323","J2010-1323",0.00522327101519,4.82E-21,191.45091209931," "," ",1.72E10,1.61E8,1.3000000035390253E33,1.29
"B2045-16","J2048-1616",1.961572303613,1.095816E-14,0.509795126164," "," ",2840000.0,4.69E12,5.700000201613874E31,0.95
"J2051-0827","J2051-0827",0.00450864174497,1.2737E-20,221.79628734425,"BT","HE[wkh+12]",5.61E9,2.42E8,5.499999970197676E33,1.28
"B2043-04","J2046-0421",1.5469381168652,1.471483E-15,0.646438269959," "," ",1.67E7,1.53000005E12,1.6000000186977554E31,3.83
"J0919-42","J0919-42",0.8126,,1.230618," "," ",,,,0.58
"J1255-46","J1255-46",0.052,,19.230769," "," ",,,,1.87
"J1456-48","J1456-48",0.53681,,1.862857," "," ",,,,6.84
"J1559-44","J1559-44",1.16989,,0.854781," "," ",,,,3.38
"J1708-52","J1708-52",0.44962,,2.2241," "," ",,,,3.3
"J1947-43","J1947-43",0.18094,,5.526694," "," ",,,,2.11
