Kategori,Isim,Kutle_Mgunes,Yaricap_Rgunes,Hiz_veq_kms,Acisal_Momentum_J,Evrenaki_Kutlesi_Mevr_kg
Konvektif (Gercek Gozlem),XO-2 S,0.98,1.02,1.7,1.6460006232852e+41,2.8702336765120334e+28
Konvektif (Gercek Gozlem),Kepler-418,0.98,1.09,3.5,3.6213912213570004e+41,4.257356126514785e+28
Radyatif (Gercek Gozlem),HR 8799,1.5,1.49338,34.79,7.548677040091578e+42,1.9437378003945055e+29
Konvektif (Gercek Gozlem),CoRoT-17,1.04,1.59,4.5,7.207718286132e+41,6.006218951782956e+28
Konvektif (Gercek Gozlem),CoRoT-7,0.915,0.8389,3.5,2.6022808111502476e+41,3.608937306775427e+28
Radyatif (Gercek Gozlem),TOI-4377,1.36,3.52,1.26,5.842610615761921e+41,5.4076145733755645e+28
Konvektif (Gercek Gozlem),HD 64114,0.95,0.882858,2.0,1.624797657131922e+41,2.8516872910727215e+28
Konvektif (Gercek Gozlem),TOI-858 B,1.081,1.308,5.8,7.943579713002024e+41,6.305367255063844e+28
Konvektif (Gercek Gozlem),HD 27969,1.16,1.27,4.1,5.8505998191732e+41,5.411310504604522e+28
Konvektif (Gercek Gozlem),Kepler-900,0.78,0.73,5.2,2.8679767939368e+41,3.7886987486328193e+28
Konvektif (Gercek Gozlem),TOI-1296,1.1576,1.7031,4.0,7.638595011115288e+41,6.183138868070025e+28
Konvektif (Gercek Gozlem),HD 24040,1.11,1.3,2.39,3.3405583230747002e+41,4.088949880653956e+28
Konvektif (Gercek Gozlem),HD 191939,0.81,0.94,2.0,1.475019271908e+41,2.7170717396451603e+28
Konvektif (Gercek Gozlem),WASP-105,0.89,0.9,1.7,1.3189740888870003e+41,2.5693329710941227e+28
Konvektif (Gercek Gozlem),GJ 887,0.495,0.468,2.5,5.609780741565001e+40,1.6756187122526865e+28
Konvektif (Gercek Gozlem),TOI-1759,0.606,0.597,2.0,7.0086081196404e+40,1.8729153402361495e+28
Konvektif (Gercek Gozlem),HIP 70849,0.65,0.633112,0.3,1.1958314831157243e+40,7.736370310511744e+27
Konvektif (Gercek Gozlem),KOI-142,0.99,0.897,1.8,1.5482994846719399e+41,2.783746876070044e+28
Konvektif (Gercek Gozlem),Barnard's star,0.162,0.185,0.0659130659370024,1.913432219958504e+38,9.786080848649346e+26
Konvektif (Gercek Gozlem),HATS-62,0.896,0.933,0.5,4.0486896201024003e+40,1.4235066495216775e+28
Radyatif (Gercek Gozlem),TOI-5110,1.469,2.333,2.3,7.635178541799083e+41,6.181755965404266e+28
Konvektif (Gercek Gozlem),GJ 229,0.509,0.46,1.0,2.267934149754e+40,1.0654117406214623e+28
Konvektif (Gercek Gozlem),TOI-791,1.28,1.474,44.58,8.147086808494236e+42,2.0193120178101227e+29
Radyatif (Gercek Gozlem),HD 180902,1.41,4.16,1.36,7.726915771061759e+41,6.218782204532991e+28
Radyatif (Gercek Gozlem),Qatar-7,1.409,1.564,13.8,2.945653470762257e+42,1.2142079872977058e+29
Konvektif (Gercek Gozlem),TOI-5624,0.858,0.82,2.0,1.3629689505432e+41,2.6118320043860276e+28
Radyatif (Gercek Gozlem),TOI-6695,1.338,1.517,6.7,1.31725945163014e+42,8.119661414307248e+28
Konvektif (Gercek Gozlem),GJ 3998,0.52,0.5,0.93,2.34213067998e+40,1.0826992091839576e+28
Konvektif (Gercek Gozlem),HD 207496,0.8,0.769,3.1477193099749794,1.8757162962060236e+41,3.0639793488991724e+28
Konvektif (Gercek Gozlem),WASP-37,0.925,1.003,2.4,2.1567943341126e+41,3.2855389872896046e+28
Konvektif (Gercek Gozlem),TOI-1203,0.886,1.179,1.4,1.416545044554276e+41,2.66267065890793e+28
Konvektif (Gercek Gozlem),HAT-P-40,1.03,1.94,6.9,1.33549686189738e+42,8.17567641113863e+28
Konvektif (Gercek Gozlem),HD 81688,1.07,11.13,1.21,1.3957869669954212e+42,8.358182072516031e+28
Konvektif (Gercek Gozlem),K2-19,0.892,0.824,3.0,2.13583720450464e+41,3.2695375664490567e+28
Konvektif (Gercek Gozlem),HD 169830,1.17,1.935709,3.8,8.336127608889164e+41,6.459284821468292e+28
Konvektif (Gercek Gozlem),TOI-2525,0.849,0.785,1.5,9.68330101509225e+40,2.2014760967475154e+28
Konvektif (Gercek Gozlem),K2-104,0.51,0.48,2.6,6.165092370527999e+40,1.75659665748318e+28
Radyatif (Gercek Gozlem),KOI-134,1.407,1.667,10.59,2.405916130342717e+42,1.097343258692902e+29
Konvektif (Gercek Gozlem),HD 150706,1.17,0.96,3.7,4.025442665462399e+41,4.488581144192449e+28
Radyatif (Gercek Gozlem),HR 8799,1.51,1.49338,34.79,7.59900155369219e+42,1.9502061636983466e+29
Radyatif (Gercek Gozlem),HD 95089,1.54,5.08,1.71,1.2957922257199921e+42,8.053227039625255e+28
Konvektif (Gercek Gozlem),HIP 10090,0.94,1.38268,2.7,3.399132744802922e+41,4.124642578504836e+28
Konvektif (Gercek Gozlem),HD 5583,1.01,9.09,2.2,1.95642302033178e+42,9.89540651447305e+28
Konvektif (Gercek Gozlem),K2-39,0.66,2.97,2.01,3.816376990646221e+41,4.3704674737572725e+28
Konvektif (Gercek Gozlem),GSC 06214-00210,0.9,0.90484,4.24,3.344529135396759e+41,4.091379359341521e+28
Konvektif (Gercek Gozlem),HD 89839,1.21,1.28588,4.2,6.329799136378317e+41,5.628558994827169e+28
Konvektif (Gercek Gozlem),Kepler-106,1.0,1.04,0.3,3.0221041032e+40,1.2298636575719344e+28
Konvektif (Gercek Gozlem),HATS-72,0.7311,0.7214,0.8,4.086935044937035e+40,1.430214332016017e+28
Konvektif (Gercek Gozlem),WASP-46,0.828,0.858,1.9,1.3074528981674159e+41,2.558086843548556e+28
Radyatif (Gercek Gozlem),HD 1605,1.33,3.49,0.54,2.4278712604309804e+41,3.4859012909095496e+28
Konvektif (Gercek Gozlem),Kepler-27,0.65,0.59,0.6,2.2288017761100007e+40,1.0561801003898245e+28
Konvektif (Gercek Gozlem),TOI-2141,0.896,0.95,2.7,2.2261283763264e+41,3.337931045617524e+28
Konvektif (Gercek Gozlem),GJ 317,0.402,0.403,2.5,3.9230688889665005e+40,1.401248708269048e+28
Konvektif (Gercek Gozlem),K2-308,1.09,1.24,29.0,3.7966538868804005e+42,1.378487276187492e+29
Konvektif (Gercek Gozlem),TOI-4562,1.192,1.152,17.0,2.2611661863598076e+42,1.0638208533338175e+29
Konvektif (Gercek Gozlem),CoRoT-35,1.01,1.65,8.8,1.4205051632772e+42,8.43186542340296e+28
Konvektif (Gercek Gozlem),Kepler-51,1.04,0.94,5.784136194436206,5.477148674357631e+41,5.235757493268426e+28
Konvektif (Gercek Gozlem),HAT-P-27,0.916,0.864673,0.4,3.0687548054400623e+40,1.2393196988816352e+28
Konvektif (Gercek Gozlem),GJ 3090,0.519,0.516,1.468,3.8080087843844596e+40,1.3805471025990835e+28
Konvektif (Gercek Gozlem),Kepler-117,1.129,1.606,6.0,1.0537693433106841e+42,7.262314257446321e+28
Konvektif (Gercek Gozlem),K2-97,1.17,4.14,2.8,1.3137086536610397e+42,8.108710370146347e+28
Konvektif (Gercek Gozlem),TOI-199,0.936,0.82,0.5,3.7171880469360006e+40,1.3639847792207749e+28
Konvektif (Gercek Gozlem),BD+48 740,1.09,10.33,0.7,7.634483942166901e+41,6.181474770730338e+28
Konvektif (Gercek Gozlem),HD 4308,0.93,1.02,1.2,1.1026030585752003e+41,2.3491559817736035e+28
Konvektif (Gercek Gozlem),TOI-707,0.99,0.978,4.9,4.59541731106458e+41,4.795840556353481e+28
Konvektif (Gercek Gozlem),GJ 3929,0.313,0.32,2.0,1.9403458139520002e+40,9.854664129370555e+27
Konvektif (Gercek Gozlem),TOI-283,0.8,0.85,1.4334607312785927,9.441685702838824e+40,2.1738372569811318e+28
Radyatif (Gercek Gozlem),HIP 8541,2.009,6.84,1.3,1.7303510358487084e+42,9.306135392760187e+28
Konvektif (Gercek Gozlem),HD 92788,1.15,1.14,2.719,3.452762655513989e+41,4.1570535685677526e+28
Konvektif (Gercek Gozlem),HIP 41378,1.22,1.3,5.6,8.602923013776e+41,6.561834556099508e+28
Konvektif (Gercek Gozlem),HD 207832,0.94,0.901,3.0,2.4610969703502e+41,3.5096727275353474e+28
Konvektif (Gercek Gozlem),HD 3167,0.864,0.871,2.41,1.7567249383573344e+41,2.9652010233533185e+28
Radyatif (Gercek Gozlem),HAT-P-49,2.22,2.06,10.68,4.730927296704337e+42,1.5387759680447315e+29
Konvektif (Gercek Gozlem),TOI-6019,1.13,2.02,3.5,7.738426888101e+41,6.223412673590817e+28
Konvektif (Gercek Gozlem),16 Cyg B,1.08,1.13,2.7,3.1916906372988e+41,3.996802173501725e+28
Konvektif (Gercek Gozlem),Kepler-19,0.936,0.859,2.0,1.5575924547892802e+41,2.7920884713737814e+28
Konvektif (Gercek Gozlem),HD 72659,1.033,1.36,1.6,2.17727877564288e+41,3.3011045377848585e+28
Radyatif (Gercek Gozlem),HD 174205,1.8,26.6,1.6,7.420427921088001e+42,1.9271553877236864e+29
Konvektif (Gercek Gozlem),HD 110067,0.798,0.788,2.5,1.5227336463066001e+41,2.760668310582431e+28
Konvektif (Gercek Gozlem),Qatar-2,0.743,0.776,3.28,1.8318048528596547e+41,3.0279023195530974e+28
Konvektif (Gercek Gozlem),HD 222076,1.07,4.1,3.2,1.3597918667424e+42,8.249706115256962e+28
Radyatif (Gercek Gozlem),HD 40979,1.45,1.21,7.4,1.2575924424063001e+42,7.933635023430306e+28
Konvektif (Gercek Gozlem),TOI-286,0.832,0.78,1.0961758533306885,6.890535691893224e+40,1.8570720402044506e+28
Konvektif (Gercek Gozlem),Kepler-278,1.227,2.861,2.5,8.500750226575427e+41,6.522752289509961e+28
Konvektif (Gercek Gozlem),HD 1461,1.02,1.152288,1.6,1.82152870703871e+41,3.0193973397830633e+28
Konvektif (Gercek Gozlem),HD 74156,1.1,1.510576,4.06,6.534556623568733e+41,5.7188712703163825e+28
Konvektif (Gercek Gozlem),V830 Tau,1.0,2.0,30.5,5.908600971e+42,1.7196679165592536e+29
Konvektif (Gercek Gozlem),Proxima Cen,0.1221,0.141,0.08574008616103573,1.429794159479725e+38,8.459389413144987e+26
Konvektif (Gercek Gozlem),HD 15906,0.79,0.762,2.7,1.5743476973460598e+41,2.8070657464397115e+28
Konvektif (Gercek Gozlem),HD 196050,1.27,1.42,3.3,5.764489224694201e+41,5.37134037470089e+28
Konvektif (Gercek Gozlem),61 Vir,0.942,0.963,1.9,1.6694969015137138e+41,2.8906470465825613e+28
Konvektif (Gercek Gozlem),TOI-1807,0.8048,0.746,4.2,2.4424794142572098e+41,3.4963726478993953e+28
Konvektif (Gercek Gozlem),TOI-1860,0.99,0.94,10.735252322946836,9.676763595364378e+41,6.9593282884951575e+28
Konvektif (Gercek Gozlem),GJ 3942,0.63,0.61,1.67,6.2164390815891e+40,1.763896502538121e+28
Konvektif (Gercek Gozlem),Kepler-26,0.544,0.512,1.9,5.125984494059522e+40,1.6017358723692853e+28
Konvektif (Gercek Gozlem),GJ 581,0.295,0.302,2.0,1.725892657398e+40,9.294138684342072e+27
Konvektif (Gercek Gozlem),HD 196885 A,1.28,1.31,7.8,1.2668660400614402e+42,7.962832957671772e+28
Konvektif (Gercek Gozlem),Kepler-51,0.96,0.87,5.353402648042022,4.330870736798369e+41,4.655752325210776e+28
Konvektif (Gercek Gozlem),Kepler-188,1.021,1.141,6.3,7.108971325146872e+41,5.964933952928327e+28
Konvektif (Gercek Gozlem),HIP 65407,0.93,0.952252,2.8,2.4018600569086475e+41,3.4671777580835665e+28
Konvektif (Gercek Gozlem),TOI-1444,0.9513,0.9105,2.0,1.6779625706328033e+41,2.897966712063519e+28
Radyatif (Gercek Gozlem),HD 43691,1.32,1.6,4.7,9.614940439104001e+41,6.937061699346528e+28
Konvektif (Gercek Gozlem),HATS-8,1.056,1.086,2.0,2.2216649610355202e+41,3.334583069804534e+28
Konvektif (Gercek Gozlem),KELT-16,1.211,1.36,7.6,1.2124154731066563e+42,7.789830236304464e+28
Konvektif (Gercek Gozlem),TOI-544,0.631,0.623,1.6294924181477353,6.204754125521161e+40,1.7622379366322489e+28
Konvektif (Gercek Gozlem),CoRoT-12,1.078,1.116,1.0,1.1653000952392804e+41,2.4150223206019043e+28
Konvektif (Gercek Gozlem),G 264-012,0.297,0.305,2.0,1.754854488387e+40,9.371795717701295e+27
Konvektif (Gercek Gozlem),K2-10,0.88,0.956,1.5,1.2223248749712002e+41,2.4734069857128193e+28
Konvektif (Gercek Gozlem),Kepler-19,0.936,0.859,2.0,1.5575924547892802e+41,2.7920884713737814e+28
Konvektif (Gercek Gozlem),TOI-237,0.1698,0.2056,6.4,2.1641910501399552e+40,1.0407587154445314e+28
Konvektif (Gercek Gozlem),HD 6434,1.1,1.12,2.2,2.625356077344001e+41,3.6249027996660865e+28
Konvektif (Gercek Gozlem),CoRoT-7,0.82,0.83,3.5,2.3073571103309997e+41,3.398283961875543e+28
Konvektif (Gercek Gozlem),TOI-2969,0.71,0.7,2.0,9.6281137134e+40,2.195193780155281e+28
Konvektif (Gercek Gozlem),HD 34445,1.07,1.38,2.7,3.8617259874102e+41,4.396357343863889e+28
Radyatif (Gercek Gozlem),HD 120084,2.16,10.37,2.44,5.2939173947849274e+42,1.627761747215532e+29
Konvektif (Gercek Gozlem),TOI-1224,0.4,0.404,22.1,3.4593018301296e+41,4.16098822079823e+28
Konvektif (Gercek Gozlem),TOI-1422,0.9903,1.019,1.7,1.6616697390625055e+41,2.883862923350068e+28
Konvektif (Gercek Gozlem),HATS-59,1.038,1.036,2.8,2.9165536303525445e+41,3.820649881535863e+28
Konvektif (Gercek Gozlem),HD 73267,0.93,0.909,1.65,1.3510941155261552e+41,2.6004293511728437e+28
Konvektif (Gercek Gozlem),HD 152843,1.15,1.43,8.38,1.3348507902830098e+42,8.173698603631865e+28
Konvektif (Gercek Gozlem),HD 217786,1.14,1.27,1.4,1.9633215541211998e+41,3.1347143737206437e+28
Radyatif (Gercek Gozlem),HR 8799,1.5,1.49338,34.79,7.548677040091578e+42,1.9437378003945055e+29
Konvektif (Gercek Gozlem),TOI-4342,0.587,0.598,2.059386941115445,7.002160580567904e+40,1.8720536517843475e+28
Radyatif (Gercek Gozlem),KOI-12,1.5,1.4,60.0,1.2204651185999999e+43,2.4715246361359675e+29
Konvektif (Gercek Gozlem),NGTS-16,1.002,1.213,2.5,2.9432242802371497e+41,3.8380792401198786e+28
Radyatif (Gercek Gozlem),HD 113337,1.41,1.5,6.3,1.2906418629195e+42,8.037206594073019e+28
Konvektif (Gercek Gozlem),K2-30,0.9,0.844,1.4,1.0300725600984e+41,2.270576648961847e+28
Konvektif (Gercek Gozlem),Kepler-179,0.893,0.759,3.0,1.96956045557271e+41,3.139691057700001e+28
Konvektif (Gercek Gozlem),HD 87646,1.12,1.55,7.5,1.2611472892200002e+42,7.944840146028487e+28
Konvektif (Gercek Gozlem),HR 858,1.204,1.258,7.5,1.10033066875914e+42,7.42102452785328e+28
Konvektif (Gercek Gozlem),HD 165155,1.02,0.95,1.5,1.407893690385e+41,2.654527258645481e+28
Konvektif (Gercek Gozlem),K2-351,1.02,1.05,2.10552391108977,2.1842607163838156e+41,3.3063931734953747e+28
Konvektif (Gercek Gozlem),HD 13908,1.29,1.67,4.2,8.764160016666601e+41,6.623040445904062e+28
Konvektif (Gercek Gozlem),AF Lep,1.218,1.25,54.7,8.066765906813251e+42,2.009333315749382e+29
Konvektif (Gercek Gozlem),TOI-125,0.859,0.848,1.0,7.055760692635201e+40,1.8792050867522883e+28
Konvektif (Gercek Gozlem),HD 126525,0.897,0.979,3.0,2.55182692844079e+41,3.5737804281674474e+28
Konvektif (Gercek Gozlem),HD 109271,1.047,1.294595,2.7,3.544860895937193e+41,4.212130877146647e+28
Radyatif (Gercek Gozlem),HD 158996,1.8,50.3,4.2,3.6833637279348007e+43,4.2936294546185015e+29
Konvektif (Gercek Gozlem),HD 100777,1.08,1.04,1.8,1.9583234588736e+41,3.1307217559344174e+28
Konvektif (Gercek Gozlem),HD 31527,0.96,1.073694,1.9,1.8969687943582522e+41,3.081288417221173e+28
Konvektif (Gercek Gozlem),HD 217786,1.14,1.27,1.4,1.9633215541211998e+41,3.1347143737206437e+28
Konvektif (Gercek Gozlem),Kepler-322,0.908,0.89,6.3,4.9314113582151606e+41,4.968071912684578e+28
Radyatif (Gercek Gozlem),HATS-66,1.411,1.841,12.86,3.2357622003445886e+42,1.2725960084697214e+29
Konvektif (Gercek Gozlem),TOI-7041,1.07,4.1,3.0,1.274804875071e+42,7.987743598873924e+28
Konvektif (Gercek Gozlem),Kepler-414,0.89,0.946,6.1,4.974687501523741e+41,4.9898232276767246e+28
Konvektif (Gercek Gozlem),HD 210193,1.04,1.05971,2.0,2.1350359594680482e+41,3.2689242363510423e+28
Konvektif (Gercek Gozlem),HD 34445,1.07,1.38,2.7,3.8617259874102e+41,4.396357343863889e+28
Konvektif (Gercek Gozlem),V0391 Peg,0.5,0.23,0.099,1.102777410735e+39,2.3493417078269255e+27
Radyatif (Gercek Gozlem),HAT-P-13,1.32,1.756,1.66,3.727016859357793e+41,4.318997341377254e+28
Konvektif (Gercek Gozlem),Qatar-5,1.128,1.076,4.5,5.290402455243359e+41,5.145725485000514e+28
Konvektif (Gercek Gozlem),K2-132,1.08,3.85,3.36,1.3532517235036802e+42,8.229843041739963e+28
Radyatif (Gercek Gozlem),WASP-76,1.458,1.756,1.48,3.670274762594295e+41,4.285993881998433e+28
Radyatif (Gercek Gozlem),KELT-15,2.06,1.78,7.6,2.6993278870084803e+42,1.1623316903804623e+29
Konvektif (Gercek Gozlem),K2-290,1.194,1.511,6.5,1.1358918258588807e+42,7.539989571324334e+28
Radyatif (Gercek Gozlem),DMPP-2,1.41,1.78,5.1,1.2398356435537798e+42,7.87742572251257e+28
Konvektif (Gercek Gozlem),HD 109271,1.047,1.294595,2.7,3.544860895937193e+41,4.212130877146647e+28
Radyatif (Gercek Gozlem),HATS-41,1.496,1.71,19.21,4.7600322514440705e+42,1.543502032472352e+29
Konvektif (Gercek Gozlem),HD 45350,0.98,1.26442,1.4,1.6803521057277868e+41,2.900029430771052e+28
Konvektif (Gercek Gozlem),GJ 3323,0.164,0.119,0.18244045670818454,3.448790286727855e+38,1.3138193424624848e+27
Konvektif (Gercek Gozlem),HD 284149 A,1.13,1.36,27.0,4.019165987709601e+42,1.4183069443682647e+29
Radyatif (Gercek Gozlem),WASP-142,1.33,1.64,3.1,6.549558255349201e+41,5.725432022877802e+28
Konvektif (Gercek Gozlem),HD 29021,0.86,0.85,2.7,1.9117714322069998e+41,3.093287181401303e+28
Konvektif (Gercek Gozlem),HD 168443,0.98,1.711479,2.2,3.574169608781412e+41,4.229507865069853e+28
Konvektif (Gercek Gozlem),WASP-53,0.839,0.798,0.86,5.577224543939411e+40,1.6707494353269585e+28
Konvektif (Gercek Gozlem),KOI-94,1.277,1.52,7.3,1.372499427047112e+42,8.288164152414754e+28
Konvektif (Gercek Gozlem),TOI-5624,0.858,0.82,2.0,1.3629689505432e+41,2.6118320043860276e+28
Konvektif (Gercek Gozlem),TOI-220,0.825,0.858,2.9,1.98835561839915e+41,3.1546362423927052e+28
Radyatif (Gercek Gozlem),WASP-8,1.34,1.03,1.9,2.540097871201801e+41,3.5655578187104988e+28
Konvektif (Gercek Gozlem),HD 106252,1.05,1.05,1.9,2.0290232596725006e+41,3.1867336835594585e+28
Konvektif (Gercek Gozlem),GJ 508.2,0.54,0.53,2.0,5.544398681640001e+40,1.6658254155628481e+28
Konvektif (Gercek Gozlem),HAT-P-66,1.255,1.881,7.57,1.7309448357169467e+42,9.307732036404402e+28
Konvektif (Gercek Gozlem),DMPP-9,1.1,1.26,3.22,4.322887450081201e+41,4.6514592682006504e+28
Konvektif (Gercek Gozlem),HIP 56998,0.653,0.63,2.47,9.84250197220563e+40,2.2194993046329345e+28
Konvektif (Gercek Gozlem),HD 20329,0.9,1.13,3.5,3.447813960045e+41,4.154073437765797e+28
Konvektif (Gercek Gozlem),GJ 876,0.32,0.3,0.16,1.4878050969600003e+39,2.72882244874172e+27
Konvektif (Gercek Gozlem),TOI-1052,1.204,1.264,5.0,7.3705244584608e+41,6.073673666250773e+28
Radyatif (Gercek Gozlem),HAT-P-29,1.45,1.3,3.9,7.120832793165e+41,5.96990818770227e+28
Konvektif (Gercek Gozlem),YZ Cet,0.142,0.157,2.0,4.318896722868e+39,4.6493117462753614e+27
Konvektif (Gercek Gozlem),Kepler-434,1.198,1.38,3.0,4.8040994111291985e+41,4.903523386019815e+28
Konvektif (Gercek Gozlem),HD 11755,0.72,20.58,2.3,3.301114052789279e+42,1.2853829140105566e+29
Konvektif (Gercek Gozlem),HD 128717,1.212,1.248,6.1,8.937208022311295e+41,6.688106673972756e+28
Konvektif (Gercek Gozlem),HAT-P-46,1.284,1.396,4.9,8.507488065790895e+41,6.525336799683506e+28
Konvektif (Gercek Gozlem),HD 39855,0.87,0.744665,3.0,1.8825922906232718e+41,3.0695901741035906e+28
Konvektif (Gercek Gozlem),BD-11 4672,0.651,0.639,1.0,4.029365589057901e+40,1.4201054517263757e+28
Konvektif (Gercek Gozlem),V1298 Tau,1.1,1.32,24.77,3.4837537519184404e+42,1.320462228333577e+29
Konvektif (Gercek Gozlem),HD 47186,0.96,1.08,2.2,2.2093905689856e+41,3.3253587559515717e+28
Konvektif (Gercek Gozlem),81 Cet,1.23,11.21,1.8,2.4040198849703407e+42,1.0969107327585099e+29
Konvektif (Gercek Gozlem),Kepler-391,1.27,2.879,2.6,9.20817491304438e+41,6.7887378448978755e+28
Konvektif (Gercek Gozlem),Kepler-409,0.913,0.897,2.0,1.5865291015774201e+41,2.8179045572873973e+28
Konvektif (Gercek Gozlem),HIP 41378,1.22,1.3,5.6,8.602923013776e+41,6.561834556099508e+28
Radyatif (Gercek Gozlem),HD 200964,1.39,4.92,2.28,1.510322097224304e+42,8.694348541309634e+28
Konvektif (Gercek Gozlem),HD 39091,1.07,1.17,3.16,3.8318768976524406e+41,4.379333630966418e+28
Konvektif (Gercek Gozlem),HATS-43,0.837,0.812,1.11,7.307339623198523e+40,1.9124139559044218e+28
Konvektif (Gercek Gozlem),WASP-49,0.92,0.97,0.9,7.779593370276002e+40,1.9732436178823723e+28
Radyatif (Gercek Gozlem),HAT-P-13,1.32,1.756,1.66,3.727016859357793e+41,4.318997341377254e+28
Konvektif (Gercek Gozlem),HD 30669,0.92,0.91,1.7,1.3785831550764004e+41,2.6267500054198107e+28
Konvektif (Gercek Gozlem),Kepler-25,1.165,1.316,9.34,1.3870225357642837e+42,8.33189938342691e+28
Radyatif (Gercek Gozlem),WASP-66,1.33,1.76,11.8,2.6754765115478402e+42,1.1571850902543754e+29
Radyatif (Gercek Gozlem),HATS-64,1.564,2.113,12.65,4.049315331258998e+42,1.4236166443180827e+29
Konvektif (Gercek Gozlem),HIP 94235,1.094,1.08,24.4,2.792452087702368e+42,1.1822113463838446e+29
Konvektif (Gercek Gozlem),GJ 411,0.3899,0.3685,2.0,2.78339952984093e+40,1.1802935472916232e+28
Konvektif (Gercek Gozlem),HD 126614,0.96,1.369794,1.5,1.9106123390486495e+41,3.0923493204298265e+28
Konvektif (Gercek Gozlem),G 261-6,0.118,0.153162,0.0679726664161275,1.1899320695039035e+38,7.717263740136784e+26
Konvektif (Gercek Gozlem),KOI-351,1.2,1.2,4.6,6.4161594806399995e+41,5.666825417596126e+28
Konvektif (Gercek Gozlem),HIP 111909,1.28,4.53,3.13,1.7579533074405123e+42,9.380066685426531e+28
Konvektif (Gercek Gozlem),Kepler-33,1.291,1.82,3.4,7.738047187841878e+41,6.223259990078633e+28
Konvektif (Gercek Gozlem),HD 153950,1.25,1.28,5.0,7.74898488e+41,6.22765671084302e+28
Konvektif (Gercek Gozlem),HD 260655,0.439,0.439,2.0,3.7334802876462004e+40,1.366970648030043e+28
Konvektif (Gercek Gozlem),CoRoT-13,1.09,1.01,4.0,4.265428727196e+41,4.620442849782703e+28
Konvektif (Gercek Gozlem),Kepler-413,0.82,0.7761,5.0,3.0821684222510995e+41,3.9276288495267897e+28
Konvektif (Gercek Gozlem),HR 2562,1.3,1.334,43.51,7.308749744722064e+42,1.9125984694300833e+29
Konvektif (Gercek Gozlem),GJ 86,0.93,0.77,2.37,1.6439054914982701e+41,2.8684063890432357e+28
Konvektif (Gercek Gozlem),GJ 849,0.45,0.45,1.0,1.9614617977500004e+40,9.908141155062774e+27
Konvektif (Gercek Gozlem),HD 190360,0.996,1.14,2.2,2.41958953284048e+41,3.479950821768078e+28
Konvektif (Gercek Gozlem),K2-95,0.41,0.4,2.6,4.1302089410399993e+40,1.4377661987131851e+28
Konvektif (Gercek Gozlem),HD 23127,1.208,1.49,3.3,5.7533655568989595e+41,5.366155365613513e+28
Konvektif (Gercek Gozlem),TOI-4562,1.192,1.152,17.0,2.2611661863598076e+42,1.0638208533338175e+29
Konvektif (Gercek Gozlem),HD 21411,0.89,0.825605,2.0,1.423466147262159e+41,2.669167509075123e+28
Radyatif (Gercek Gozlem),TOI-201,1.32,1.31,9.52,1.5945458138850244e+42,8.933481840360077e+28
Konvektif (Gercek Gozlem),XO-5,1.04,1.13,1.8,2.0489865819695996e+41,3.2023722609880856e+28
Konvektif (Gercek Gozlem),GJ 9827,0.62,0.58,1.75,6.09554523123e+40,1.7466606536628842e+28
Konvektif (Gercek Gozlem),GJ 367,0.451,0.457,0.4506993836906205,8.997762646207286e+39,6.710726270539914e+27
Konvektif (Gercek Gozlem),NGTS-4,0.75,0.84,2.75,1.678139538075e+41,2.8981195260310026e+28
Konvektif (Gercek Gozlem),HD 216770,0.74,0.93,1.4,9.332489940228e+40,2.161230178856477e+28
Radyatif (Gercek Gozlem),TOI-6016,1.31,1.51,8.4,1.60946803406844e+42,8.975185550119902e+28
Radyatif (Gercek Gozlem),HD 106270,1.39,2.66,3.13,1.120974158204082e+42,7.490314594389679e+28
Konvektif (Gercek Gozlem),TOI-5720,0.383,0.383,3.4,4.83093608301486e+40,1.554955281490392e+28
Radyatif (Gercek Gozlem),HAT-P-39,1.404,1.625,12.7,2.80659030434055e+42,1.185200342567575e+29
Konvektif (Gercek Gozlem),WASP-43,0.58,0.6,4.0,1.3483233691199999e+41,2.5977615769756102e+28
Konvektif (Gercek Gozlem),TOI-181,0.822,0.745,2.28,1.352439242439012e+41,2.601723501329923e+28
Konvektif (Gercek Gozlem),HATS-16,0.97,1.238,6.17,7.176825214386283e+41,5.993333472955552e+28
Konvektif (Gercek Gozlem),TOI-251,1.036,0.881,11.5,1.016689482036774e+42,7.133397469740488e+28
Konvektif (Gercek Gozlem),K2-3,0.549,0.546,0.6785465857021212,1.970150862843869e+40,9.930062904709361e+27
Konvektif (Gercek Gozlem),HATS-3,1.209,1.404,9.12,1.4994882724595158e+42,8.663109319757073e+28
Radyatif (Gercek Gozlem),CoRoT-36,1.32,1.52,25.6,4.9752202442342405e+42,1.5780051401498854e+29
Konvektif (Gercek Gozlem),TOI-1478,0.947,1.048,1.24,1.1920316134001184e+41,2.4425650843307702e+28
Konvektif (Gercek Gozlem),GJ 832,0.45,0.441557,2.1,4.0417868728024515e+40,1.4222926396329201e+28
Konvektif (Gercek Gozlem),Barnard's star,0.162,0.185,0.0659130659370024,1.913432219958504e+38,9.786080848649346e+26
Konvektif (Gercek Gozlem),HD 222155,1.21,1.85,3.2,6.938441061552001e+41,5.892956154596774e+28
Konvektif (Gercek Gozlem),KOI-351,1.2,1.2,4.6,6.4161594806399995e+41,5.666825417596126e+28
Konvektif (Gercek Gozlem),WASP-151,1.081,1.181,4.25,5.255564230001768e+41,5.128754748989673e+28
Konvektif (Gercek Gozlem),HD 117618,1.077,1.2,3.2,4.0059152235648e+41,4.477680844317465e+28
Konvektif (Gercek Gozlem),Kepler-1629,1.01,1.01,5.9,5.8297453636149e+41,5.401657590295528e+28
Konvektif (Gercek Gozlem),Kepler-414,0.89,0.946,6.1,4.974687501523741e+41,4.9898232276767246e+28
Konvektif (Gercek Gozlem),HIP 57274,0.73,0.68,0.5,2.4041225590200004e+40,1.0969341566630397e+28
Konvektif (Gercek Gozlem),K2-38,1.03,1.06,2.0,2.115085422996e+41,3.2536153933905754e+28
Konvektif (Gercek Gozlem),GJ 1002,0.12,0.137,0.055009557474836754,8.75981210858042e+37,6.621397393779387e+26
Radyatif (Gercek Gozlem),HD 212301,1.55,1.16,7.0,1.2191090462460001e+42,7.811303910428853e+28
Konvektif (Gercek Gozlem),WASP-96,1.06,1.05,1.5,1.6171162821450002e+41,2.844938502992782e+28
Konvektif (Gercek Gozlem),HD 43197,0.96,1.0,2.18,2.027134444608e+41,3.18525007512457e+28
Konvektif (Gercek Gozlem),Kepler-29,0.761,0.732,4.0,2.15829376268688e+41,3.2866808613735102e+28
Konvektif (Gercek Gozlem),TOI-178,0.647,0.662,1.5,6.2231225810481e+40,1.764844459574424e+28
Konvektif (Gercek Gozlem),HD 181433,0.86,0.79,1.5,9.87123811401e+40,2.222736965234893e+28
Konvektif (Gercek Gozlem),TOI-5108,1.1,1.29,3.3,4.535771437197001e+41,4.764615277724921e+28
Konvektif (Gercek Gozlem),BD-08 2823,0.5,0.71,1.4,4.8140568567e+40,1.5522364079663304e+28
Konvektif (Gercek Gozlem),TOI-4914,1.03,1.0,2.4,2.39443632792e+41,3.461815391583642e+28
Konvektif (Gercek Gozlem),TOI-4495,1.247,1.309,6.8,1.0751519309334807e+42,7.335625941569585e+28
Konvektif (Gercek Gozlem),K2-37,0.84,0.809,1.3,8.5570877682108e+40,2.069499144917972e+28
Konvektif (Gercek Gozlem),HD 114783,0.853,0.840622,0.9,6.250965743395622e+40,1.7687881397106303e+28
Konvektif (Gercek Gozlem),USco1556 A,0.33,0.668108,7.237989033276821,1.5457290150658643e+41,2.7814351433722315e+28
Konvektif (Gercek Gozlem),HD 187123,1.04,1.15043,2.1,2.4337034564110635e+41,3.4900856694407017e+28
Konvektif (Gercek Gozlem),BD-06 1339,0.7,0.686355,0.57,2.6526290655095595e+40,1.152233559192627e+28
Konvektif (Gercek Gozlem),HD 51608,0.8,0.916136,1.3,9.228861215630783e+40,2.1491974449716956e+28
Radyatif (Gercek Gozlem),HD 202696,1.91,6.43,2.0,2.3791902001686e+42,1.0912313622556265e+29
Konvektif (Gercek Gozlem),HD 219134,0.81,0.778,0.4,2.4416276458392e+40,1.1054573075331215e+28
Konvektif (Gercek Gozlem),HD 142,1.21,1.47,10.4,1.7918055227872802e+42,9.469950163303896e+28
Konvektif (Gercek Gozlem),GJ 273,0.29,0.293,0.14973404430111503,1.232369665575511e+39,2.483549142703195e+27
Konvektif (Gercek Gozlem),Kepler-34,1.0479,1.1618,5.0,5.896252091832921e+41,5.432381727234841e+28
Konvektif (Gercek Gozlem),HD 108236,0.869,0.877,4.7,3.469541241887721e+41,4.1671418599226165e+28
Radyatif (Gercek Gozlem),TOI-375,1.441,2.9,2.97,1.202190396970563e+42,7.756912371431445e+28
Konvektif (Gercek Gozlem),WASP-64,1.004,1.058,3.4,3.4982683754971686e+41,4.184357863306395e+28
Radyatif (Gercek Gozlem),WASP-190,1.35,1.6,13.3,2.782660470408e+42,1.1801368387446272e+29
Konvektif (Gercek Gozlem),WASP-74,0.98,1.42,6.03,8.12805359685228e+41,6.378161877311879e+28
Konvektif (Gercek Gozlem),TRAPPIST-1,0.0898,0.1192,2.04,2.1151325368240708e+39,3.253651630561177e+27
Radyatif (Gercek Gozlem),HD 96063,1.37,4.75,0.87,5.483883952842752e+41,5.2389757234448605e+28
Konvektif (Gercek Gozlem),TOI-5817,0.97,1.427,1.2,1.60891010715708e+41,2.837710897699821e+28
Konvektif (Gercek Gozlem),Kepler-391,1.27,2.879,2.6,9.20817491304438e+41,6.7887378448978755e+28
Konvektif (Gercek Gozlem),EPIC 249893012,1.05,1.71,2.1,3.6522418674105e+41,4.275451885576351e+28
Konvektif (Gercek Gozlem),HD 3651,0.799,0.871954,1.1,7.423143655513246e+40,1.927508006435121e+28
Konvektif (Gercek Gozlem),HAT-P-52,0.887,0.893,0.6,4.6034258869380605e+40,1.5178988637025393e+28
Konvektif (Gercek Gozlem),TOI-4438,0.368,0.372,2.0,2.6520125853312003e+40,1.1520996598783856e+28
Konvektif (Gercek Gozlem),K2-38,1.03,1.06,2.0,2.115085422996e+41,3.2536153933905754e+28
Radyatif (Gercek Gozlem),XO-6,1.47,1.93,48.0,1.3190787001828801e+43,2.569434859343745e+29
Konvektif (Gercek Gozlem),K2-261,1.107,1.663,1.3,2.318131395770463e+41,3.4062089246096467e+28
Konvektif (Gercek Gozlem),HATS-34,0.955,0.98,4.07,3.6895948804014306e+41,4.29725968994777e+28
Konvektif (Gercek Gozlem),TOI-771,0.22,0.232,0.11977054849578639,5.921279080536933e+38,1.7215118772206825e+27
Konvektif (Gercek Gozlem),HD 164922,0.921146,1.001813,1.84,1.6447041303229617e+41,2.8691030661199378e+28
Konvektif (Gercek Gozlem),HAT-P-51,0.961,0.995,1.7,1.5745273769329648e+41,2.8072259264382144e+28
Konvektif (Gercek Gozlem),DMPP-1,1.21,1.26,3.41,5.035761125855461e+41,5.020359512915009e+28
Konvektif (Gercek Gozlem),HD 164922,0.926,0.946,2.0,1.6970199397351203e+41,2.9143769989429246e+28
Konvektif (Gercek Gozlem),TOI-3894,1.138,1.502,5.27,8.725245118283257e+41,6.608320171337281e+28
Radyatif (Gercek Gozlem),Kepler-1543,1.39,1.65,35.0,7.7753798597475e+42,1.972709180640962e+29
Konvektif (Gercek Gozlem),CoRoT-10,0.89,0.79,2.0,1.3620778172820002e+41,2.6109780337457273e+28
Konvektif (Gercek Gozlem),HD 45184,1.03,1.075139,2.1,2.2525578942681333e+41,3.357687230055167e+28
Konvektif (Gercek Gozlem),TOI-1136,1.022,0.968,6.7,6.420308287144752e+41,5.668657258190391e+28
Konvektif (Gercek Gozlem),GJ 1061,0.12,0.156,2.5,4.5331561548000005e+39,4.763241463881843e+27
Konvektif (Gercek Gozlem),HD 15337,0.829,0.855,1.0,6.865552172524499e+40,1.8537023219926144e+28
Konvektif (Gercek Gozlem),TYC 2187-512-1,0.498,0.495,2.0,4.775505656922e+40,1.5460087229483643e+28
Konvektif (Gercek Gozlem),HD 142,1.21,1.47,10.4,1.7918055227872802e+42,9.469950163303896e+28
Radyatif (Gercek Gozlem),HIP 99770,1.9,1.93986,65.0,2.320556634313281e+43,3.407990253673789e+29
Konvektif (Gercek Gozlem),HD 5319,1.27,4.06,3.31,1.653151192807842e+42,9.096169520206427e+28
Konvektif (Gercek Gozlem),Kepler-62,0.69,0.64,0.4,1.7109758615040003e+40,9.253887156363142e+27
Radyatif (Gercek Gozlem),HD 16175,1.63,1.72,4.8,1.30350324057408e+42,8.077153114255982e+28
Konvektif (Gercek Gozlem),HR 5183,1.07,1.53,3.0,4.757198680143e+41,4.8795289940647875e+28
Konvektif (Gercek Gozlem),K2-244,0.86,0.92,3.69,2.82792229109208e+41,3.7621490162779413e+28
Konvektif (Gercek Gozlem),WASP-36,1.081,0.985,3.3,3.4035386819984553e+41,4.127314882357585e+28
Konvektif (Gercek Gozlem),TOI-1634,0.451,0.45,1.3,2.5555667822685003e+40,1.1309564331077648e+28
Konvektif (Gercek Gozlem),Kepler-106,1.0,1.04,0.3,3.0221041032e+40,1.2298636575719344e+28
Konvektif (Gercek Gozlem),HATS-30,1.093,1.061,4.11,4.616705738834853e+41,4.806936168652936e+28
Konvektif (Gercek Gozlem),K2-136,0.742,0.677,2.0,9.7314464267748e+40,2.2069421848328047e+28
Radyatif (Gercek Gozlem),HD 177830,1.47,2.62,0.68,2.5367774311807202e+41,3.5632265911169956e+28
Konvektif (Gercek Gozlem),55 Cnc,1.015,0.98,1.06,1.02129877196802e+41,2.2608859912223363e+28
Konvektif (Gercek Gozlem),HD 115954,1.18,1.213,5.3,7.34807371201722e+41,6.064416353268621e+28
Konvektif (Gercek Gozlem),HD 42012,0.83,0.82,2.2,1.4503387550651998e+41,2.6942443705154236e+28
Konvektif (Gercek Gozlem),Kepler-109,1.094,1.387,1.0,1.46976739740558e+41,2.7122302963074704e+28
Konvektif (Gercek Gozlem),Kepler-48,0.88,0.89,0.5,3.7931280987600004e+40,1.3778470567852921e+28
Konvektif (Gercek Gozlem),HD 49674,1.03,1.02,0.42,4.2740688453372e+40,1.4625913975765293e+28
Konvektif (Gercek Gozlem),Kepler-101,1.17,1.56,2.6,4.596620340967199e+41,4.796468264530544e+28
Konvektif (Gercek Gozlem),TOI-3884,0.298,0.302,3.59,3.129482174131404e+40,1.2515220311525332e+28
Konvektif (Gercek Gozlem),KELT-24,1.268,1.338,19.74,3.2439738286806185e+42,1.2742097648602345e+29
Konvektif (Gercek Gozlem),Kepler-26,0.593,0.571,1.9,6.231595127391269e+40,1.7660454354788867e+28
Radyatif (Gercek Gozlem),WASP-94 A,1.67,1.48,4.2,1.00550052904392e+42,7.094036354854689e+28
Konvektif (Gercek Gozlem),LHS 1678,0.345,0.329,0.53,5.82700900332915e+39,5.400389729072488e+27
Konvektif (Gercek Gozlem),HATS-12,1.16,1.17,6.57,8.63702242174044e+41,6.574826267602159e+28
Konvektif (Gercek Gozlem),HD 80606,1.05,1.05,1.8,1.9222325617950005e+41,3.1017388014737107e+28
Radyatif (Gercek Gozlem),Kepler-432,1.32,4.06,2.7,1.40158214220024e+42,8.375515289603284e+28
Konvektif (Gercek Gozlem),Kepler-1656,1.03,1.1,2.8,3.0728599541640004e+41,3.9216934416486805e+28
Radyatif (Gercek Gozlem),HD 143105,1.51,1.647304,9.1,2.1925369398924945e+42,1.0475523069432042e+29
Konvektif (Gercek Gozlem),HD 159868,1.19,2.13,0.96,2.3569622370403205e+41,3.4346190171538088e+28
Konvektif (Gercek Gozlem),HATS-69,0.892,0.8785,2.55,1.935537665696271e+41,3.1124549320729996e+28
Radyatif (Gercek Gozlem),bet UMi,1.4,38.3,1.7,8.829387096893999e+42,2.1021685615354702e+29
Konvektif (Gercek Gozlem),HD 108236,0.869,0.877,4.7,3.469541241887721e+41,4.1671418599226165e+28
Konvektif (Gercek Gozlem),HD 73344,1.2,1.22,5.3,7.515740435112e+41,6.133214368832549e+28
Konvektif (Gercek Gozlem),Kepler-1443,1.19,1.27,14.7,2.1519037560302103e+42,1.0378000322422558e+29
Konvektif (Gercek Gozlem),XO-1,0.88,0.88,1.11,8.326129273862401e+40,2.0413798933074657e+28
Konvektif (Gercek Gozlem),HD 233832,0.71,0.68,0.8,3.7412099000640003e+40,1.3683849704887363e+28
Konvektif (Gercek Gozlem),Kepler-30,0.99,0.95,1.94,1.7673206678127e+41,2.974129921145233e+28
Konvektif (Gercek Gozlem),HD 73344,1.19,1.22,5.67,7.97342066632566e+41,6.317199564836484e+28
Konvektif (Gercek Gozlem),HD 28109,1.227,1.425,8.0,1.3548906338058003e+42,8.234825076121796e+28
Konvektif (Gercek Gozlem),TOI-5624,0.858,0.82,2.0,1.3629689505432e+41,2.6118320043860276e+28
Konvektif (Gercek Gozlem),K2-18,0.359,0.411,0.5246937351876935,7.498889873571665e+39,6.126335066677919e+27
Konvektif (Gercek Gozlem),HATS-18,1.037,1.02,6.23,6.382955274153822e+41,5.652143230126336e+28
Konvektif (Gercek Gozlem),Kepler-113,0.75,0.69,0.4,2.0050498376999999e+40,1.0017626701456275e+28
Konvektif (Gercek Gozlem),CoRoT-25,1.09,1.19,4.3,5.402524454718301e+41,5.1999674936990736e+28
Konvektif (Gercek Gozlem),HD 216536,0.81,9.83,2.6,2.00524162507578e+42,1.0018105793885711e+29
Konvektif (Gercek Gozlem),Kepler-37,0.79,0.789,1.1,6.6412771776351e+40,1.8231737578653656e+28
Konvektif (Gercek Gozlem),TOI-2431,0.661,0.651,2.0,8.336183581744201e+40,2.0426120666751745e+28
Konvektif (Gercek Gozlem),Kepler-1863,1.097,0.983,0.5,5.22257849645805e+40,1.6167569858764814e+28
Konvektif (Gercek Gozlem),WASP-147,1.044,1.429,0.3,4.3351967125630805e+40,1.4730132804581042e+28
Konvektif (Gercek Gozlem),HD 23079,1.16,1.08,2.99,3.62833818630192e+41,4.26143764266144e+28
Konvektif (Gercek Gozlem),Qatar-4,0.896,0.849,7.1,5.231531867313024e+41,5.11701506542094e+28
Konvektif (Gercek Gozlem),HD 125612,1.05,1.07,2.1,2.2853209345785e+41,3.382017551049685e+28
Konvektif (Gercek Gozlem),TOI-2141,0.896,0.95,2.7,2.2261283763264e+41,3.337931045617524e+28
Konvektif (Gercek Gozlem),WASP-4,0.899,0.912,1.97,1.5645000548910098e+41,2.798272789607923e+28
Konvektif (Gercek Gozlem),Kepler-131,1.02,1.03,0.4,4.070541757464e+40,1.427343051588832e+28
Konvektif (Gercek Gozlem),HD 28254,1.1,1.48,2.3,3.626912373084e+41,4.260600260526679e+28
Radyatif (Gercek Gozlem),HATS-40,1.561,2.26,9.52,3.253142722052059e+42,1.2760092321713884e+29
Radyatif (Gercek Gozlem),HD 33283,1.38,1.97,3.2,8.426556117907201e+41,6.494224783997015e+28
Radyatif (Gercek Gozlem),WASP-17,2.28,1.49,9.92,3.2642815778576643e+42,1.2781919118396597e+29
Konvektif (Gercek Gozlem),HD 224018,1.013,1.147,2.1,2.3634530773627408e+41,3.439345065749437e+28
Konvektif (Gercek Gozlem),HD 125612,1.05,1.07,2.1,2.2853209345785e+41,3.382017551049685e+28
Konvektif (Gercek Gozlem),Kepler-100,1.097,1.5,3.7,5.8973165117685e+41,5.432872045014497e+28
Konvektif (Gercek Gozlem),K2-141,0.708,0.681,3.0,1.4010590857208403e+41,2.6480762331059395e+28
Konvektif (Gercek Gozlem),HD 75898,1.295,1.55,4.2,8.165928697699502e+41,6.393005083878786e+28
Radyatif (Gercek Gozlem),HATS-35,1.317,1.433,8.66,1.583086640228681e+42,8.901323810367257e+28
Konvektif (Gercek Gozlem),GJ 806,0.413,0.4144,2.0,3.31554266263584e+40,1.2881889465757732e+28
Konvektif (Gercek Gozlem),TOI-912,0.418,0.419,0.4618377903927184,7.834920568747362e+39,6.262093632356291e+27
Konvektif (Gercek Gozlem),XO-2 S,0.98,1.02,1.7,1.6460006232852e+41,2.8702336765120334e+28
Radyatif (Gercek Gozlem),HD 50499,1.31,1.42,4.313,7.771304474874487e+41,6.236619099493298e+28
Konvektif (Gercek Gozlem),WASP-140,0.9,0.87,3.1,2.3511388749030004e+41,3.430373425204806e+28
Konvektif (Gercek Gozlem),HAT-P-26,1.12,0.87,1.9,1.7932700809296e+41,2.9958847992501947e+28
Konvektif (Gercek Gozlem),Kepler-235,0.581,0.554,0.7097587581025789,2.212847492899361e+40,1.0523931193842954e+28
Konvektif (Gercek Gozlem),GJ 504,1.22,1.26,5.47,8.14465192246524e+41,6.384670988857778e+28
Konvektif (Gercek Gozlem),WASP-126,1.12,1.27,0.5,6.888847558320001e+40,1.8568445413687197e+28
Konvektif (Gercek Gozlem),TOI-1130,0.745,0.697,2.5,1.257430198035375e+41,2.5086738398228424e+28
Konvektif (Gercek Gozlem),WASP-19,0.965,1.006,4.63,4.3537261820704474e+41,4.668021136593527e+28
Radyatif (Gercek Gozlem),HD 4732,1.39,5.03,1.45,9.81986718737115e+41,7.010598007394021e+28
Radyatif (Gercek Gozlem),HATS-67,1.435,1.441,5.19,1.0395324869380952e+42,7.2130890054057045e+28
Konvektif (Gercek Gozlem),Kepler-549,0.88,0.84,5.0,3.580031014560001e+41,4.232974503342295e+28
Konvektif (Gercek Gozlem),55 Cnc,1.015,0.98,1.06,1.02129877196802e+41,2.2608859912223363e+28
Konvektif (Gercek Gozlem),HD 28471,0.98,1.08,2.0,2.050381399248e+41,3.2034620593048088e+28
Konvektif (Gercek Gozlem),TOI-2447,1.034,1.006,3.5,3.5264797173005405e+41,4.201196095772946e+28
Konvektif (Gercek Gozlem),GJ 625,0.3,0.31,0.2,1.8016389846e+39,3.002867318936209e+27
Konvektif (Gercek Gozlem),WASP-177,0.876,0.885,1.8,1.35168255406548e+41,2.60099556867667e+28
Konvektif (Gercek Gozlem),TOI-6034,0.514,0.489,2.0,4.8691908841212e+40,1.561099764440164e+28
Konvektif (Gercek Gozlem),TOI-1260,0.679,0.672,1.5,6.6295665242352e+40,1.8215656352382916e+28
Konvektif (Gercek Gozlem),TOI-1062,0.94,0.84,2.13,1.62907684030728e+41,2.855440025508446e+28
Radyatif (Gercek Gozlem),WASP-79,1.39,1.51,19.1,3.8831122170558894e+42,1.3940945477750354e+29
Konvektif (Gercek Gozlem),HD 27442,1.23,3.18,2.8,1.0608282810871201e+42,7.286597873007603e+28
Radyatif (Gercek Gozlem),KELT-11,1.44,2.69,1.99,7.466596373003039e+41,6.113129494557794e+28
Konvektif (Gercek Gozlem),HD 156411,1.25,2.16,3.3,8.6304319101e+41,6.572317316244355e+28
Konvektif (Gercek Gozlem),GJ 676 A,0.626,0.69,1.6,6.6941930581344e+40,1.8304226222496387e+28
Konvektif (Gercek Gozlem),HAT-P-21,1.24,1.21,3.5,5.0866273998539995e+41,5.045651156675901e+28
Radyatif (Gercek Gozlem),TOI-2145,1.71,2.75,18.06,8.22624001564365e+42,2.029097643058828e+29
Konvektif (Gercek Gozlem),Kepler-48,0.88,0.89,0.5,3.7931280987600004e+40,1.3778470567852921e+28
Konvektif (Gercek Gozlem),HD 110067,0.798,0.788,2.5,1.5227336463066001e+41,2.760668310582431e+28
Konvektif (Gercek Gozlem),HD 13908,1.29,1.67,4.2,8.764160016666601e+41,6.623040445904062e+28
Konvektif (Gercek Gozlem),HD 134060,1.095,1.164285,2.6,3.2107138091622186e+41,4.008695384348327e+28
Konvektif (Gercek Gozlem),TOI-7510,1.063,1.035,3.2,3.41018876396016e+41,4.1313450390438745e+28
Konvektif (Gercek Gozlem),K2-60,0.97,1.12,2.2,2.3150867227488004e+41,3.403971303401129e+28
Konvektif (Gercek Gozlem),Kepler-1179,0.84,0.81,3.2,2.1089637249408002e+41,3.2489035071394013e+28
Konvektif (Gercek Gozlem),WASP-174,1.24,1.347,16.24,2.627423816469379e+42,1.146746238349993e+29
Konvektif (Gercek Gozlem),CD-35 2722,0.4,0.558549,11.95,2.5860921840541242e+41,3.5976943067185704e+28
Konvektif (Gercek Gozlem),AU Mic,0.635,0.862,9.2,4.87779613183044e+41,4.940991201490386e+28
Konvektif (Gercek Gozlem),GJ 3222,0.89,0.931389,2.0,1.6058535394436267e+41,2.835014109703928e+28
Konvektif (Gercek Gozlem),Barnard's star,0.162,0.185,0.0659130659370024,1.913432219958504e+38,9.786080848649346e+26
Konvektif (Gercek Gozlem),HD 181433,0.86,0.79,1.5,9.87123811401e+40,2.222736965234893e+28
Konvektif (Gercek Gozlem),HD 213885,1.068,1.1011,3.0,3.4172291041728845e+41,4.135607424506593e+28
Konvektif (Gercek Gozlem),HIP 39330,0.96,1.02786,3.4,3.249667612292775e+41,4.032939704995353e+28
Konvektif (Gercek Gozlem),HD 10180,1.06,1.109,3.0,3.4159656321882005e+41,4.1348428127350895e+28
Konvektif (Gercek Gozlem),TOI-1232,1.058,1.072,4.13,4.5371729186023975e+41,4.765351316133803e+28
Radyatif (Gercek Gozlem),TOI-4773,1.452,1.55,15.3,3.3353742521899805e+42,1.2920357899754819e+29
Radyatif (Gercek Gozlem),WASP-22,1.46,1.24,4.5,7.891178752548e+41,6.284535714903042e+28
Konvektif (Gercek Gozlem),Kepler-35,0.8877,1.0284,5.0,4.421331910069075e+41,4.704124609179062e+28
Konvektif (Gercek Gozlem),HD 102117,1.06,1.23,0.88,1.11134391351984e+41,2.3584490347363136e+28
Konvektif (Gercek Gozlem),WASP-34,0.96,0.91,1.4,1.1846648084544e+41,2.4350058101712134e+28
Konvektif (Gercek Gozlem),HD 260655,0.439,0.439,2.0,3.7334802876462004e+40,1.366970648030043e+28
Konvektif (Gercek Gozlem),HD 48948,0.686,0.679,2.0,9.023576657986803e+40,2.1251599077780073e+28
Konvektif (Gercek Gozlem),TOI-1685,0.466,0.462,2.0,4.1707361319624004e+40,1.4448029351792938e+28
Konvektif (Gercek Gozlem),Kepler-427,0.96,1.35,3.0,3.76600665168e+41,4.341529930858538e+28
Konvektif (Gercek Gozlem),TOI-1298,1.2187,1.4536,4.6,7.893223198224829e+41,6.285349760573144e+28
Radyatif (Gercek Gozlem),eps Tau,2.57,12.35,2.5,7.68590329996125e+42,1.961325686475618e+29
Konvektif (Gercek Gozlem),WASP-94 B,1.24,1.35,1.5,2.4322126292100006e+41,3.489016535133136e+28
Konvektif (Gercek Gozlem),Teegarden's Star,0.097,0.12,2.0,2.2549546000800004e+39,3.3594730330007804e+27
Konvektif (Gercek Gozlem),TOI-5634 A,0.556,0.54,2.0,5.816388050928001e+40,1.7061960996891871e+28
Konvektif (Gercek Gozlem),TIC 279401253,1.13,1.06,5.0,5.80108380579e+41,5.38836278311255e+28
Konvektif (Gercek Gozlem),HD 15906,0.79,0.762,2.7,1.5743476973460598e+41,2.8070657464397115e+28
Konvektif (Gercek Gozlem),TOI-6109,1.03,1.021,18.2,1.8539122805281256e+42,9.632673690561468e+28
Konvektif (Gercek Gozlem),HD 17156,1.285,1.517,2.8,5.286905725816259e+41,5.144024651836341e+28
Konvektif (Gercek Gozlem),WASP-124,1.07,1.02,3.2,3.3828968392128006e+41,4.114780141353324e+28
Konvektif (Gercek Gozlem),GJ 251,0.35,0.36,2.0,2.4409302372e+40,1.1052994188930913e+28
Konvektif (Gercek Gozlem),TOI-4311,0.816,0.8441,1.1,7.338910149947377e+40,1.9165406865435613e+28
Konvektif (Gercek Gozlem),WASP-107,0.683,0.657,0.507,2.2036816690411886e+40,1.0502113017383184e+28
Konvektif (Gercek Gozlem),TOI-1062,0.94,0.84,2.13,1.62907684030728e+41,2.855440025508446e+28
Konvektif (Gercek Gozlem),TOI-5678,0.905,0.938,3.1,2.5489888627284904e+41,3.57179254935923e+28
Radyatif (Gercek Gozlem),HD 98219,1.41,4.6,0.3,1.8847468474379996e+41,3.07134618768295e+28
Konvektif (Gercek Gozlem),GJ 393,0.426,0.426,2.0,3.5156369502072003e+40,1.3264908794095634e+28
Konvektif (Gercek Gozlem),K2-155,0.65,0.58,0.8432121948697605,3.0791656660642193e+40,1.2414201371772163e+28
Konvektif (Gercek Gozlem),HD 158038,1.3,4.5,1.66,9.406299021210003e+41,6.861382781898248e+28
Konvektif (Gercek Gozlem),K2-255,0.71,0.69,2.46,1.16734001550894e+41,2.4171352093262933e+28
Konvektif (Gercek Gozlem),TIC 434398831,0.992,0.909,32.16,2.8089656084248004e+42,1.1857017723294949e+29
Radyatif (Gercek Gozlem),Kepler-432,1.32,4.06,2.7,1.40158214220024e+42,8.375515289603284e+28
Konvektif (Gercek Gozlem),HD 224018,1.013,1.147,2.1,2.3634530773627408e+41,3.439345065749437e+28
Konvektif (Gercek Gozlem),HD 28185,0.974,1.048,2.54,2.511358901017949e+41,3.545329867439517e+28
Radyatif (Gercek Gozlem),tau Boo,1.32,1.42588,14.98,2.7310116233268355e+42,1.1691333047808387e+29
Konvektif (Gercek Gozlem),TOI-2641,1.16,1.336,1.9,2.85215336681184e+41,3.778232639202506e+28
Konvektif (Gercek Gozlem),HATS-65,1.257,1.31,7.83,1.2488870487537172e+42,7.906127958551065e+28
Konvektif (Gercek Gozlem),HD 192263,0.66,0.74,1.8,8.515359484632001e+40,2.064447064954682e+28
Konvektif (Gercek Gozlem),K2-35,0.701968,0.619575,3.0,1.2638259881469105e+41,2.51504580398264e+28
Konvektif (Gercek Gozlem),HD 190360,0.996,1.14,2.2,2.41958953284048e+41,3.479950821768078e+28
Konvektif (Gercek Gozlem),HD 51608,0.8,0.916136,1.3,9.228861215630783e+40,2.1491974449716956e+28
Konvektif (Gercek Gozlem),TOI-2267 B,0.0989,0.13,17.6,2.1918313692475203e+40,1.0473837392861707e+28
Konvektif (Gercek Gozlem),K2-252,0.79,0.82,2.2,1.3804429114476e+41,2.6285211965892377e+28
Konvektif (Gercek Gozlem),GJ 876,0.32,0.3,0.16,1.4878050969600003e+39,2.72882244874172e+27
Radyatif (Gercek Gozlem),MASCARA-1,1.9,2.082,101.7,3.896817846613146e+43,4.416287221851815e+29
Konvektif (Gercek Gozlem),TOI-1266,0.437,0.4232,1.3,2.328762906163512e+40,1.0796050204041466e+28
Radyatif (Gercek Gozlem),HD 113996,1.49,25.11,3.3,1.195918949782557e+43,2.4465445692327018e+29
Konvektif (Gercek Gozlem),HD 147379,0.58,0.628304,2.7,9.53051586875519e+40,2.184039368312745e+28
Radyatif (Gercek Gozlem),HAT-P-2,1.33,1.39,20.8,3.72464257039056e+42,1.365351775428569e+29
Konvektif (Gercek Gozlem),TOI-4127,1.23,1.293,6.3,9.70507759985127e+41,6.9695022749990954e+28
Konvektif (Gercek Gozlem),HD 136352,0.87,1.058,1.0,8.915788278306e+40,2.1124290510331107e+28
Konvektif (Gercek Gozlem),HD 142415,1.07,1.04,3.3,3.557016529466401e+41,4.219346576528749e+28
Konvektif (Gercek Gozlem),WASP-10,0.75,0.698,3.0,1.5212225942549998e+41,2.759298225631469e+28
Konvektif (Gercek Gozlem),Kepler-1661,0.841,0.762,2.5,1.5518359276465501e+41,2.786924215836801e+28
Konvektif (Gercek Gozlem),HD 213885,1.068,1.1011,3.0,3.4172291041728845e+41,4.135607424506593e+28
Konvektif (Gercek Gozlem),TOI-1438,0.876,0.82,1.8,1.25240643427536e+41,2.5036574190269417e+28
Radyatif (Gercek Gozlem),HD 192699,1.38,4.41,1.9,1.1200208393392199e+42,7.487128893376086e+28
Konvektif (Gercek Gozlem),NGTS-17,1.025,1.337,4.1,5.442443834639175e+41,5.219143476838676e+28
Radyatif (Gercek Gozlem),HD 111998,1.4,1.45,20.0,3.9326098266e+42,1.4029515980555019e+29
Konvektif (Gercek Gozlem),HD 103891,1.28,2.22,2.8,7.706830402252803e+41,6.210694384366374e+28
Konvektif (Gercek Gozlem),TOI-1694,0.828,0.812,1.2,7.81488224741952e+40,1.9777139520633276e+28
Konvektif (Gercek Gozlem),HD 115404 A,0.83,0.727007,1.9358563204916208,1.131474138948353e+41,2.3797129508556772e+28
Konvektif (Gercek Gozlem),Qatar-1,0.838,0.803,1.76,1.1471680905388704e+41,2.3961598516645506e+28
Konvektif (Gercek Gozlem),WASP-8,1.04,0.96,1.9,1.8374392947456003e+41,3.03255550099163e+28
Konvektif (Gercek Gozlem),K2-136,0.742,0.677,2.0,9.7314464267748e+40,2.2069421848328047e+28
Konvektif (Gercek Gozlem),Kepler-39,1.29,1.4,16.0,2.798933338656e+42,1.1835825010808772e+29
Konvektif (Gercek Gozlem),HD 101930,0.57,0.86,0.7,3.3237333396540004e+40,1.289779128388666e+28
Konvektif (Gercek Gozlem),Kepler-444,0.758,0.752,2.0,1.10426134133952e+41,2.350921849028129e+28
Konvektif (Gercek Gozlem),Kepler-76,1.2,1.32,6.5,9.97294354056e+41,7.065028827622371e+28
Konvektif (Gercek Gozlem),GJ 1214,0.182,0.2162,2.0,7.622753916304801e+39,6.176724172490384e+27
Konvektif (Gercek Gozlem),TOI-1468,0.3527,0.3714,2.0,2.5376526790229163e+40,1.126985552679095e+28
Konvektif (Gercek Gozlem),TIC 434398831,0.992,0.909,32.16,2.8089656084248004e+42,1.1857017723294949e+29
Konvektif (Gercek Gozlem),Kepler-107,1.238,1.447,3.6,6.2466403627096565e+41,5.591463697443462e+28
Konvektif (Gercek Gozlem),Kepler-1645,1.02,1.02,5.0,5.03877741822e+41,5.0218628214336255e+28
Konvektif (Gercek Gozlem),WISPIT 2,1.08,1.418,15.262635847910651,2.264041354494967e+42,1.0644969850021004e+29
Konvektif (Gercek Gozlem),K2-157,0.89,0.86,3.0,2.2241523851820006e+41,3.3364492832545395e+28
Radyatif (Gercek Gozlem),BD+20 2457,2.8,49.0,2.5,3.3223772673e+43,4.077807603523166e+29
Konvektif (Gercek Gozlem),HD 164922,0.926,0.946,2.0,1.6970199397351203e+41,2.9143769989429246e+28
Konvektif (Gercek Gozlem),TOI-6303,0.644,0.609,2.0,7.597802184991199e+40,1.9500522547593158e+28
Radyatif (Gercek Gozlem),WASP-167,1.59,1.79,49.94,1.3767450377454774e+43,2.624998248481686e+29
Konvektif (Gercek Gozlem),HD 330075,0.47,0.84,0.7,2.676886826796e+40,1.1574900416826895e+28
Konvektif (Gercek Gozlem),HIP 41378,1.22,1.3,5.6,8.602923013776e+41,6.561834556099508e+28
Konvektif (Gercek Gozlem),HD 35759,1.15,1.759974,3.5,6.861624744831537e+41,5.86024455038764e+28
Konvektif (Gercek Gozlem),LTT 3780,0.381,0.38,1.3,1.8230843002553998e+40,9.552248974625987e+27
Konvektif (Gercek Gozlem),CoRoT-28,1.01,1.78,3.0,5.224171881474e+41,5.113414359680211e+28
Konvektif (Gercek Gozlem),TOI-3919,1.208,1.319,7.73,1.1930154012735284e+42,7.727255692949511e+28
Konvektif (Gercek Gozlem),HIP 67851,1.28,5.45,3.33,2.2501192335148804e+42,1.0612190172438488e+29
Konvektif (Gercek Gozlem),TOI-5789,0.821,0.833,1.2,7.949214774806761e+40,1.9946393090924374e+28
Konvektif (Gercek Gozlem),CoRoT-22,1.099,1.136,4.0,4.837164329612159e+41,4.920369059302415e+28
Konvektif (Gercek Gozlem),TOI-2537,0.771,0.771,3.0,1.72736787039453e+41,2.940320533004771e+28
Konvektif (Gercek Gozlem),LHS 1815,0.502,0.501,0.5302710999536611,1.2917968702371334e+40,8.040802075033717e+27
Konvektif (Gercek Gozlem),HD 219077,0.92,1.91,1.46,2.4850142121823205e+41,3.526685209865077e+28
Konvektif (Gercek Gozlem),HIP 41378,1.22,1.3,5.6,8.602923013776e+41,6.561834556099508e+28
Konvektif (Gercek Gozlem),WASP-63,1.28,1.86,2.8,6.457074120806401e+41,5.684864843804497e+28
Konvektif (Gercek Gozlem),GJ 1132,0.1945,0.2211,2.0,8.330923958256902e+39,6.457268471063589e+27
Konvektif (Gercek Gozlem),HD 88133,1.26,2.2,2.2,5.907051174024001e+41,5.437354199499129e+28
Konvektif (Gercek Gozlem),HD 80869,1.06,1.062,3.7,4.03447410734004e+41,4.493613590396931e+28
Konvektif (Gercek Gozlem),TOI-1448,0.372,0.38,0.4547123472807601,6.226128936463933e+39,5.582276102882092e+27
Konvektif (Gercek Gozlem),TOI-2141,0.896,0.95,2.7,2.2261283763264e+41,3.337931045617524e+28
Konvektif (Gercek Gozlem),TOI-5350,1.167,1.263,9.01,1.286334222565793e+42,8.023782912100137e+28
Konvektif (Gercek Gozlem),HD 86728,0.967,1.237,2.4,2.7807518954320565e+41,3.7306403142509726e+28
Konvektif (Gercek Gozlem),HD 63433,0.956,0.934,7.26,6.279082882727054e+41,5.605964792512539e+28
Konvektif (Gercek Gozlem),HD 114729,0.936,1.473,2.29,3.0582212693373442e+41,3.9123410842417826e+28
Konvektif (Gercek Gozlem),Kepler-107,1.238,1.447,3.6,6.2466403627096565e+41,5.591463697443462e+28
Konvektif (Gercek Gozlem),KOI-142,0.99,0.897,1.8,1.5482994846719399e+41,2.783746876070044e+28
Konvektif (Gercek Gozlem),TOI-2095,0.44,0.44,0.5565200486140419,1.0436166369947524e+40,7.227244628117431e+27
Konvektif (Gercek Gozlem),WASP-67,0.91,0.88,2.1,1.6289141116248002e+41,2.8552974068221695e+28
Konvektif (Gercek Gozlem),Teegarden's Star,0.097,0.12,2.0,2.2549546000800004e+39,3.3594730330007804e+27
Konvektif (Gercek Gozlem),TOI-2000,1.082,1.134,2.99,3.553581908153114e+41,4.217309004092725e+28
Konvektif (Gercek Gozlem),WASP-131,1.06,1.561,2.8,4.487677362539281e+41,4.739287674361703e+28
Radyatif (Gercek Gozlem),mu2 Sco,9.1,5.6,52.0,2.5667737516512e+44,1.1334335213734297e+30
Konvektif (Gercek Gozlem),Kepler-9,1.022,0.958,2.74,2.5984944537270264e+41,3.606310822208967e+28
Konvektif (Gercek Gozlem),HD 219828,1.04,1.56,2.9,4.5573329876256e+41,4.7759265501618155e+28
Konvektif (Gercek Gozlem),OGLE-TR-113,0.779,0.774,9.0,5.25624686713854e+41,5.12908782119884e+28
Konvektif (Gercek Gozlem),HD 156279,0.94,0.95,2.51,2.1711008974473004e+41,3.2964178828077297e+28
Konvektif (Gercek Gozlem),TIC 237913194,1.026,1.088,2.18,2.3571519321901824e+41,3.4347572284179093e+28
Konvektif (Gercek Gozlem),WASP-84,0.853,0.768,2.558,1.6231760193170996e+41,2.8502638650984903e+28
Konvektif (Gercek Gozlem),TOI-776,0.542,0.547,2.2,6.31777449411108e+40,1.7782151996740696e+28
Radyatif (Gercek Gozlem),WASP-61,1.82,1.55,10.3,2.8144603671093004e+42,1.1868609111336624e+29
Konvektif (Gercek Gozlem),Kepler-165,0.746,0.77,0.2,1.1127929736924e+40,7.462931329487673e+27
Konvektif (Gercek Gozlem),HD 27894,0.81,0.891767,1.5,1.0495001417964744e+41,2.2918886234816946e+28
Konvektif (Gercek Gozlem),TOI-2093,0.745,0.729,2.0,1.0521281083131002e+41,2.29475629381717e+28
Konvektif (Gercek Gozlem),HD 45364,0.82,0.89,1.0,7.069011456779998e+40,1.880968838700461e+28
Radyatif (Gercek Gozlem),HATS-11,1.33,1.54,3.8,7.5389486448276e+41,6.142676590854986e+28
Radyatif (Gercek Gozlem),TOI-1789,1.507,2.168,7.0,2.2152635246261518e+42,1.0529674747188974e+29
Konvektif (Gercek Gozlem),V1298 Tau,1.1,1.32,24.77,3.4837537519184404e+42,1.320462228333577e+29
Konvektif (Gercek Gozlem),HATS-29,1.032,1.073,2.35,2.520589414317156e+41,3.551839331138164e+28
Konvektif (Gercek Gozlem),TOI-942,0.822,0.894,14.24,1.0136176217016596e+42,7.122612771854213e+28
Konvektif (Gercek Gozlem),HD 110067,0.798,0.788,2.5,1.5227336463066001e+41,2.760668310582431e+28
Konvektif (Gercek Gozlem),K2-61,0.97,0.995,1.6,1.4957865513864e+41,2.7361321561847316e+28
Konvektif (Gercek Gozlem),Kepler-1329,0.72,0.69,8.7,4.1865440611176e+41,4.5775183210520925e+28
Konvektif (Gercek Gozlem),WISPIT 2,1.08,1.3,13.992543443077464,1.90291153290879e+42,9.759140201006562e+28
Konvektif (Gercek Gozlem),WASP-129,1.0,0.9,2.7,2.3537541573e+41,3.4322807778265805e+28
Konvektif (Gercek Gozlem),HD 86264,1.26,1.88,12.8,2.93692726139904e+42,1.2124081673528035e+29
Radyatif (Gercek Gozlem),WASP-33,1.495,1.444,85.6,1.7899338329793652e+43,2.99309668949894e+29
Konvektif (Gercek Gozlem),eps Eri,0.82,0.759106,2.4,1.4470460254140506e+41,2.6911842374073765e+28
Konvektif (Gercek Gozlem),GJ 3929,0.313,0.32,2.0,1.9403458139520002e+40,9.854664129370555e+27
Konvektif (Gercek Gozlem),HD 66141,1.1,21.4,4.7,1.0716652364418e+43,2.3159641344548234e+29
Konvektif (Gercek Gozlem),HAT-P-23,1.13,1.203,8.1,1.066556621297349e+42,7.306244745226141e+28
Radyatif (Gercek Gozlem),WASP-120,1.393,1.68443,15.1,3.431909744812689e+42,1.3106000705597784e+29
Radyatif (Gercek Gozlem),WASP-72,2.78,2.18,6.0,3.5221460975064e+42,1.3277183001818713e+29
Konvektif (Gercek Gozlem),HD 118203,1.27,2.04,5.89,1.4781006557455322e+42,8.601105266131538e+28
Konvektif (Gercek Gozlem),KOI-4777,0.41,0.4,2.0,3.1770838007999993e+40,1.2610043744699824e+28
Konvektif (Gercek Gozlem),HATS-4,1.001,0.925,0.7,6.278106471887249e+40,1.7726238832236802e+28
Konvektif (Gercek Gozlem),TOI-2076,0.849,0.758,5.27,3.2850526737111175e+41,4.0548372437903365e+28
Konvektif (Gercek Gozlem),HD 63433,0.99,0.912,7.26,6.349236147622367e+41,5.637194222022924e+28
Konvektif (Gercek Gozlem),Kepler-705,0.53,0.51,1.2843351499758422,3.362631219701931e+40,1.2973043623064808e+28
Konvektif (Gercek Gozlem),TOI-238,0.79,0.733,1.84,1.032057075126168e+41,2.2727628179062803e+28
Konvektif (Gercek Gozlem),HD 166724,0.81,0.797485,1.42,8.884862534902782e+40,2.108762230692922e+28
Radyatif (Gercek Gozlem),HD 131496,1.34,4.44,0.48,2.766201626522881e+41,3.720867235685789e+28
Konvektif (Gercek Gozlem),HD 163607,1.12,1.76,1.49,2.8449313129036803e+41,3.7734460987243977e+28
Radyatif (Gercek Gozlem),KOI-13,1.72,1.74,65.0,1.8842819083452e+43,3.0709673365420395e+29
Konvektif (Gercek Gozlem),AU Mic,0.51,0.744,8.5,3.1240419992963997e+41,3.9542187398175536e+28
Konvektif (Gercek Gozlem),TOI-1736,1.0373,1.4286,4.0,5.741559126045945e+41,5.360646617936321e+28
Konvektif (Gercek Gozlem),TOI-5789,0.821,0.833,1.2,7.949214774806761e+40,1.9946393090924374e+28
Konvektif (Gercek Gozlem),TOI-512,0.74,0.89,1.63,1.03983434380098e+41,2.281310170735229e+28
Radyatif (Gercek Gozlem),Kepler-419,1.39,1.74,14.41,3.375847781392086e+42,1.2998513392693193e+29
Radyatif (Gercek Gozlem),Kepler-433,1.46,2.26,11.0,3.5156756951315994e+42,1.3264981888456579e+29
Konvektif (Gercek Gozlem),HD 110113,0.997,0.968,1.74,1.6265768628052942e+41,2.8532482085100547e+28
Radyatif (Gercek Gozlem),HD 99706,1.46,5.52,0.89,6.947631357619679e+41,5.89685761383266e+28
Konvektif (Gercek Gozlem),GJ 3138,0.681,0.5,0.5952086081433603,1.9630942286688092e+40,9.912263333761785e+27
Konvektif (Gercek Gozlem),Kepler-444,0.758,0.752,2.0,1.10426134133952e+41,2.350921849028129e+28
Konvektif (Gercek Gozlem),HD 20781,0.7,0.833609,1.1,6.217387654200724e+40,1.7640310747640175e+28
Konvektif (Gercek Gozlem),TOI-1338 A,1.0936,1.313,3.6,5.007034166598173e+41,5.006019482987948e+28
Radyatif (Gercek Gozlem),Kepler-1115,1.6,1.73,200.0,5.36229753696e+43,5.180571977186574e+29
Konvektif (Gercek Gozlem),Gl 410,0.55,0.543,1.9721359159265468,5.704980810955341e+40,1.6897768347414692e+28
Konvektif (Gercek Gozlem),HD 95544,1.01,1.088,3.3,3.51252185828544e+41,4.19287365429822e+28
Konvektif (Gercek Gozlem),HD 159243,1.125,1.12,3.8,4.6377674506800004e+41,4.817888469309216e+28
Konvektif (Gercek Gozlem),Kepler-33,1.291,1.82,3.4,7.738047187841878e+41,6.223259990078633e+28
Konvektif (Gercek Gozlem),K2-18,0.359,0.411,0.5386946301939971,7.698989784705829e+39,6.207534325795958e+27
Konvektif (Gercek Gozlem),WASP-92,1.19,1.341,5.73,8.856970286610537e+41,6.658016267152428e+28
Konvektif (Gercek Gozlem),tau Cet,0.783,0.83,1.3,8.183480148452701e+40,2.0238171632181815e+28
Radyatif (Gercek Gozlem),TOI-201,1.32,1.31,9.52,1.5945458138850244e+42,8.933481840360077e+28
Radyatif (Gercek Gozlem),WASP-16,1.78,1.14,3.2,6.2896960473984e+41,5.610700508598654e+28
Konvektif (Gercek Gozlem),GJ 887,0.495,0.468,2.5,5.609780741565001e+40,1.6756187122526865e+28
Konvektif (Gercek Gozlem),Kepler-1654,1.011,1.179,2.0,2.3091374396071796e+41,3.3995947468012087e+28
Konvektif (Gercek Gozlem),GJ 740,0.58,0.56,0.92,2.8944008323776005e+40,1.2035983820419726e+28
Konvektif (Gercek Gozlem),Kepler-68,1.057,1.2564,0.5,6.43172912851014e+40,1.7941804947950396e+28
Radyatif (Gercek Gozlem),TOI-1181,1.467,1.961,10.6,2.9537137129924246e+42,1.2158680815318331e+29
Radyatif (Gercek Gozlem),HD 177830,1.7,3.26,0.68,3.6503143074216e+41,4.274323499512699e+28
Konvektif (Gercek Gozlem),TOI-1853,0.837,0.808,1.3,8.51598715240728e+40,2.064523148825335e+28
Radyatif (Gercek Gozlem),HD 60532,1.5,2.57,8.0,2.98723367124e+42,1.2227477039714969e+29
Konvektif (Gercek Gozlem),HD 209458,1.23,1.19,4.4,6.2382040428708006e+41,5.587686682054642e+28
Konvektif (Gercek Gozlem),GJ 676 A,0.626,0.69,1.6,6.6941930581344e+40,1.8304226222496387e+28
Radyatif (Gercek Gozlem),WASP-78,1.87,2.46,7.1,3.163660621741621e+42,1.2583376830546743e+29
Konvektif (Gercek Gozlem),TOI-2989,0.77,0.76,2.0,1.133676487944e+41,2.3820278118057766e+28
Konvektif (Gercek Gozlem),Kepler-424,1.01,0.94,0.5,4.5980539031700005e+40,1.517012946505357e+28
Radyatif (Gercek Gozlem),TOI-163,1.4352,1.648,14.08,3.225723323403829e+42,1.2706203751867644e+29
Konvektif (Gercek Gozlem),TOI-431,0.78,0.731,2.5,1.3807238121495001e+41,2.628788616518612e+28
Konvektif (Gercek Gozlem),GJ 480,0.45,0.449,0.4516130522821341,8.83853256640198e+39,6.651082598475352e+27
Konvektif (Gercek Gozlem),gam Psc,0.99,11.2,1.67,1.7935955382945597e+42,9.47467922735061e+28
Konvektif (Gercek Gozlem),Kepler-65,1.25,1.41,10.4,1.77548616063e+42,9.42672643088271e+28
Konvektif (Gercek Gozlem),WASP-186,1.22,1.47,15.6,2.70992074933944e+42,1.1646101027215422e+29
Konvektif (Gercek Gozlem),DMPP-3 A,0.9,0.91,1.97,1.5628055843673001e+41,2.796757009753995e+28
Radyatif (Gercek Gozlem),WASP-118,1.32,1.696,9.68,2.099084699096986e+42,1.0249843620714338e+29
Konvektif (Gercek Gozlem),TOI-880,0.87,0.83,1.57,1.0981251139376701e+41,2.344380875920065e+28
Konvektif (Gercek Gozlem),TOI-1278,0.54,0.573,1.1,3.2968249896581998e+40,1.284547608065379e+28
Konvektif (Gercek Gozlem),HD 220689,1.016,1.068,2.3,2.417395020322464e+41,3.478372345765776e+28
Konvektif (Gercek Gozlem),Kepler-444,0.758,0.752,2.0,1.10426134133952e+41,2.350921849028129e+28
Konvektif (Gercek Gozlem),K2-107,1.3,1.81,4.6,1.0484182818018003e+42,7.243851701792879e+28
Konvektif (Gercek Gozlem),GJ 887,0.495,0.468,2.5,5.609780741565001e+40,1.6756187122526865e+28
Konvektif (Gercek Gozlem),TOI-1450 A,0.48,0.483,0.6981796973521617,1.5678712995247533e+40,8.858444390142713e+27
Konvektif (Gercek Gozlem),WASP-132,0.789,0.758,3.3,1.911679025562306e+41,3.0932124225313774e+28
Konvektif (Gercek Gozlem),V1298 Tau,1.1,1.32,24.77,3.4837537519184404e+42,1.320462228333577e+29
Konvektif (Gercek Gozlem),LHS 1140,0.1844,0.2159,0.08338145627742653,3.2154211305893725e+38,1.268589722952171e+27
Radyatif (Gercek Gozlem),HD 106906,1.5,2.12351,49.12,1.5155098178809026e+43,2.7541122387492017e+29
Konvektif (Gercek Gozlem),HAT-P-36,1.03,1.041,3.58,3.7181405909023745e+41,4.313851210551733e+28
Konvektif (Gercek Gozlem),HAT-P-12,0.733,0.701,0.5,2.4885525924031497e+40,1.1160294879704542e+28
Konvektif (Gercek Gozlem),HD 190647,1.069,1.376,1.83,2.6073663440059865e+41,3.6124619861849844e+28
Konvektif (Gercek Gozlem),GJ 3473,0.36,0.364,2.0,2.5385674466880004e+40,1.1271886610597278e+28
Konvektif (Gercek Gozlem),TOI-216,0.77,0.748,0.84,4.68626059805904e+40,1.5314946212129915e+28
Konvektif (Gercek Gozlem),HD 37605,0.94,0.91,1.0,8.28560208294e+40,2.0364056544459552e+28
Konvektif (Gercek Gozlem),Kepler-1455,0.62,0.6,1.656967195158918,5.970513390003246e+40,1.7286540833670467e+28
Konvektif (Gercek Gozlem),TOI-4311,0.816,0.8441,1.1,7.338910149947377e+40,1.9165406865435613e+28
Konvektif (Gercek Gozlem),EPIC 220674823,0.913,0.99,2.62,2.293834550541534e+41,3.3883112912059574e+28
Konvektif (Gercek Gozlem),TOI-1774,0.991,1.1303,2.0,2.1699623778438057e+41,3.2955534530304326e+28
Konvektif (Gercek Gozlem),TOI-2134,0.744,0.709,2.0,1.0218896320651203e+41,2.261539900830549e+28
Konvektif (Gercek Gozlem),TOI-2076,0.849,0.758,5.27,3.2850526737111175e+41,4.0548372437903365e+28
Konvektif (Gercek Gozlem),HD 5388,1.21,1.91,4.2,9.402056451988202e+41,6.859835245801502e+28
Konvektif (Gercek Gozlem),ROXs 12,0.87,1.06627,7.2,6.469545414562121e+41,5.69035211388457e+28
Radyatif (Gercek Gozlem),TOI-558,1.349,1.496,7.8,1.524730094771083e+42,8.735720780571588e+28
Konvektif (Gercek Gozlem),KOI-94,1.277,1.52,7.3,1.372499427047112e+42,8.288164152414754e+28
Konvektif (Gercek Gozlem),HD 23472,0.67,0.71,1.45,6.681223194691502e+40,1.8286485591547244e+28
Konvektif (Gercek Gozlem),K2-108,1.17,1.76,2.83,5.64468604395696e+41,5.3152311240139394e+28
Konvektif (Gercek Gozlem),TOI-1859,1.287,1.36,12.49,2.1175551019671052e+42,1.0294840398820783e+29
Konvektif (Gercek Gozlem),CoRoT-27,1.05,1.08,4.0,4.393674426960001e+41,4.689388286045132e+28
Konvektif (Gercek Gozlem),Kepler-51,1.04,0.94,5.784136194436206,5.477148674357631e+41,5.235757493268426e+28
Konvektif (Gercek Gozlem),HD 5278,1.126,1.194,4.1,5.339264066853443e+41,5.169433564487009e+28
Konvektif (Gercek Gozlem),K2-237,1.256,1.236,11.76,1.7683582723861016e+42,9.407785076166676e+28
Konvektif (Gercek Gozlem),WASP-156,0.8712,0.8268,2.0,1.3954142601951552e+41,2.6427363387845006e+28
Konvektif (Gercek Gozlem),HD 290327,0.84,0.95,1.44,1.1130641881632e+41,2.3602736774892544e+28
Konvektif (Gercek Gozlem),PDS 70,0.982,1.26,17.27,2.0698038811454003e+42,1.0178103352055094e+29
Konvektif (Gercek Gozlem),HD 2039,1.23,1.19,3.25,4.6077643498477505e+41,4.802279004063761e+28
Konvektif (Gercek Gozlem),Kepler-1336,0.94,1.3,1.4,1.6571204165880002e+41,2.8799124950107287e+28
Konvektif (Gercek Gozlem),TOI-216,0.77,0.748,0.84,4.68626059805904e+40,1.5314946212129915e+28
Konvektif (Gercek Gozlem),HD 89307,1.27,1.1,3.21,4.3436644157907006e+41,4.662623954501864e+28
Konvektif (Gercek Gozlem),TOI-2328,0.95,0.9,2.61,2.1615309011205e+41,3.2891447184003747e+28
Konvektif (Gercek Gozlem),Kepler-453,0.944,0.833,1.9,1.447189567609968e+41,2.6913177124001765e+28
Konvektif (Gercek Gozlem),HD 5319,1.27,4.06,3.31,1.653151192807842e+42,9.096169520206427e+28
Konvektif (Gercek Gozlem),HD 196067,1.16,1.71,1.45,2.7859731614442e+41,3.734141081539078e+28
Konvektif (Gercek Gozlem),HD 114386,0.6,0.76,1.0,4.416921381599999e+40,1.4868326611162946e+28
Konvektif (Gercek Gozlem),TOI-2524,1.007,1.119,2.2,2.4012482668033857e+41,3.4667361586383437e+28
Konvektif (Gercek Gozlem),HATS-2,0.904,0.876,1.5,1.15058477295216e+41,2.399725514992935e+28
Radyatif (Gercek Gozlem),HIP 67537,2.316,8.69,2.3,4.483745915060411e+42,1.4980377413819754e+29
Radyatif (Gercek Gozlem),HD 4313,1.63,5.14,1.91,1.550025764778582e+42,8.807886642437852e+28
Konvektif (Gercek Gozlem),HD 83443,1.0,0.94,1.3,1.1836574404199998e+41,2.4339702984041347e+28
Konvektif (Gercek Gozlem),WASP-106,1.175,1.47,7.0,1.1711379867232503e+42,7.65607698831546e+28
Konvektif (Gercek Gozlem),HD 93083,0.836,0.837,0.9,6.09998927405868e+40,1.7472972513897154e+28
Konvektif (Gercek Gozlem),TOI-1259 A,0.746,0.715,1.28,6.61316967222912e+40,1.8193116090558552e+28
Konvektif (Gercek Gozlem),HD 133131 A,0.95,0.955014,4.0,3.515184796939452e+41,4.1944627191333405e+28
Konvektif (Gercek Gozlem),HD 214823,1.115,2.04,5.7,1.25584117182342e+42,7.928109074973406e+28
Konvektif (Gercek Gozlem),K2-181,0.96,1.06,2.1,2.0699088411456003e+41,3.218680492039842e+28
Konvektif (Gercek Gozlem),HD 88986,1.25,1.543,3.3,6.165165017261251e+41,5.554879095720656e+28
Konvektif (Gercek Gozlem),HD 215152,0.77,0.73,3.35,1.82395121793885e+41,3.0214044705515543e+28
Konvektif (Gercek Gozlem),HD 219134,0.81,0.778,0.4,2.4416276458392e+40,1.1054573075331215e+28
Konvektif (Gercek Gozlem),WASP-123,1.166,1.285,1.0,1.4512976919441001e+41,2.6951349153488463e+28
Konvektif (Gercek Gozlem),TOI-824,0.71,0.695,2.165,1.0347987144078674e+41,2.275779590554437e+28
Konvektif (Gercek Gozlem),TOI-2202,0.823,0.794,1.7,1.076029271001594e+41,2.3206748774644985e+28
Konvektif (Gercek Gozlem),Kepler-411,0.87,0.82,3.989042306499251,2.7564909681589087e+41,3.7143305038575162e+28
Konvektif (Gercek Gozlem),TOI-791,1.28,1.474,44.58,8.147086808494236e+42,2.0193120178101227e+29
Radyatif (Gercek Gozlem),HD 360,1.69,10.86,1.86,3.306620093995764e+42,1.2864544344864655e+29
Konvektif (Gercek Gozlem),GJ 273,0.29,0.293,0.14973404430111503,1.232369665575511e+39,2.483549142703195e+27
Radyatif (Gercek Gozlem),TOI-813,1.32,1.94,8.2,2.0339690492721604e+42,1.008961112810223e+29
Radyatif (Gercek Gozlem),HAT-P-41,2.56,2.05,19.6,9.9633347993088e+42,2.2330817391461756e+29
Konvektif (Gercek Gozlem),TOI-1227,0.17,0.56,16.65,1.5353451191988005e+41,2.772076839844091e+28
Konvektif (Gercek Gozlem),HD 185283,0.8,0.743303,0.9,5.183859337432776e+40,1.6107526790011237e+28
Konvektif (Gercek Gozlem),HD 41004 A,0.95,0.85,2.0,1.56432632265e+41,2.7981174161075378e+28
Konvektif (Gercek Gozlem),CoRoT-14,1.13,1.21,9.0,1.1919585404727e+42,7.723832248841455e+28
Konvektif (Gercek Gozlem),HD 9446,1.0,1.0,4.0,3.87449244e+41,4.40361829113901e+28
Konvektif (Gercek Gozlem),HD 65216,0.874,0.88,1.0,7.449874063632e+40,1.93097532286498e+28
Radyatif (Gercek Gozlem),HIP 90988,1.613,3.94,3.47,2.1360670975135674e+42,1.0339742024867892e+29
Konvektif (Gercek Gozlem),47 UMa,1.06,1.21334,2.8,3.488198879605004e+41,4.178331347664507e+28
Radyatif (Gercek Gozlem),HAT-P-31,1.31,1.39,0.5,8.818829104995e+40,2.100911321517017e+28
Konvektif (Gercek Gozlem),HD 11964,0.91,2.00971,2.74,4.853780975762623e+41,4.928813049496806e+28
Konvektif (Gercek Gozlem),TOI-238,0.781,0.756,2.3,1.315392895524708e+41,2.5658425566759134e+28
Konvektif (Gercek Gozlem),HD 215497,0.67,0.85,1.67,9.212235381121502e+40,2.147260677928912e+28
Konvektif (Gercek Gozlem),Kepler-1817,0.878,0.915,6.6,5.135874136012621e+41,5.07001733289137e+28
Konvektif (Gercek Gozlem),HD 220197,0.91,0.98,1.5,1.2957271342470003e+41,2.5465900321855947e+28
Konvektif (Gercek Gozlem),HD 154345,0.89,0.85,1.2,8.79316059258e+40,2.097851586163227e+28
Konvektif (Gercek Gozlem),Teegarden's Star,0.097,0.12,2.0,2.2549546000800004e+39,3.3594730330007804e+27
Konvektif (Gercek Gozlem),K2-19,0.88,0.82,3.0,2.096875308528e+41,3.239578894556213e+28
Konvektif (Gercek Gozlem),HD 30177,0.98,1.019,2.8,2.7084019483029596e+41,3.6817883299860706e+28
Konvektif (Gercek Gozlem),K2-111,0.84,1.25,1.1,1.11875969205e+41,2.366304684124195e+28
Radyatif (Gercek Gozlem),HAT-P-67,1.73,2.62,35.8,1.571756436802188e+43,2.8047546831842144e+29
Konvektif (Gercek Gozlem),TOI-2373,1.041,1.102,2.7,3.000204890755255e+41,3.8750536117930737e+28
Konvektif (Gercek Gozlem),TRAPPIST-1,0.0898,0.1192,2.04,2.1151325368240708e+39,3.253651630561177e+27
Konvektif (Gercek Gozlem),Kepler-784,1.0,1.32,4.8,6.137196024960001e+41,5.542264593252619e+28
Konvektif (Gercek Gozlem),TOI-1246,0.8889,0.8649,1.0,7.4468675543608715e+40,1.9305856464085073e+28
Konvektif (Gercek Gozlem),K2-157,0.89,0.86,3.0,2.2241523851820006e+41,3.3364492832545395e+28
Konvektif (Gercek Gozlem),Kepler-20,0.929,0.9164,0.4,3.2984933461028643e+40,1.2848725892562478e+28
Konvektif (Gercek Gozlem),CoRoT-32,1.08,0.79,3.2,2.6445735598464003e+41,3.6381456682127414e+28
Konvektif (Gercek Gozlem),K2-32,0.83,0.86,0.7,4.839822231425999e+40,1.5563847368700842e+28
Konvektif (Gercek Gozlem),K2-25,0.2634,0.2932,8.8,6.58289965761268e+40,1.8151431275190724e+28
Konvektif (Gercek Gozlem),K2-339,0.74,0.72,3.2728451768529783,1.6890577708149761e+41,2.907532045682653e+28
Konvektif (Gercek Gozlem),HD 141399,1.07,1.387236,2.9,4.169528557280148e+41,4.568206573448538e+28
Konvektif (Gercek Gozlem),HD 7924,0.832,0.7821,1.35,8.508915428805793e+40,2.063665774982405e+28
Konvektif (Gercek Gozlem),TOI-2449,1.079,1.065,5.3,5.899317202802205e+41,5.433793529950983e+28
Konvektif (Gercek Gozlem),K2-229,0.87,0.79,2.46,1.63770727221738e+41,2.862993729329682e+28
Konvektif (Gercek Gozlem),tau Cet,0.783,0.83,1.3,8.183480148452701e+40,2.0238171632181815e+28
Konvektif (Gercek Gozlem),HD 3167,0.864,0.871,2.41,1.7567249383573344e+41,2.9652010233533185e+28
Radyatif (Gercek Gozlem),HIP 63242,1.54,10.275655,3.7,5.671354387549941e+42,1.684789514890348e+29
Konvektif (Gercek Gozlem),TOI-1203,0.886,1.179,1.4,1.416545044554276e+41,2.66267065890793e+28
Radyatif (Gercek Gozlem),HD 112640,1.8,39.0,3.6,2.4479043235920004e+43,3.500253332453431e+29
Konvektif (Gercek Gozlem),Kepler-1647,1.2207,1.7903,8.4,1.7781519435489122e+42,9.433800600564801e+28
Konvektif (Gercek Gozlem),HD 181234,0.94,1.059423,2.105,2.030505534028364e+41,3.1878974827466334e+28
Radyatif (Gercek Gozlem),HD 47366,1.81,7.3,4.3,5.5033193755449005e+42,1.6596427633302066e+29
Konvektif (Gercek Gozlem),K2-245,0.83,1.25,4.62,4.642852722007499e+41,4.820529131863912e+28
Radyatif (Gercek Gozlem),Kepler-91,1.31,6.3,6.8,5.435951638244401e+42,1.6494533990500725e+29
Konvektif (Gercek Gozlem),K2-290,1.194,1.511,6.5,1.1358918258588807e+42,7.539989571324334e+28
Konvektif (Gercek Gozlem),UCAC3 113-933,0.61,0.564484,11.22,3.742218617196668e+41,4.327796541993654e+28
Konvektif (Gercek Gozlem),HD 176986,0.789,0.782,1.1,6.57402373786158e+40,1.8139190089697754e+28
Konvektif (Gercek Gozlem),TRAPPIST-1,0.0898,0.1192,2.04,2.1151325368240708e+39,3.253651630561177e+27
Radyatif (Gercek Gozlem),TOI-4458,1.47,1.96,8.0,2.2326375236256e+42,1.0570885478571844e+29
Konvektif (Gercek Gozlem),HD 238090,0.578,0.57,2.0,6.382451396411999e+40,1.787294077180452e+28
Konvektif (Gercek Gozlem),TOI-1420,0.987,0.923,2.0,1.76483324366622e+41,2.9720362073078195e+28
Konvektif (Gercek Gozlem),Kepler-37,0.79,0.789,1.1,6.6412771776351e+40,1.8231737578653656e+28
Radyatif (Gercek Gozlem),kap And,2.768,2.109,142.2,8.040759794373981e+43,6.343819276656988e+29
Konvektif (Gercek Gozlem),WASP-132,0.789,0.758,3.3,1.911679025562306e+41,3.0932124225313774e+28
Radyatif (Gercek Gozlem),TIC 147027702,1.406,2.136,8.8,2.5599062912911484e+42,1.1319162424957068e+29
Konvektif (Gercek Gozlem),K2-156,0.66,0.62,1.8,7.134490379016001e+40,1.8896602883887659e+28
Radyatif (Gercek Gozlem),HATS-56,1.573,2.201,6.49,2.1764479653231015e+42,1.0437017274861186e+29
Konvektif (Gercek Gozlem),HAT-P-43,1.03,1.08,2.4,2.5859912341536e+41,3.5976240867880895e+28
Radyatif (Gercek Gozlem),NGTS-38,1.46,1.88,12.0,3.1904120547935996e+42,1.2636466397798979e+29
Konvektif (Gercek Gozlem),HAT-P-42,1.178,1.53,3.5,6.1102586162709e+41,5.530088150862589e+28
Konvektif (Gercek Gozlem),TOI-6324,0.269,0.293,2.0,1.5268793532174e+40,8.741875545265954e+27
Konvektif (Gercek Gozlem),TOI-172,1.128,1.777,5.1,9.901968263348614e+41,7.039843799223142e+28
Radyatif (Gercek Gozlem),HD 2952,1.91,10.9,1.92,3.8718267892012803e+42,1.3920672562223733e+29
Radyatif (Gercek Gozlem),TOI-375,1.441,2.9,2.97,1.202190396970563e+42,7.756912371431445e+28
Konvektif (Gercek Gozlem),Kepler-560,0.34,0.33,0.3308024858018874,3.5951453036952003e+39,4.2419005455944765e+27
Radyatif (Gercek Gozlem),PZ Tel,1.36,1.25646,73.0,1.2082735322025077e+43,2.4591492586031915e+29
Konvektif (Gercek Gozlem),HD 164604,0.77,0.78,2.0,1.163510079732e+41,2.4131667518910566e+28
Konvektif (Gercek Gozlem),HD 69830,0.86,0.886947,1.1,8.127250240217308e+40,2.0168522040351832e+28
Konvektif (Gercek Gozlem),HD 82943,1.08,1.1826,1.7,2.1031264146306964e+41,3.2444041411921647e+28
Konvektif (Gercek Gozlem),HATS-38,0.89,1.105,3.1,2.9530364323414507e+41,3.844471631294876e+28
Konvektif (Gercek Gozlem),K2-36,0.79,0.718,2.7,1.4834404812263398e+41,2.724816880666454e+28
Radyatif (Gercek Gozlem),HD 147873,1.38,2.29,5.9,1.80601522381098e+42,9.507426168153603e+28
Konvektif (Gercek Gozlem),TOI-1836,1.2518,1.6454,6.3,1.256903154315805e+42,7.93146050747098e+28
Konvektif (Gercek Gozlem),Kepler-1336,0.94,1.3,1.4,1.6571204165880002e+41,2.8799124950107287e+28
Konvektif (Gercek Gozlem),Kepler-1656,1.03,1.1,2.8,3.0728599541640004e+41,3.9216934416486805e+28
Konvektif (Gercek Gozlem),POTS-1,0.695,0.588,5.3,2.0979388567027797e+41,3.240400357670621e+28
Konvektif (Gercek Gozlem),Kepler-68,1.057,1.2564,0.5,6.43172912851014e+40,1.7941804947950396e+28
Konvektif (Gercek Gozlem),TOI-1774,0.991,1.1303,2.0,2.1699623778438057e+41,3.2955534530304326e+28
Konvektif (Gercek Gozlem),Kepler-77,0.95,0.99,1.5,1.3664850524324998e+41,2.6151987547200285e+28
Konvektif (Gercek Gozlem),K2-265,0.901,0.92,1.8,1.4452399230141601e+41,2.6895042383530314e+28
Konvektif (Gercek Gozlem),Kepler-1907,0.752,0.8,4.1,2.3891670182015998e+41,3.458004176384391e+28
Konvektif (Gercek Gozlem),HD 219828,1.04,1.56,2.9,4.5573329876256e+41,4.7759265501618155e+28
Konvektif (Gercek Gozlem),K2-85,0.7,0.71,3.0,1.4442170570100002e+41,2.688552323955896e+28
Konvektif (Gercek Gozlem),TOI-2076,0.849,0.758,5.27,3.2850526737111175e+41,4.0548372437903365e+28
Konvektif (Gercek Gozlem),K2-3,0.549,0.546,0.6785465857021212,1.970150862843869e+40,9.930062904709361e+27
Konvektif (Gercek Gozlem),TOI-3664,0.98,1.11,2.4,2.5288037257392006e+41,3.557622141824508e+28
Konvektif (Gercek Gozlem),HD 135625,1.28,1.35743,4.5,7.57346727287405e+41,6.156723284830676e+28
Konvektif (Gercek Gozlem),K2-419 A,0.562,0.541,2.0,5.890042152212401e+40,1.7169650681220488e+28
Konvektif (Gercek Gozlem),HD 126105,1.2,4.21,2.9,1.4191103459988e+42,8.427724713336558e+28
Konvektif (Gercek Gozlem),HD 52265,1.204,1.32,5.2,8.00494934855616e+41,6.329677049766057e+28
Konvektif (Gercek Gozlem),TOI-451,0.93,0.85,8.7,6.661560145558501e+41,5.774178891380329e+28
Konvektif (Gercek Gozlem),Kepler-974,0.52,0.5,0.7332279955389222,1.84657611158274e+40,9.613595935233753e+27
Konvektif (Gercek Gozlem),TOI-5205,0.392,0.394,2.0,2.9920380418656004e+40,1.2237305820605572e+28
Konvektif (Gercek Gozlem),TOI-1670,1.21,1.316,9.2,1.4190049598044323e+42,8.427411777021524e+28
Konvektif (Gercek Gozlem),TOI-2338,0.99,1.05,2.5,2.5172093071125e+41,3.5494570261862933e+28
Konvektif (Gercek Gozlem),Qatar-3,1.145,1.272,10.2,1.438956271174968e+42,8.486449987606158e+28
Konvektif (Gercek Gozlem),GJ 849,0.45,0.45,1.0,1.9614617977500004e+40,9.908141155062774e+27
Konvektif (Gercek Gozlem),HD 153557,0.79,0.745171,2.0,1.1404279653728599e+41,2.3891102265359877e+28
Konvektif (Gercek Gozlem),HD 128356,0.65,0.85,1.3,6.957135487575002e+40,1.866025132087208e+28
Konvektif (Gercek Gozlem),HD 219134,0.81,0.778,0.4,2.4416276458392e+40,1.1054573075331215e+28
Konvektif (Gercek Gozlem),HD 20794,0.813,0.93,3.0,2.1970987417197e+41,3.3160956257016016e+28
Radyatif (Gercek Gozlem),Kepler-40,1.48,2.13,9.0,2.7481387427676e+42,1.172793594883601e+29
Radyatif (Gercek Gozlem),TOI-6651,1.323,1.721,4.88,1.0762554483722714e+42,7.339389556200927e+28
Konvektif (Gercek Gozlem),TOI-908,0.95,1.028,2.56,2.42165076281856e+41,3.481432778078744e+28
Radyatif (Gercek Gozlem),WASP-90,1.55,1.98,6.0,1.7836225947540002e+42,9.448301441943829e+28
Konvektif (Gercek Gozlem),GJ 96,0.6,0.580612,0.9923901058534891,3.348686644824047e+40,1.2946116567348593e+28
Konvektif (Gercek Gozlem),K2-138,0.935,0.863,2.7,2.1102844425512856e+41,3.249920644716326e+28
Konvektif (Gercek Gozlem),HD 191939,0.81,0.94,2.0,1.475019271908e+41,2.7170717396451603e+28
Konvektif (Gercek Gozlem),HD 12661,1.02,1.11,1.3,1.4256776106846002e+41,2.6712400822464463e+28
Konvektif (Gercek Gozlem),KOI-351,1.242,1.185,4.6,6.5577159991816195e+41,5.7289965436632445e+28
Konvektif (Gercek Gozlem),TOI-2578,1.27,1.64,8.0,1.6139585708064002e+42,8.987697549849325e+28
Konvektif (Gercek Gozlem),HD 80653,1.18,1.22,3.1571934866734765,4.4024847742345316e+41,4.694087592866387e+28
Konvektif (Gercek Gozlem),CoRoT-30,0.98,0.91,4.3,3.7144177848414e+41,4.311691037610512e+28
Konvektif (Gercek Gozlem),WASP-98,0.809,0.741,0.99,5.748529318573041e+40,1.6962139608809993e+28
Konvektif (Gercek Gozlem),Kepler-10,0.91,1.065,2.04,1.9150318175952606e+41,3.0959237445079473e+28
Konvektif (Gercek Gozlem),GJ 3634,0.45,0.43,1.0,1.8742857178500002e+40,9.685457861479059e+27
Konvektif (Gercek Gozlem),HD 73526,1.14,1.53,1.69,2.85520840410078e+41,3.7802555935884487e+28
Konvektif (Gercek Gozlem),Kepler-102,0.803,0.724,0.5,2.8156517735346005e+40,1.1871120932284318e+28
Konvektif (Gercek Gozlem),WASP-47,1.058,1.156,1.8,2.1324106033907042e+41,3.2669137948063793e+28
Radyatif (Gercek Gozlem),HIP 74890,1.74,5.77,2.2,2.1394521059511596e+42,1.0347931434955516e+29
Konvektif (Gercek Gozlem),GJ 15 A,0.38,0.38,1.09,1.5245740302155998e+40,8.73527369446987e+27
Radyatif (Gercek Gozlem),HD 102329,3.21,9.82,2.6,7.93861416349092e+42,1.9933088978147786e+29
Konvektif (Gercek Gozlem),TOI-1194,0.9835,0.9608,2.4,2.1967135396813152e+41,3.3158049189702403e+28
Konvektif (Gercek Gozlem),Barnard's star,0.162,0.185,0.0659130659370024,1.913432219958504e+38,9.786080848649346e+26
Konvektif (Gercek Gozlem),HD 20794,0.79,0.93,3.0,2.134942196751e+41,3.2688524561587563e+28
Konvektif (Gercek Gozlem),TOI-837,1.142,1.052,16.8,1.954996354725523e+42,9.891797885201548e+28
Konvektif (Gercek Gozlem),HD 74698,1.039,1.333,2.2,2.951366913549054e+41,3.8433847288450304e+28
Konvektif (Gercek Gozlem),HD 160691,1.13,1.33,3.1,4.512805383258901e+41,4.7525375884704295e+28
Konvektif (Gercek Gozlem),Gliese 12,0.255,0.265,2.0,1.309094133165e+40,8.09445655279804e+27
Radyatif (Gercek Gozlem),TOI-6130,1.31,1.51,8.4,1.60946803406844e+42,8.975185550119902e+28
Konvektif (Gercek Gozlem),rho CrB,1.0,1.3617,0.8,1.0551792711096e+41,2.298081272079184e+28
Konvektif (Gercek Gozlem),GJ 581,0.295,0.302,2.0,1.725892657398e+40,9.294138684342072e+27
Konvektif (Gercek Gozlem),NGTS-30,0.94,0.913,3.5,2.9095210391247003e+41,3.816040796818934e+28
Konvektif (Gercek Gozlem),CoRoT-16,1.098,1.19,1.0,1.2656223279882004e+41,2.5168325502557832e+28
Konvektif (Gercek Gozlem),TOI-1533,0.88,0.849,2.5,1.809194244858e+41,3.0091570664457744e+28
Radyatif (Gercek Gozlem),HD 31253,1.7,1.75,3.8,1.0950284258549999e+42,7.4031228221791825e+28
Radyatif (Gercek Gozlem),HD 208527,1.6,51.1,3.6,2.8510065170496e+43,3.777472949887945e+29
Konvektif (Gercek Gozlem),HD 153557,0.79,0.745171,2.0,1.1404279653728599e+41,2.3891102265359877e+28
Konvektif (Gercek Gozlem),HD 70642,1.078,0.984,2.4,2.4659253628289284e+41,3.513113830055549e+28
Konvektif (Gercek Gozlem),GJ 3998,0.52,0.5,0.93,2.34213067998e+40,1.0826992091839576e+28
Konvektif (Gercek Gozlem),HD 39194,0.86,0.783742,2.0,1.3057390551815062e+41,2.556409690643099e+28
Konvektif (Gercek Gozlem),K2-189,0.85,0.879,1.9,1.37504283760935e+41,2.6233749797409977e+28
Konvektif (Gercek Gozlem),HD 219134,0.794,0.77,0.4,2.3687871879672005e+40,1.088843043398247e+28
Konvektif (Gercek Gozlem),TOI-470,0.87,0.831,2.2999212273635807,1.6106013712932804e+41,2.8392019872476124e+28
Konvektif (Gercek Gozlem),WASP-193,1.018,1.213,5.11,6.112013509504212e+41,5.530882226709115e+28
Konvektif (Gercek Gozlem),HD 20782,1.04,1.12681,1.7,1.929691037231849e+41,3.1077505207880997e+28
Konvektif (Gercek Gozlem),Kepler-410 A,1.214,1.352,12.9,2.0508784191382034e+42,1.013146423398092e+29
Konvektif (Gercek Gozlem),Kepler-25,1.165,1.316,9.34,1.3870225357642837e+42,8.33189938342691e+28
Konvektif (Gercek Gozlem),HD 16417,1.2,1.639984,2.1,4.003086534124205e+41,4.476099656928986e+28
Konvektif (Gercek Gozlem),K2-16,0.67,0.544,2.0,7.060875022656001e+40,1.8798860292078377e+28
Konvektif (Gercek Gozlem),Kepler-103,1.212,1.492,3.1,5.429851637346864e+41,5.213102207069766e+28
Konvektif (Gercek Gozlem),GJ 1002,0.12,0.137,0.055009557474836754,8.75981210858042e+37,6.621397393779387e+26
Konvektif (Gercek Gozlem),TOI-1338 A,1.0936,1.313,3.6,5.007034166598173e+41,5.006019482987948e+28
Konvektif (Gercek Gozlem),TOI-1235,0.63,0.619,2.0,7.554679084134001e+40,1.94451039152012e+28
Konvektif (Gercek Gozlem),TOI-663,0.514,0.512,0.8634492875466347,2.2010238166762633e+40,1.0495777826631009e+28
Konvektif (Gercek Gozlem),HD 207897,0.8208,0.7827,2.0,1.2445647715361953e+41,2.495807065979173e+28
Konvektif (Gercek Gozlem),Kepler-1667,1.09,1.08751,4.1,4.7075879257334116e+41,4.854019069780922e+28
Konvektif (Gercek Gozlem),TOI-2267 A,0.171,0.2075,17.6,6.0489738321012e+40,1.739975410884039e+28
Konvektif (Gercek Gozlem),TOI-2000,1.082,1.134,2.99,3.553581908153114e+41,4.217309004092725e+28
Radyatif (Gercek Gozlem),TOI-1333,1.464,1.925,14.2,3.8762785810148396e+42,1.3928673195524751e+29
Konvektif (Gercek Gozlem),HD 75898,1.295,1.55,4.2,8.165928697699502e+41,6.393005083878786e+28
Konvektif (Gercek Gozlem),BD-210397,0.69,0.747,3.2,1.5976237106793598e+41,2.827740205192985e+28
Konvektif (Gercek Gozlem),K2-24,1.07,1.16,2.0,2.4045100082640003e+41,3.4690898843855206e+28
Radyatif (Gercek Gozlem),HD 1397,1.324,2.336,2.0,5.9916390929740805e+41,5.476146788437917e+28
Konvektif (Gercek Gozlem),HD 42618,1.015,0.999,2.0,1.9643386083867002e+41,3.1355262024897832e+28
Konvektif (Gercek Gozlem),GJ 338 B,0.64,0.58,2.3,8.269716663936002e+40,2.0344525871342634e+28
Konvektif (Gercek Gozlem),GJ 1132,0.198,0.226,2.0,8.668789385256001e+39,6.586906273854254e+27
Radyatif (Gercek Gozlem),TOI-4582,1.34,2.5,2.7,8.761196029950001e+41,6.621920414783746e+28
Konvektif (Gercek Gozlem),NGTS-21,0.72,0.86,2.432070947751796,1.4586866694941137e+41,2.701987061692213e+28
Radyatif (Gercek Gozlem),KELT-9,2.32,2.418,111.8,6.074924872504925e+43,5.514075570022281e+29
Radyatif (Gercek Gozlem),WASP-11,1.42,0.89,1.04,1.27311172187472e+41,2.524268317733579e+28
Konvektif (Gercek Gozlem),PH2,0.966,0.949,1.43,1.2697967255155183e+41,2.520979763215908e+28
Konvektif (Gercek Gozlem),Kepler-406,1.07,1.07,0.4,4.435906394556e+40,1.4900246208196187e+28
Radyatif (Gercek Gozlem),HD 82886,2.53,5.26,0.43,5.5428043280009395e+41,5.267045035255357e+28
Konvektif (Gercek Gozlem),CoRoT-11,1.27,1.37,40.0,6.741229396356002e+42,1.8368420418927878e+29
Radyatif (Gercek Gozlem),HD 154857,1.96,2.3,1.4,6.113174171831999e+41,5.5314073549582735e+28
Konvektif (Gercek Gozlem),TOI-5349,0.61,0.58,2.0,6.853977126360001e+40,1.852139028842641e+28
Radyatif (Gercek Gozlem),Kepler-14,1.512,2.048,7.9,2.3695379096223746e+42,1.0890155690902257e+29
Radyatif (Gercek Gozlem),KOI-12,1.5,1.4,60.0,1.2204651185999999e+43,2.4715246361359675e+29
Radyatif (Gercek Gozlem),BD+49 828,1.52,7.6,1.7,1.9022208083424e+42,9.757368839179124e+28
Konvektif (Gercek Gozlem),TOI-1117,0.97,1.05,1.32,1.3022362815462002e+41,2.5529784775508466e+28
Konvektif (Gercek Gozlem),Kepler-106,1.0,1.04,0.3,3.0221041032e+40,1.2298636575719344e+28
Konvektif (Gercek Gozlem),TOI-4406,1.19,1.29,4.5,6.691200012724501e+41,5.7870104158516664e+28
Konvektif (Gercek Gozlem),HD 108147,1.22,1.20664,5.3,7.557327532186287e+41,6.150159520130717e+28
Konvektif (Gercek Gozlem),TOI-2322,0.703,0.662,1.5738904314016395,7.094840492402893e+40,1.8844020848584478e+28
Konvektif (Gercek Gozlem),CoRoT-6,1.05,1.025,7.6,7.922852728245e+41,6.2971356630442526e+28
Konvektif (Gercek Gozlem),TOI-2345,0.727,0.729,2.3,1.1807136979263989e+41,2.430941786139601e+28
Konvektif (Gercek Gozlem),HD 145377,1.2,1.05,5.0,6.102325593e+41,5.526497094465457e+28
Konvektif (Gercek Gozlem),HD 40307,0.77,0.716684,1.0,5.345314474247747e+40,1.635644389741721e+28
Konvektif (Gercek Gozlem),Kepler-9,1.07,1.02,1.9,2.0085949982826002e+41,3.1706510403121364e+28
Konvektif (Gercek Gozlem),DMPP-6,1.079,1.27,2.4,3.1855999351831197e+41,3.992986804327699e+28
Konvektif (Gercek Gozlem),TOI-7510,1.063,1.035,3.2,3.41018876396016e+41,4.1313450390438745e+28
Konvektif (Gercek Gozlem),HD 83443,1.0,0.94,1.3,1.1836574404199998e+41,2.4339702984041347e+28
Konvektif (Gercek Gozlem),Pr0211,0.935,0.827,5.1,3.819813181128946e+41,4.372434572378924e+28
Radyatif (Gercek Gozlem),Kepler-7,1.359,1.966,4.2,1.0869437936949229e+42,7.375743438869207e+28
Konvektif (Gercek Gozlem),K2-146,0.331,0.33,2.0,2.116054046106e+40,1.0291190937700856e+28
Radyatif (Gercek Gozlem),HIP 114933,1.39,5.27,3.3,2.3415001063353896e+42,1.0825534514022102e+29
Radyatif (Gercek Gozlem),11 Com,2.09,13.76,1.2,3.34272610159488e+42,1.2934589621956795e+29
Radyatif (Gercek Gozlem),HD 224693,1.31,1.93,3.5,8.571394331545501e+41,6.5497993503050736e+28
Radyatif (Gercek Gozlem),HD 202772 A,1.721,2.554,4.75,2.0223215016678765e+42,1.0060680512558263e+29
Konvektif (Gercek Gozlem),WASP-130,1.04,0.96,0.5,4.83536656512e+40,1.5556681477570805e+28
Konvektif (Gercek Gozlem),HD 162020,0.42,0.75,1.9,5.79720931335e+40,1.703380803824511e+28
Konvektif (Gercek Gozlem),WASP-157,1.06,1.1,1.0,1.1294145462600003e+41,2.377546099817364e+28
Konvektif (Gercek Gozlem),Kepler-188,1.021,1.141,6.3,7.108971325146872e+41,5.964933952928327e+28
Konvektif (Gercek Gozlem),HD 136352,0.87,1.058,1.0,8.915788278306e+40,2.1124290510331107e+28
Konvektif (Gercek Gozlem),HD 156279,0.94,0.95,2.51,2.1711008974473004e+41,3.2964178828077297e+28
Konvektif (Gercek Gozlem),K2-263,0.88,0.85,2.0,1.4490601725600002e+41,2.693056519313365e+28
Radyatif (Gercek Gozlem),Kepler-462,1.59,1.57,80.0,1.9343790955944e+43,3.1115232692408115e+29
Konvektif (Gercek Gozlem),47 UMa,1.06,1.21334,2.8,3.488198879605004e+41,4.178331347664507e+28
Konvektif (Gercek Gozlem),TOI-5624,0.858,0.82,2.0,1.3629689505432e+41,2.6118320043860276e+28
Konvektif (Gercek Gozlem),GJ 9066,0.15,0.164,2.0,4.7656257012e+39,4.8838489418169444e+27
Radyatif (Gercek Gozlem),gam Lib,1.78,12.38,1.55,3.3084697766866205e+42,1.2868141975912577e+29
Konvektif (Gercek Gozlem),TrES-5,0.901,0.868,3.8,2.8786107258876246e+41,3.795716149889063e+28
Konvektif (Gercek Gozlem),HD 204313,1.03,1.1,2.4,2.6338799607120004e+41,3.630782613424542e+28
Konvektif (Gercek Gozlem),Kepler-18,0.972,1.108,4.0,4.17273537006144e+41,4.569962955180153e+28
Konvektif (Gercek Gozlem),TOI-561,0.806,0.843,2.0,1.31627744214876e+41,2.5667051225120753e+28
Konvektif (Gercek Gozlem),LTT 1445 A,0.257,0.265,3.4,2.2429146148227e+40,1.0595187054972879e+28
Konvektif (Gercek Gozlem),WASP-119,1.02,1.2,0.7,8.299162806480001e+40,2.03807142622097e+28
Konvektif (Gercek Gozlem),WTS-1,1.2,1.15,7.0,9.356899242599999e+41,6.843341840105646e+28
Konvektif (Gercek Gozlem),K2-155,0.65,0.58,0.8432121948697605,3.0791656660642193e+40,1.2414201371772163e+28
Konvektif (Gercek Gozlem),K2-264,0.496,0.473,1.0779442383064775,2.4495930391442343e+40,1.107259022141717e+28
Konvektif (Gercek Gozlem),Kepler-8,1.213,1.486,10.5,1.8332586205405288e+42,9.578866619425242e+28
Radyatif (Gercek Gozlem),HD 221420,1.351,1.947,0.71,1.8089829590990156e+41,3.0089813499354457e+28
Konvektif (Gercek Gozlem),HD 109833,1.08,1.0,10.5,1.0984186067400002e+42,7.414573908407903e+28
Konvektif (Gercek Gozlem),HD 117207,1.053,1.074,1.05,1.150209044047791e+41,2.3993336621364725e+28
Konvektif (Gercek Gozlem),TOI-700,0.415,0.421,0.39443592671129907,6.67515699247977e+39,5.780068698255705e+27
Konvektif (Gercek Gozlem),HATS-51,1.187,1.44,3.98,6.589479475653984e+41,5.742854495460071e+28
Konvektif (Gercek Gozlem),K2-246,0.87,0.94,2.9,2.2972059401381998e+41,3.3908003816088787e+28
Konvektif (Gercek Gozlem),HAT-P-15,1.0,1.07,1.53,1.5857328933810002e+41,2.8171973782418893e+28
Konvektif (Gercek Gozlem),K2-238,1.19,1.59,3.78,6.9277261527091804e+41,5.888404203824115e+28
Konvektif (Gercek Gozlem),Kepler-42,0.13,0.17,3.3,7.064168341230001e+39,5.946107794520215e+27
Konvektif (Gercek Gozlem),HD 96700,0.89,1.16,1.6,1.6000103980224003e+41,2.82985159507741e+28
Konvektif (Gercek Gozlem),Kepler-725,0.95,0.88,2.550066091363959,2.0649642646304117e+41,3.214833818353865e+28
Konvektif (Gercek Gozlem),CoRoT-5,1.0,1.186,1.0,1.14878700846e+41,2.3978500217959893e+28
Konvektif (Gercek Gozlem),CoRoT-29,0.97,0.9,3.5,2.959627912605e+41,3.848759867222238e+28
Konvektif (Gercek Gozlem),BD+48 738,0.74,11.0,1.0,7.884592115399999e+41,6.281912368061178e+28
Konvektif (Gercek Gozlem),TOI-757,0.8,0.78,2.4,1.4506099695360002e+41,2.694496271631831e+28
Konvektif (Gercek Gozlem),TOI-1453,0.715,0.72,2.0,9.972943540560001e+40,2.234158283003582e+28
Konvektif (Gercek Gozlem),Kepler-395,0.622827,0.556,1.4121264468300807,4.736642812789288e+40,1.53970519856664e+28
Radyatif (Gercek Gozlem),BD+20 2457,2.8,49.0,2.5,3.3223772673e+43,4.077807603523166e+29
Konvektif (Gercek Gozlem),TOI-451,0.93,0.85,8.7,6.661560145558501e+41,5.774178891380329e+28
Konvektif (Gercek Gozlem),WASP-181,1.04,0.965,3.3,3.2079635055468e+41,4.00697808842713e+28
Konvektif (Gercek Gozlem),HD 38801,1.207,2.029,1.87,4.4359408872249465e+41,4.711889890740996e+28
Konvektif (Gercek Gozlem),55 Cnc,0.905,0.943,1.23,1.0167641144473997e+41,2.2558611397244106e+28
Konvektif (Gercek Gozlem),Kepler-129,1.178,1.653,2.13,4.017469366842585e+41,4.484133616263171e+28
Radyatif (Gercek Gozlem),HAT-P-69,1.648,1.926,77.44,2.3808589161661623e+43,3.451986499339537e+29
Konvektif (Gercek Gozlem),EPIC 220674823,0.913,0.99,2.62,2.293834550541534e+41,3.3883112912059574e+28
Konvektif (Gercek Gozlem),OGLE-TR-111,0.82,0.83,1.0,6.592448886659999e+40,1.816459184043863e+28
Radyatif (Gercek Gozlem),6 Lyn,1.32,4.94,1.32,8.337380799908163e+41,6.459770323484651e+28
Konvektif (Gercek Gozlem),Kepler-961,0.96,0.9,2.5,2.0922259176e+41,3.2359853505832175e+28
Konvektif (Gercek Gozlem),TOI-5153,1.24,1.4,10.1,1.6983450161495998e+42,9.219666645846829e+28
Konvektif (Gercek Gozlem),KOI-7913 A,0.76,0.788,13.3,7.71518380795344e+41,6.214059347426651e+28
Konvektif (Gercek Gozlem),K2-264,0.496,0.473,1.0779442383064775,2.4495930391442343e+40,1.107259022141717e+28
Konvektif (Gercek Gozlem),HD 12648,0.67,11.02,4.8,3.43283129777952e+42,1.3107760230765714e+29
Konvektif (Gercek Gozlem),HD 159243,1.125,1.12,3.8,4.6377674506800004e+41,4.817888469309216e+28
Radyatif (Gercek Gozlem),HD 95127,3.7,41.01,2.6,3.8213750858938206e+43,4.3733284156235054e+29
Konvektif (Gercek Gozlem),GJ 876,0.32,0.3,0.16,1.4878050969600003e+39,2.72882244874172e+27
Konvektif (Gercek Gozlem),TOI-1710,1.02,0.93,2.1,1.9295553525066e+41,3.1076412593363685e+28
Konvektif (Gercek Gozlem),14 Her,0.97,0.93,1.0,8.73794907531e+40,2.09125509815052e+28
Konvektif (Gercek Gozlem),TOI-1899,0.632,0.607,2.0,7.431741439012801e+40,1.9286239420416352e+28
Konvektif (Gercek Gozlem),BD+15 2940,1.1,14.7,2.3,3.602406208401e+42,1.3427606303101126e+29
Konvektif (Gercek Gozlem),Kepler-11,0.961,1.065,0.4,3.9654074051046003e+40,1.4087896901039711e+28
Konvektif (Gercek Gozlem),NGTS-14 A,0.898,0.842,1.2,8.78869717728912e+40,2.097319083015396e+28
Konvektif (Gercek Gozlem),K2-131,0.803,0.7595,4.3,2.5401923603861808e+41,3.565624135745145e+28
Konvektif (Gercek Gozlem),TOI-6054,1.107,1.662,6.69,1.192228734014742e+42,7.724707619615492e+28
Konvektif (Gercek Gozlem),HD 97658,0.85,0.728,0.5,2.9969199023399997e+40,1.2247285050496216e+28
Konvektif (Gercek Gozlem),HD 208487,1.15,1.16,5.58,7.210159216369198e+41,6.007235883899583e+28
Konvektif (Gercek Gozlem),DMPP-8,0.99,1.24,2.13,2.5327440845506802e+41,3.5603927900686708e+28
Konvektif (Gercek Gozlem),HAT-P-25,1.012,0.919,0.5,4.504233068735399e+40,1.5014562615251143e+28
Konvektif (Gercek Gozlem),Kepler-100,1.08,1.49,3.7,5.7672207418644e+41,5.37261283529718e+28
Konvektif (Gercek Gozlem),TOI-892,1.28,1.39,7.69,1.3252747884929281e+42,8.144327442713766e+28
Konvektif (Gercek Gozlem),HD 221287,1.25,1.13864,3.92,5.4042737880549616e+41,5.200809298333523e+28
Radyatif (Gercek Gozlem),WASP-12,1.325,1.69,1.9,4.1210796682282505e+41,4.541588308676465e+28
Konvektif (Gercek Gozlem),TOI-1203,0.886,1.179,1.4,1.416545044554276e+41,2.66267065890793e+28
Konvektif (Gercek Gozlem),TOI-5800,0.778,0.773,1.3,7.572813645999421e+40,1.946842833928751e+28
Konvektif (Gercek Gozlem),TIC 88785435,0.724,0.911,10.0,6.388689329240401e+41,5.654681429423789e+28
Konvektif (Gercek Gozlem),TOI-4507,1.11,1.04,7.3,8.162703182743201e+41,6.3917423511903235e+28
Konvektif (Gercek Gozlem),TOI-262,0.913,0.853,0.6441134348273782,4.858889168546512e+40,1.559447485724989e+28
Konvektif (Gercek Gozlem),Wolf 1061,0.294,0.307,0.16349440662632617,1.4293659486098108e+39,2.6746932023646805e+27
Konvektif (Gercek Gozlem),HATS-25,0.994,1.107,3.88,4.135428889724715e+41,4.5494881350449185e+28
Konvektif (Gercek Gozlem),HAT-P-50,1.273,1.698,8.9,1.8634207305425165e+42,9.657344398329894e+28
Konvektif (Gercek Gozlem),K2-233,0.79,0.71,4.5,2.4448531607955e+41,3.49807122658813e+28
Konvektif (Gercek Gozlem),TOI-4465,0.93,1.014,4.13,3.772469886243786e+41,4.3452538086837705e+28
Konvektif (Gercek Gozlem),WASP-80,0.577,0.586,1.27,4.1594123466326344e+40,1.4428402410792384e+28
Konvektif (Gercek Gozlem),TOI-942,0.822,0.894,14.24,1.0136176217016596e+42,7.122612771854213e+28
Konvektif (Gercek Gozlem),TOI-880,0.87,0.83,1.57,1.0981251139376701e+41,2.344380875920065e+28
Konvektif (Gercek Gozlem),K2-315,0.174,0.196,5.0,1.6516961271720002e+40,9.092165519414637e+27
Konvektif (Gercek Gozlem),HD 109286,0.98,1.089,3.8,3.92818903072596e+41,4.434028164027512e+28
Radyatif (Gercek Gozlem),TOI-2049,1.57,3.2,16.0,7.786180007424e+42,1.9740787701362637e+29
Konvektif (Gercek Gozlem),GJ 674,0.35,0.36463,1.0,1.23616165609755e+40,7.865745530948426e+27
Konvektif (Gercek Gozlem),K2-73,1.02,1.058,2.0,2.0905986307752002e+41,3.2347266670441393e+28
Konvektif (Gercek Gozlem),Kepler-428,0.87,0.8,2.0,1.3483233691199999e+41,2.5977615769756102e+28
Konvektif (Gercek Gozlem),HIP 10090,0.94,1.38268,2.7,3.399132744802922e+41,4.124642578504836e+28
Konvektif (Gercek Gozlem),K2-31,0.91,0.78,2.6,1.7875745770428003e+41,2.9911234854012496e+28
Konvektif (Gercek Gozlem),GJ 1265,0.178,0.192,2.0,6.620732681471998e+39,5.756457261855382e+27
Konvektif (Gercek Gozlem),HATS-47,0.674,0.6564,2.47,1.0584741317315912e+41,2.3016664239165807e+28
Radyatif (Gercek Gozlem),HD 1502,1.46,4.67,2.7,1.78315184392254e+42,9.44705451636446e+28
Konvektif (Gercek Gozlem),G 9-40,0.2952,0.3026,2.0,1.730494004619744e+40,9.306519840548869e+27
Konvektif (Gercek Gozlem),HD 191939,0.81,0.94,2.0,1.475019271908e+41,2.7170717396451603e+28
Radyatif (Gercek Gozlem),TOI-1107,1.35,1.81,12.31,2.9135684307898354e+42,1.2075771022393437e+29
Konvektif (Gercek Gozlem),TOI-6330,0.531,0.49,2.0,5.040520939818001e+40,1.588327187062591e+28
Radyatif (Gercek Gozlem),51 Eri,1.75,1.45,65.19,1.6022927162253375e+43,2.831869182040526e+29
Konvektif (Gercek Gozlem),GJ 3293,0.42,0.404,0.4985235025278779,8.193531347919328e+39,6.403800856132367e+27
Konvektif (Gercek Gozlem),HIP 109384,0.78,0.831075,2.7,1.6953267381076845e+41,2.9129227262918887e+28
Radyatif (Gercek Gozlem),HD 212771,1.56,5.27,1.79,1.4254207318358276e+42,8.446441793486896e+28
Konvektif (Gercek Gozlem),Kepler-65,1.248,1.437,10.4,1.806589656060135e+42,9.508938043005247e+28
Konvektif (Gercek Gozlem),HD 147018,0.927,0.937948,1.56,1.3138262074664466e+41,2.5643140884213675e+28
Radyatif (Gercek Gozlem),nu Oph,2.61,12.24,3.21,9.933030844138585e+42,2.2296831409369067e+29
Radyatif (Gercek Gozlem),KELT-2 A,1.54,1.93,9.0,2.5910474467878e+42,1.138780287824582e+29
Konvektif (Gercek Gozlem),TOI-1751,0.9382,1.3137,1.27,1.5161779487242552e+41,2.7547192637078497e+28
Konvektif (Gercek Gozlem),TOI-1273,1.06,1.06,2.8,3.0473657939088007e+41,3.905391280088923e+28
Radyatif (Gercek Gozlem),PH1,1.528,1.734,32.6,8.366520392610308e+42,2.0463254003088325e+29
Konvektif (Gercek Gozlem),TOI-260,0.616,0.607,0.990638327005054,3.5878919541303075e+40,1.3400528790999024e+28
Radyatif (Gercek Gozlem),HD 81817,4.3,83.8,4.7,1.64045816184978e+44,9.061181661659509e+29
Konvektif (Gercek Gozlem),TOI-2981,1.03,1.08,3.4,3.6634875817176e+41,4.282029154766495e+28
Konvektif (Gercek Gozlem),GJ 3512,0.123,0.139,2.0,3.312109862334001e+39,4.071501742368301e+27
Radyatif (Gercek Gozlem),HAT-P-56,1.42,1.47,40.06,8.099746942534884e+42,2.0134367133501138e+29
Radyatif (Gercek Gozlem),HD 8574,1.34,1.38,4.5,8.060300347554e+41,6.351522934017585e+28
Konvektif (Gercek Gozlem),K2-138,0.935,0.863,2.7,2.1102844425512856e+41,3.249920644716326e+28
Konvektif (Gercek Gozlem),HD 50554,1.04,1.02,3.88,3.9867597329414405e+41,4.466962325465072e+28
Konvektif (Gercek Gozlem),CoRoT-20,1.14,1.02,4.5,5.0684172853860005e+41,5.036611348993568e+28
Konvektif (Gercek Gozlem),Kepler-1477,0.81,0.78,3.3,2.0195210669634e+41,3.179262972430067e+28
Konvektif (Gercek Gozlem),WASP-168,1.08,1.12,0.3,3.514939541568001e+40,1.3263593026717096e+28
Konvektif (Gercek Gozlem),HATS-71,0.4861,0.4783,0.5800216579188012,1.3062461962283764e+40,8.085647005584509e+27
Radyatif (Gercek Gozlem),KELT-6,1.42,1.73,4.53,1.077922348007778e+42,7.34507096411306e+28
Konvektif (Gercek Gozlem),Kepler-15,1.018,0.992,2.0,1.95633971874432e+41,3.1291356767972535e+28
Konvektif (Gercek Gozlem),HD 134606,1.046,1.158,1.3,1.5252408303645242e+41,2.762940098846233e+28
Konvektif (Gercek Gozlem),WASP-114,1.289,1.43,6.4,1.1426777087806078e+42,7.562478199343515e+28
Konvektif (Gercek Gozlem),Kepler-62,0.69,0.64,0.4,1.7109758615040003e+40,9.253887156363142e+27
Radyatif (Gercek Gozlem),TOI-2005,1.59,2.02,111.0,3.45323631221478e+43,4.157338695138995e+29
Konvektif (Gercek Gozlem),Kepler-95,1.08,1.41,0.7,1.0325134903356002e+41,2.273265313786507e+28
Konvektif (Gercek Gozlem),TOI-674,0.42,0.42,0.4,6.83460466416e+39,5.848694773310652e+27
Konvektif (Gercek Gozlem),Kepler-482,0.75,0.72,2.6,1.35994684644e+41,2.6089347966120144e+28
Konvektif (Gercek Gozlem),WASP-148,0.954,0.912,2.0,1.68549719921856e+41,2.9044658576080407e+28
Konvektif (Gercek Gozlem),HD 68402,1.12,1.02,2.9,3.2090096185056004e+41,4.007631370489274e+28
Konvektif (Gercek Gozlem),TrES-1,1.04,0.85,1.3,1.113141678012e+41,2.3603558354048503e+28
Konvektif (Gercek Gozlem),Gliese 48,0.47,0.463,0.4548433936598436,9.587283430069934e+39,6.92707741777884e+27
Konvektif (Gercek Gozlem),TOI-444,0.96,0.779,3.0316721529394313,2.1960678389083947e+41,3.3153175602145625e+28
Konvektif (Gercek Gozlem),TOI-2202,0.841,0.808,2.14,1.4085619628410513e+41,2.655157184401544e+28
Radyatif (Gercek Gozlem),HD 112300,1.4,65.8,8.1,7.2275944323492e+43,6.014494684348308e+29
Konvektif (Gercek Gozlem),DMPP-7,1.09,1.53949,3.04,4.9411925763718194e+41,4.972996438309054e+28
Konvektif (Gercek Gozlem),KOI-351,1.12,1.29,4.6,6.437546678908801e+41,5.676262269124983e+28
Konvektif (Gercek Gozlem),LTT 1445 A,0.257,0.271,3.4,2.2936975872337803e+40,1.071446121093962e+28
Konvektif (Gercek Gozlem),HD 23472,0.67,0.71,1.45,6.681223194691502e+40,1.8286485591547244e+28
Radyatif (Gercek Gozlem),HR 810,1.34,1.13,6.5,9.533479235553001e+41,6.907612560722703e+28
Konvektif (Gercek Gozlem),HIP 41378,1.22,1.3,5.6,8.602923013776e+41,6.561834556099508e+28
Konvektif (Gercek Gozlem),K2-138,0.935,0.863,2.7,2.1102844425512856e+41,3.249920644716326e+28
Konvektif (Gercek Gozlem),HD 62364,1.157,1.401,3.8,5.966366359961827e+41,5.464585390796125e+28
Konvektif (Gercek Gozlem),HD 128311,0.828,0.76,3.65,2.22480329991192e+41,3.3369374658825734e+28
Konvektif (Gercek Gozlem),Kepler-20,0.929,0.9164,0.4,3.2984933461028643e+40,1.2848725892562478e+28
Konvektif (Gercek Gozlem),CoRoT-4,1.16,1.17,6.4,8.4135378233088e+41,6.489206339411582e+28
Radyatif (Gercek Gozlem),NGTS-20,1.47,1.78,8.0,2.0275993837008e+42,1.0073800208246919e+29
Konvektif (Gercek Gozlem),K2-331,1.1,1.06,5.373576712797272,6.0689957048772345e+41,5.5113840256567525e+28
Konvektif (Gercek Gozlem),GJ 581,0.295,0.302,2.0,1.725892657398e+40,9.294138684342072e+27
Konvektif (Gercek Gozlem),USco1621 A,0.36,0.710071,17.43904445893298,4.3179915500731356e+41,4.648824509452401e+28
Konvektif (Gercek Gozlem),HD 47186,0.96,1.08,2.2,2.2093905689856e+41,3.3253587559515717e+28
Konvektif (Gercek Gozlem),HD 285968,0.5,0.478214,0.8,1.8528365277021596e+40,9.629878553027241e+27
Konvektif (Gercek Gozlem),HD 134606,1.046,1.158,1.3,1.5252408303645242e+41,2.762940098846233e+28
Konvektif (Gercek Gozlem),WASP-162,0.95,1.11,1.0,1.0214130694950003e+41,2.261012499965447e+28
Konvektif (Gercek Gozlem),HD 108874,0.95,1.05,2.2,2.1256434148950002e+41,3.2617259128267365e+28
Konvektif (Gercek Gozlem),HD 28471,0.98,1.08,2.0,2.050381399248e+41,3.2034620593048088e+28
Konvektif (Gercek Gozlem),KOBE-1,0.629,0.619,2.0,7.5426875300322e+40,1.9429665164124675e+28
Radyatif (Gercek Gozlem),CoRoT-3,1.37,1.56,17.0,3.5192402281764006e+42,1.3271704847470743e+29
Konvektif (Gercek Gozlem),TOI-1221,0.93,1.031,2.1,1.9503642827787303e+41,3.1243532125690496e+28
Radyatif (Gercek Gozlem),BD+37 3172,3.75,50.24,1.8,3.2847946906320003e+43,4.0546780226088266e+29
Konvektif (Gercek Gozlem),Kepler-422,1.15,1.24,2.2,3.0387644206919997e+41,3.8998757845083466e+28
Konvektif (Gercek Gozlem),HD 153557,0.79,0.745171,2.0,1.1404279653728599e+41,2.3891102265359877e+28
Konvektif (Gercek Gozlem),Gl 725 A,0.33,0.351,0.17224101672121392,1.9324686770204822e+39,3.1099863987649387e+27
Konvektif (Gercek Gozlem),HD 134606,1.046,1.158,1.3,1.5252408303645242e+41,2.762940098846233e+28
Konvektif (Gercek Gozlem),HATS-5,0.936,0.871,0.8,6.317406417329281e+40,1.7781633990548729e+28
Konvektif (Gercek Gozlem),HD 10180,1.06,1.109,3.0,3.4159656321882005e+41,4.1348428127350895e+28
Konvektif (Gercek Gozlem),TIC 150070085,1.16,1.086,19.0,2.31844203320184e+42,1.0772100064513507e+29
Konvektif (Gercek Gozlem),HIP 75092,1.28,4.53,3.1,1.74110391471744e+42,9.335006056449344e+28
Konvektif (Gercek Gozlem),K2-350,0.98,1.04,6.401026880763146,6.3192260696756145e+41,5.623856159832376e+28
Konvektif (Gercek Gozlem),AB Pic,0.9,0.999394,10.35,9.017256498742593e+41,6.7179918061590835e+28
Konvektif (Gercek Gozlem),HD 181433,0.86,0.79,1.5,9.87123811401e+40,2.222736965234893e+28
Radyatif (Gercek Gozlem),HIP 107773,2.42,11.6,2.0,5.438237588784001e+42,1.649800180333069e+29
Radyatif (Gercek Gozlem),HIP 65426,1.96,1.77,299.0,1.004743840670388e+44,7.091366547643158e+29
Konvektif (Gercek Gozlem),WASP-50,0.892,0.843,1.97,1.4348730598272252e+41,2.679840824747266e+28
Radyatif (Gercek Gozlem),XO-7,1.405,1.48,6.0,1.2084929369604001e+42,7.7772187818011135e+28
Konvektif (Gercek Gozlem),K2-101,0.82,0.76,3.9,2.3542190963927997e+41,3.4326197517820587e+28
Konvektif (Gercek Gozlem),WASP-47,1.058,1.156,1.8,2.1324106033907042e+41,3.2669137948063793e+28
Konvektif (Gercek Gozlem),HN Lib,0.291,0.299,2.0,1.6855785635598002e+40,9.184949181648174e+27
Konvektif (Gercek Gozlem),ups And,1.3,1.56,9.2,1.8072182537136e+42,9.510592202893032e+28
Konvektif (Gercek Gozlem),HD 2638,0.77,0.94,1.1,7.7119834771980005e+40,1.9646505007734045e+28
Konvektif (Gercek Gozlem),HD 19615,1.1,32.3,2.6,8.947946565557998e+42,2.1162352739035213e+29
Radyatif (Gercek Gozlem),HD 77338,1.37,0.97,2.33,2.999183574548071e+41,3.8743939915220153e+28
Radyatif (Gercek Gozlem),TOI-4603,1.765,2.738,23.18,1.0850416561881678e+43,2.3303731288917446e+29
Konvektif (Gercek Gozlem),TOI-1670,1.21,1.316,9.2,1.4190049598044323e+42,8.427411777021524e+28
Konvektif (Gercek Gozlem),Kepler-17,1.04,1.01034,6.0,6.106705319254176e+41,5.528479961703563e+28
Konvektif (Gercek Gozlem),HD 163607,1.12,1.76,1.49,2.8449313129036803e+41,3.7734460987243977e+28
Konvektif (Gercek Gozlem),TOI-132,0.97,0.9,3.0,2.53682392509e+41,3.5632592442722842e+28
Konvektif (Gercek Gozlem),TOI-4633,1.1,1.05,4.39,4.911355048099501e+41,4.9579589144218e+28
Konvektif (Gercek Gozlem),NGTS-10,0.696,0.697,4.0,1.87956277655328e+41,3.0671193494662497e+28
Konvektif (Gercek Gozlem),HD 73256,1.0,0.944723,3.5,3.2027818562198554e+41,4.003740653478894e+28
Konvektif (Gercek Gozlem),HD 149143,1.2,1.44,3.9,6.527744862912e+41,5.715889756658212e+28
Konvektif (Gercek Gozlem),Kepler-48,0.88,0.89,0.5,3.7931280987600004e+40,1.3778470567852921e+28
Konvektif (Gercek Gozlem),WASP-48,0.88,1.58,12.2,1.64306375801568e+42,9.068374899843308e+28
Konvektif (Gercek Gozlem),Kepler-18,0.972,1.108,4.0,4.17273537006144e+41,4.569962955180153e+28
Konvektif (Gercek Gozlem),Kepler-106,1.0,1.04,0.3,3.0221041032e+40,1.2298636575719344e+28
Konvektif (Gercek Gozlem),TOI-5734,0.724,0.639,2.9,1.2995477712420842e+41,2.550341761276267e+28
Konvektif (Gercek Gozlem),TOI-1695,0.513,0.515,1.3,3.3267699731038504e+40,1.2903681786949466e+28
Konvektif (Gercek Gozlem),HATS-24,1.07,1.12,9.44,1.0957932506626563e+42,7.405707733915306e+28
Konvektif (Gercek Gozlem),HD 20868,0.39,0.76,1.1,3.158098787844e+40,1.2572310940896848e+28
Konvektif (Gercek Gozlem),HD 37124,0.85,0.949168,1.2,9.377737812739296e+40,2.166463124273867e+28
Radyatif (Gercek Gozlem),HD 67087,1.36,1.55,9.7,1.9806017904036004e+42,9.956365739511527e+28
Konvektif (Gercek Gozlem),TOI-6054,1.107,1.662,6.69,1.192228734014742e+42,7.724707619615492e+28
Konvektif (Gercek Gozlem),TOI-5788,0.87,0.87,2.0,1.4663016639180001e+41,2.7090306692167137e+28
Konvektif (Gercek Gozlem),Kepler-1229,0.54,0.51,1.4635447057864248,3.9041343603910973e+40,1.397863083923796e+28
Konvektif (Gercek Gozlem),HD 37605,0.94,0.91,1.0,8.28560208294e+40,2.0364056544459552e+28
Radyatif (Gercek Gozlem),TOI-1431,1.9,1.92,6.0,2.120122263168e+42,1.0301078845625043e+29
Radyatif (Gercek Gozlem),NGTS-2,1.64,1.702,15.2,4.1096214380108155e+42,1.4341783663798584e+29
Konvektif (Gercek Gozlem),TOI-421,0.833,0.866,1.8,1.257738123322044e+41,2.508980988810484e+28
Konvektif (Gercek Gozlem),Kepler-155,0.635,0.62,1.186813985968789,4.525878562715262e+40,1.5050596286670753e+28
Konvektif (Gercek Gozlem),HD 38529,0.98,2.857838,3.2,8.68097463298386e+41,6.591534076859931e+28
Konvektif (Gercek Gozlem),Kepler-439,0.884,0.866,1.9,1.4088948592314961e+41,2.6554709228269585e+28
Konvektif (Gercek Gozlem),HIP 67522,1.22,1.38,54.2,8.838794364538319e+42,2.103288140810106e+29
Konvektif (Gercek Gozlem),TOI-1272,0.828,0.8,1.2,7.699391376767999e+40,1.9630459081798421e+28
Konvektif (Gercek Gozlem),HIP 111909,1.28,4.53,3.13,1.7579533074405123e+42,9.380066685426531e+28
Konvektif (Gercek Gozlem),HD 63765,0.65,0.83,1.63,8.517926335873502e+40,2.064758192702255e+28
Konvektif (Gercek Gozlem),Kepler-155,0.635,0.62,1.186813985968789,4.525878562715262e+40,1.5050596286670753e+28
Radyatif (Gercek Gozlem),HD 111591,1.94,8.03,3.1,4.67771540498262e+42,1.5300976770757815e+29
Konvektif (Gercek Gozlem),Kepler-45,0.59,0.55,1.761139394348234,5.535581629629099e+40,1.6645003382969739e+28
Konvektif (Gercek Gozlem),Kepler-406,1.07,1.07,0.4,4.435906394556e+40,1.4900246208196187e+28
Konvektif (Gercek Gozlem),GJ 3090,0.519,0.516,1.468,3.8080087843844596e+40,1.3805471025990835e+28
Konvektif (Gercek Gozlem),ups And,1.3,1.56,9.2,1.8072182537136e+42,9.510592202893032e+28
Konvektif (Gercek Gozlem),Kepler-93,0.911,0.919,0.5,4.0546999264999503e+40,1.4245628601759094e+28
Konvektif (Gercek Gozlem),HAT-P-17,0.92,0.838682,0.84,6.277970376465803e+40,1.7726046698427854e+28
Konvektif (Gercek Gozlem),TOI-2267 A,0.171,0.2075,17.6,6.0489738321012e+40,1.739975410884039e+28
Radyatif (Gercek Gozlem),HAT-P-30,1.55,1.31,2.2,4.326936294681e+41,4.653637051942944e+28
Konvektif (Gercek Gozlem),TOI-178,0.647,0.662,1.5,6.2231225810481e+40,1.764844459574424e+28
Konvektif (Gercek Gozlem),TOI-954,1.201,1.892,5.6,1.2325569445661474e+42,7.854268697025359e+28
Konvektif (Gercek Gozlem),Kepler-725,0.95,0.88,2.550066091363959,2.0649642646304117e+41,3.214833818353865e+28
Konvektif (Gercek Gozlem),WASP-29,0.77,0.79,1.5,8.838201567195e+40,2.10321760831004e+28
Konvektif (Gercek Gozlem),TOI-1820,1.04,1.51,4.5,6.845065793748e+41,5.853169103767402e+28
Konvektif (Gercek Gozlem),HD 4760,1.05,42.4,1.4,6.037234120008001e+42,1.7382861383278367e+29
Konvektif (Gercek Gozlem),HD 10180,1.06,1.109,3.0,3.4159656321882005e+41,4.1348428127350895e+28
Konvektif (Gercek Gozlem),HD 240210,0.82,25.456816,1.0,2.0219609433386563e+42,1.005978361662646e+29
Radyatif (Gercek Gozlem),TOI-3362,1.445,1.83,20.0,5.1227570418570004e+42,1.6012315458396054e+29
Konvektif (Gercek Gozlem),HIP 113103,0.761,0.742,3.0,1.64083398761646e+41,2.8657254440023913e+28
Konvektif (Gercek Gozlem),WASP-32,0.72,0.95,3.9,2.583899008236e+41,3.596168442752459e+28
Konvektif (Gercek Gozlem),BD+14 4559,0.49,0.86,2.5,1.020444446385e+41,2.259940167678447e+28
Konvektif (Gercek Gozlem),K2-370,0.962,0.945,3.3,2.9058664241306697e+41,3.8136434018730694e+28
Konvektif (Gercek Gozlem),TOI-469,0.901,0.98,1.94,1.659233177315532e+41,2.881747795511362e+28
Radyatif (Gercek Gozlem),nu Oct A,1.57,5.04,2.0,1.5329041889616002e+42,8.759105626686977e+28
Konvektif (Gercek Gozlem),TOI-4010,0.88,0.83,1.3,9.197270154072e+40,2.145515862293111e+28
Konvektif (Gercek Gozlem),Kepler-131,1.02,1.03,0.4,4.070541757464e+40,1.427343051588832e+28
Konvektif (Gercek Gozlem),Kepler-179,0.893,0.759,3.0,1.96956045557271e+41,3.139691057700001e+28
Konvektif (Gercek Gozlem),HD 38529,0.98,2.857838,3.2,8.68097463298386e+41,6.591534076859931e+28
Radyatif (Gercek Gozlem),WASP-158,1.38,1.39,9.3,1.72795195012986e+42,9.299681800367208e+28
Konvektif (Gercek Gozlem),HAT-P-17,0.99,0.87,0.84,7.007910711001201e+40,1.8728221534141781e+28
Konvektif (Gercek Gozlem),TOI-500,0.74,0.678,1.1,5.345753454241201e+40,1.635711551405076e+28
Konvektif (Gercek Gozlem),TIC 139270665,1.035,1.016,4.2,4.2779743337167194e+41,4.627232753118772e+28
Radyatif (Gercek Gozlem),HD 175541,1.39,4.19,2.9,1.63599377793579e+42,9.048843598342098e+28
Konvektif (Gercek Gozlem),HD 219134,0.81,0.778,0.4,2.4416276458392e+40,1.1054573075331215e+28
Radyatif (Gercek Gozlem),TOI-6695,1.338,1.517,6.7,1.31725945163014e+42,8.119661414307248e+28
Konvektif (Gercek Gozlem),HAT-P-22,1.13,1.11,0.5,6.074719834365001e+40,1.7436743725535455e+28
Konvektif (Gercek Gozlem),HAT-P-20,0.756,0.694,2.1,1.0672235183085838e+41,2.3111596765679155e+28
Konvektif (Gercek Gozlem),HD 75302,1.06,0.940904,0.46,4.443895504979462e+40,1.4913657916199315e+28
Konvektif (Gercek Gozlem),TOI-540,0.159,0.1895,13.5,3.9399883131404253e+40,1.4042671123019672e+28
Konvektif (Gercek Gozlem),GJ 3323,0.164,0.119,0.18244045670818454,3.448790286727855e+38,1.3138193424624848e+27
Konvektif (Gercek Gozlem),HD 24085,1.22,1.412551,6.0,1.0015440252224425e+42,7.080065578065774e+28
Konvektif (Gercek Gozlem),TOI-1136,1.022,0.968,6.7,6.420308287144752e+41,5.668657258190391e+28
Konvektif (Gercek Gozlem),EPIC 201595106,0.958,0.98,2.5,2.2734553014810004e+41,3.373226224635337e+28
Konvektif (Gercek Gozlem),TOI-1468,0.3527,0.3714,2.0,2.5376526790229163e+40,1.126985552679095e+28
Konvektif (Gercek Gozlem),TOI-1438,0.876,0.82,1.8,1.25240643427536e+41,2.5036574190269417e+28
Konvektif (Gercek Gozlem),HD 155193,1.221,1.76439,3.6,7.512207560544928e+41,6.131772699567703e+28
Konvektif (Gercek Gozlem),Kepler-10,0.91,1.065,2.04,1.9150318175952606e+41,3.0959237445079473e+28
Konvektif (Gercek Gozlem),TOI-6041,0.885,0.879,3.4,2.5619219184932104e+41,3.5808423624184496e+28
Radyatif (Gercek Gozlem),HIP 97233,1.81,5.34,2.2,2.0596685576266802e+42,1.0153152928806389e+29
Konvektif (Gercek Gozlem),HD 109833,1.08,1.0,10.5,1.0984186067400002e+42,7.414573908407903e+28
Konvektif (Gercek Gozlem),GJ 9827,0.62,0.58,2.43,8.4640999496508e+40,2.0582240551228836e+28
Konvektif (Gercek Gozlem),HD 107148,1.105215,1.169193,0.73,9.137148088533164e+40,2.138491802990612e+28
Konvektif (Gercek Gozlem),HIP 67522,1.22,1.38,54.2,8.838794364538319e+42,2.103288140810106e+29
Konvektif (Gercek Gozlem),TOI-1669,0.9867,1.0561,0.6,6.056144762081614e+40,1.7410064573473964e+28
Konvektif (Gercek Gozlem),WASP-39,0.913,0.939,1.0,8.3040737256477e+40,2.0386743378675587e+28
Radyatif (Gercek Gozlem),WASP-153,1.336,1.73,5.19,1.1619160360523354e+42,7.625874097988711e+28
Radyatif (Gercek Gozlem),TOI-778,1.4,1.71,39.9,9.252346064106601e+42,2.1519302581378397e+29
Konvektif (Gercek Gozlem),55 Cnc,1.015,0.98,1.06,1.02129877196802e+41,2.2608859912223363e+28
Konvektif (Gercek Gozlem),NGTS-13,1.3,1.788,6.2,1.3959098852680804e+42,8.358550090956388e+28
Konvektif (Gercek Gozlem),HD 130322,0.92,0.85,0.5,3.7873163601000006e+40,1.376791100270402e+28
Konvektif (Gercek Gozlem),K2-77,0.847,0.792,4.0,2.59910251657056e+41,3.6067327464003703e+28
Konvektif (Gercek Gozlem),Gl 49,0.515,0.511,2.0,5.098154014863e+40,1.597381806603408e+28
Konvektif (Gercek Gozlem),TOI-2416,1.118,1.236,2.4,3.2123757775374723e+41,4.009732764727831e+28
Konvektif (Gercek Gozlem),TYC 1422-614-1,1.15,6.85,1.4,1.0682459968634999e+42,7.312028829865469e+28
Konvektif (Gercek Gozlem),Kepler-1655,1.03,1.03,3.5,3.5966429008965e+41,4.242783958700077e+28
Konvektif (Gercek Gozlem),HAT-P-11,0.811,0.683,0.67,3.594770649287182e+40,1.341336836574894e+28
Konvektif (Gercek Gozlem),TOI-1453,0.715,0.72,2.0,9.972943540560001e+40,2.234158283003582e+28
Konvektif (Gercek Gozlem),HD 191939,0.81,0.94,2.0,1.475019271908e+41,2.7170717396451603e+28
Konvektif (Gercek Gozlem),HAT-P-38,0.886,0.923,0.4,3.16847467859832e+40,1.2592947083433734e+28
Konvektif (Gercek Gozlem),K2-55,0.688,0.715,2.2,1.04826717659664e+41,2.2905419588928396e+28
Konvektif (Gercek Gozlem),HD 21693,0.8,0.914378,1.6,1.1336802074567424e+41,2.3820317194353453e+28
Konvektif (Gercek Gozlem),TOI-7149,0.344,0.351,2.0,2.3391085758767995e+40,1.0820004680920203e+28
Konvektif (Gercek Gozlem),K2-232,1.188,1.161,4.16,5.557721976283277e+41,5.274128013968196e+28
Konvektif (Gercek Gozlem),LTT 9779,1.02,0.949,1.06,9.938642658988679e+40,2.2303128984784757e+28
Konvektif (Gercek Gozlem),TOI-763,0.917,0.897,1.7,1.354457949862563e+41,2.6036644979971873e+28
Konvektif (Gercek Gozlem),HATS-14,0.967,0.933,3.8,3.3208292138455983e+41,4.076857470658504e+28
Konvektif (Gercek Gozlem),rho CrB,1.0,1.3617,0.8,1.0551792711096e+41,2.298081272079184e+28
Konvektif (Gercek Gozlem),HD 20794,0.79,0.93,3.0,2.134942196751e+41,3.2688524561587563e+28
Konvektif (Gercek Gozlem),K2-277,0.974,0.973,2.3,2.111321934764406e+41,3.250719435859192e+28
Konvektif (Gercek Gozlem),Wolf 327,0.405,0.406,2.0,3.185413959546e+40,1.2626564382499517e+28
Konvektif (Gercek Gozlem),GJ 3378,0.262,0.275,2.62,1.8284795309781006e+40,9.566372982533452e+27
Konvektif (Gercek Gozlem),Kepler-62,0.69,0.64,0.4,1.7109758615040003e+40,9.253887156363142e+27
Radyatif (Gercek Gozlem),Kepler-21,1.408,1.902,8.4,2.1789500767017984e+42,1.0443014909281964e+29
Konvektif (Gercek Gozlem),HD 161178,1.06,10.95,1.78,2.00121990192306e+42,1.0008054568816328e+29
Konvektif (Gercek Gozlem),Kepler-36,1.034,1.634,4.9,8.019060637471886e+41,6.3352536354896955e+28
Konvektif (Gercek Gozlem),ups And,1.3,1.56,9.2,1.8072182537136e+42,9.510592202893032e+28
Konvektif (Gercek Gozlem),Kepler-42,0.13,0.17,3.3,7.064168341230001e+39,5.946107794520215e+27
Konvektif (Gercek Gozlem),TOI-1246,0.87,0.86,1.0,7.24723810902e+40,1.9045330926006013e+28
Konvektif (Gercek Gozlem),HD 16760,0.93,0.835,0.5,3.7609213803525003e+40,1.3719850703303807e+28
Konvektif (Gercek Gozlem),Kepler-167,0.777,0.749,2.0,1.12742499439206e+41,2.375451060262029e+28
Konvektif (Gercek Gozlem),TOI-3837,0.89,1.2,3.47,3.589678500735601e+41,4.23867418688209e+28
Konvektif (Gercek Gozlem),HD 143361,0.968,0.916,1.5,1.2882997322395202e+41,2.5392807264667305e+28
Konvektif (Gercek Gozlem),WASP-59,0.719,0.613,2.3,9.819107786852911e+40,2.2168600230479692e+28
Konvektif (Gercek Gozlem),KELT-14,1.239,1.52,3.3,6.019822150982641e+41,5.489010839387012e+28
Konvektif (Gercek Gozlem),TOI-1266,0.437,0.4232,1.3,2.328762906163512e+40,1.0796050204041466e+28
Konvektif (Gercek Gozlem),CoRoT-18,0.95,1.0,8.0,7.361535636e+41,6.069968921065634e+28
Konvektif (Gercek Gozlem),HD 76920,1.0,8.33,2.5,2.0171576265750002e+42,1.0047827634315735e+29
Konvektif (Gercek Gozlem),KOI-351,1.2,1.2,4.6,6.4161594806399995e+41,5.666825417596126e+28
Konvektif (Gercek Gozlem),HD 219134,0.794,0.77,0.4,2.3687871879672005e+40,1.088843043398247e+28
Konvektif (Gercek Gozlem),WASP-54,1.08,1.76,4.0,7.364635229952001e+41,6.071246674773308e+28
Konvektif (Gercek Gozlem),K2-250,0.809,0.797,2.2,1.373992462708866e+41,2.622372809631961e+28
Konvektif (Gercek Gozlem),HD 105779,0.89,0.94,2.0,1.6207001876520003e+41,2.848089280695184e+28
Konvektif (Gercek Gozlem),TOI-836,0.678,0.665,1.86,8.12304968986602e+40,2.0163309339908412e+28
Konvektif (Gercek Gozlem),HD 114386,0.8,0.76,1.0,5.8892285088e+40,1.7168464742708405e+28
Konvektif (Gercek Gozlem),GJ 463,0.486,0.483,2.0,4.5474530319036e+40,1.5086426079327967e+28
Konvektif (Gercek Gozlem),GQ Lup,0.7,1.94153,6.33,8.332986573366027e+41,6.458067784278551e+28
Konvektif (Gercek Gozlem),HD 33564,1.25,1.4367,12.0,2.0874312332055007e+42,1.0221352048431411e+29
Konvektif (Gercek Gozlem),Kepler-30,0.99,0.95,1.94,1.7673206678127e+41,2.974129921145233e+28
Konvektif (Gercek Gozlem),Kepler-62,0.69,0.64,0.4,1.7109758615040003e+40,9.253887156363142e+27
Konvektif (Gercek Gozlem),HD 125612,1.05,1.07,2.1,2.2853209345785e+41,3.382017551049685e+28
Konvektif (Gercek Gozlem),Wolf 1061,0.294,0.307,0.16349440662632617,1.4293659486098108e+39,2.6746932023646805e+27
Konvektif (Gercek Gozlem),Kepler-589,0.88,0.83,3.9,2.7591810462216006e+41,3.716142481936619e+28
Konvektif (Gercek Gozlem),Kepler-11,0.961,1.065,0.4,3.9654074051046003e+40,1.4087896901039711e+28
Konvektif (Gercek Gozlem),WASP-170,0.93,0.938,5.6,4.731824629153441e+41,4.866498325461432e+28
Konvektif (Gercek Gozlem),TOI-1246,0.8889,0.8649,1.0,7.4468675543608715e+40,1.9305856464085073e+28
Konvektif (Gercek Gozlem),HD 39194,0.86,0.783742,2.0,1.3057390551815062e+41,2.556409690643099e+28
Konvektif (Gercek Gozlem),ISO-Oph 96,0.41,0.730795,16.9,4.904796069984405e+41,4.954647200235434e+28
Konvektif (Gercek Gozlem),HATS-9,1.1,1.56,4.58,7.612680235960801e+41,6.172641467191051e+28
Konvektif (Gercek Gozlem),G 192-15,0.132,0.170718,0.08225799970501473,1.795503336009131e+38,9.479716864563457e+26
Konvektif (Gercek Gozlem),HD 168746,1.07,1.09,1.0,1.1297051331930002e+41,2.377851939421547e+28
Konvektif (Gercek Gozlem),HD 20781,0.7,0.833609,1.1,6.217387654200724e+40,1.7640310747640175e+28
Konvektif (Gercek Gozlem),HATS-61,1.076,1.664,3.52,6.104682524241101e+41,5.527564254515121e+28
Konvektif (Gercek Gozlem),HD 15337,0.829,0.855,1.0,6.865552172524499e+40,1.8537023219926144e+28
Radyatif (Gercek Gozlem),HD 184010,1.35,4.86,1.34,8.515882541111402e+41,6.5285553333258425e+28
Konvektif (Gercek Gozlem),WASP-132,0.789,0.758,3.3,1.911679025562306e+41,3.0932124225313774e+28
Konvektif (Gercek Gozlem),HD 23472,0.67,0.71,1.45,6.681223194691502e+40,1.8286485591547244e+28
Konvektif (Gercek Gozlem),HD 129445,0.99,1.175816,3.0,3.3825999756020467e+41,4.114599592647874e+28
Konvektif (Gercek Gozlem),WASP-141,1.25,1.37,3.9,6.4691915959125014e+41,5.690196509425521e+28
Radyatif (Gercek Gozlem),TrES-2,1.36,1.12,1.0,1.4754067211520006e+41,2.717428568294627e+28
Radyatif (Gercek Gozlem),HD 108863,1.59,5.74,1.06,9.370649816269561e+41,6.848368362652405e+28
Konvektif (Gercek Gozlem),HD 109749,1.13,1.22,2.0,2.670687638892e+41,3.656064140501293e+28
Konvektif (Gercek Gozlem),TOI-2015,0.3041,0.3273,2.0,1.9281785516180458e+40,9.823717881429424e+27
Konvektif (Gercek Gozlem),Kepler-411,0.87,0.82,3.989042306499251,2.7564909681589087e+41,3.7143305038575162e+28
Konvektif (Gercek Gozlem),Kepler-30,0.99,0.95,1.94,1.7673206678127e+41,2.974129921145233e+28
Konvektif (Gercek Gozlem),HD 168009,0.986073,1.209505,2.3,2.657047986990849e+41,3.646716121859182e+28
Konvektif (Gercek Gozlem),EPIC 211945201,1.17,1.39,0.1,1.5752717637929997e+40,8.879326022861772e+27
Radyatif (Gercek Gozlem),HD 6860,2.49,86.4,6.0,1.2503142083577602e+44,7.91064401339073e+29
Konvektif (Gercek Gozlem),HD 86081,1.21,1.46,4.2,7.186912261729201e+41,5.9975438173044215e+28
Konvektif (Gercek Gozlem),HD 34445,1.14,1.38,2.7,4.1143622669604e+41,4.537885381820539e+28
Konvektif (Gercek Gozlem),K2-37,0.84,0.809,1.3,8.5570877682108e+40,2.069499144917972e+28
Konvektif (Gercek Gozlem),NGTS-31,0.96,1.7,6.1,9.642836784672001e+41,6.947117846253203e+28
Konvektif (Gercek Gozlem),HIP 18606,1.21,4.83,3.04,1.7209209086989922e+42,9.280742298575162e+28
Konvektif (Gercek Gozlem),TOI-3984 A,0.49,0.47,2.0,4.46147804466e+40,1.4943132182793286e+28
Konvektif (Gercek Gozlem),TOI-2525,0.849,0.785,1.5,9.68330101509225e+40,2.2014760967475154e+28
Radyatif (Gercek Gozlem),KIC 3526061,1.42,5.86,1.32,1.063934074227024e+42,7.297256584841745e+28
Konvektif (Gercek Gozlem),Kepler-167,0.777,0.749,2.0,1.12742499439206e+41,2.375451060262029e+28
Konvektif (Gercek Gozlem),HD 23079,1.16,1.08,2.99,3.62833818630192e+41,4.26143764266144e+28
Konvektif (Gercek Gozlem),WASP-110,0.814,0.853,0.5,3.3627785372180996e+40,1.2973327795712246e+28
Konvektif (Gercek Gozlem),HD 11964,0.91,2.00971,2.74,4.853780975762623e+41,4.928813049496806e+28
Konvektif (Gercek Gozlem),TIC 52059926,0.73,0.72,1.5,7.63662459924e+40,1.9550279880487782e+28
Konvektif (Gercek Gozlem),HD 224538,1.23,1.54,3.9,7.1555869903518e+41,5.984458931303603e+28
Konvektif (Gercek Gozlem),HATS-53,0.964,1.101,2.5,2.5701542463051e+41,3.5865909811953595e+28
Konvektif (Gercek Gozlem),TOI-5422,1.066,1.474,6.904970973544592,1.0509241496166719e+42,7.252503449645558e+28
Konvektif (Gercek Gozlem),Kepler-117,1.129,1.606,6.0,1.0537693433106841e+42,7.262314257446321e+28
Konvektif (Gercek Gozlem),LHS 1678,0.345,0.329,0.53,5.82700900332915e+39,5.400389729072488e+27
Radyatif (Gercek Gozlem),WASP-161,1.39,1.712,18.0,4.1490234763286396e+42,1.4410372398001414e+29
Konvektif (Gercek Gozlem),HD 127506,0.73,0.735766,3.0,1.5607690930234497e+41,2.794934189250167e+28
Konvektif (Gercek Gozlem),TOI-1347,0.913,0.83,2.9,2.12863742892801e+41,3.264022209732292e+28
Konvektif (Gercek Gozlem),HD 175607,0.71,0.7,1.31,6.306414482277e+40,1.7766157729636544e+28
Konvektif (Gercek Gozlem),K2-285,0.83,0.787,3.9,2.4675857765640896e+41,3.5142963964330654e+28
Konvektif (Gercek Gozlem),HD 140901,1.06,0.95,2.0,1.9508069435400003e+41,3.124707748928885e+28
Konvektif (Gercek Gozlem),GJ 649,0.51,0.5,1.01632647031309,2.5103151314474695e+40,1.1208987374885558e+28
Konvektif (Gercek Gozlem),DMPP-4,1.25,1.38,7.5,1.2531561485624999e+42,7.919629281480357e+28
Konvektif (Gercek Gozlem),Kepler-11,0.961,1.065,0.4,3.9654074051046003e+40,1.4087896901039711e+28
Konvektif (Gercek Gozlem),HD 148164,1.21,1.34,4.0,6.282102042216001e+41,5.607312383240588e+28
Radyatif (Gercek Gozlem),HD 25723,2.12,13.76,3.66,1.0341658838714114e+43,2.2750836083058217e+29
Konvektif (Gercek Gozlem),HD 187123,1.04,1.15043,2.1,2.4337034564110635e+41,3.4900856694407017e+28
Radyatif (Gercek Gozlem),HD 1666,1.5,1.93,5.6,1.570331785932e+42,8.865392517033922e+28
Konvektif (Gercek Gozlem),OGLE-TR-10,1.14,1.17,7.7,9.9480111817086e+41,7.05619201512383e+28
Radyatif (Gercek Gozlem),8 UMi,1.51,10.73,3.6,5.649811997455081e+42,1.681586671111543e+29
Konvektif (Gercek Gozlem),KOI-351,1.2,1.2,4.6,6.4161594806399995e+41,5.666825417596126e+28
Konvektif (Gercek Gozlem),HIP 56998,0.653,0.63,2.47,9.84250197220563e+40,2.2194993046329345e+28
Konvektif (Gercek Gozlem),TOI-1883,0.495,0.506,3.0,7.278330910850999e+40,1.9086142259998977e+28
Konvektif (Gercek Gozlem),HD 159868,1.19,2.13,0.96,2.3569622370403205e+41,3.4346190171538088e+28
Konvektif (Gercek Gozlem),K2-220,0.91,1.026,1.1,9.948011181708601e+40,2.231363837528459e+28
Konvektif (Gercek Gozlem),TOI-2322,0.703,0.662,1.5738904314016395,7.094840492402893e+40,1.8844020848584478e+28
Konvektif (Gercek Gozlem),WASP-53,0.839,0.798,0.86,5.577224543939411e+40,1.6707494353269585e+28
Radyatif (Gercek Gozlem),WASP-68,1.49,1.79,2.3,5.9418538023663005e+41,5.453348331057842e+28
Konvektif (Gercek Gozlem),HD 76700,0.99,1.37,1.35,1.77355375752555e+41,2.9793699725043905e+28
Konvektif (Gercek Gozlem),HD 235088,0.849,0.772,1.9,1.2062391447080519e+41,2.457078133982873e+28
Konvektif (Gercek Gozlem),K2-138,0.935,0.863,2.7,2.1102844425512856e+41,3.249920644716326e+28
Konvektif (Gercek Gozlem),Kepler-18,0.972,1.108,4.0,4.17273537006144e+41,4.569962955180153e+28
Konvektif (Gercek Gozlem),Kepler-27,0.926,0.817,0.6,4.396824389313721e+40,1.4834462603897468e+28
Konvektif (Gercek Gozlem),BD+55 362,0.909,0.896193,2.0,1.5781571699911783e+41,2.810459843956213e+28
Konvektif (Gercek Gozlem),Kepler-412,1.167,1.287,5.0,7.274015694895951e+41,6.03377866344459e+28
Konvektif (Gercek Gozlem),TOI-2158,1.12,1.41,3.7,5.659703576654401e+41,5.322296940983282e+28
Konvektif (Gercek Gozlem),HD 134987,1.1,1.22,2.17,2.8207661035554003e+41,3.7573858553844645e+28
Konvektif (Gercek Gozlem),CoRoT-8,0.88,0.77,2.0,1.3126780386720001e+41,2.56319335078599e+28
Konvektif (Gercek Gozlem),HD 3167,0.864,0.871,2.41,1.7567249383573344e+41,2.9652010233533185e+28
Konvektif (Gercek Gozlem),COCONUTS-2 A,0.4,0.366,6.543088268318,9.278519446925386e+40,2.154971839047968e+28
Konvektif (Gercek Gozlem),TOI-1533,0.88,0.849,2.5,1.809194244858e+41,3.0091570664457744e+28
Radyatif (Gercek Gozlem),TOI-1408,1.312,1.53,9.8,1.905487780367808e+42,9.765744148664124e+28
Konvektif (Gercek Gozlem),HAT-P-32,1.132,1.367,20.7,3.1027023410498387e+42,1.246155718439521e+29
Konvektif (Gercek Gozlem),HIP 91258,0.97,0.89,3.5,2.9267431580205e+41,3.8273181412389477e+28
Konvektif (Gercek Gozlem),CD Cet,0.161,0.175,2.0,5.458191224849998e+39,5.226688664790417e+27
Konvektif (Gercek Gozlem),HAT-P-16,1.218,1.158,3.5,4.78166028816294e+41,4.892058224764827e+28
Konvektif (Gercek Gozlem),HD 5278,1.126,1.194,4.1,5.339264066853443e+41,5.169433564487009e+28
Konvektif (Gercek Gozlem),HD 12484,1.01,1.001848,8.2,8.036961505451292e+41,6.3423207550404035e+28
Konvektif (Gercek Gozlem),GJ 536,0.528,0.529,1.2,3.24657669720384e+40,1.2747208564481024e+28
Konvektif (Gercek Gozlem),TOI-5398,1.146,1.051,7.5,8.74990672760295e+41,6.617652677874514e+28
Radyatif (Gercek Gozlem),TOI-640,1.536,2.082,5.9,1.827590025003725e+42,9.56404580825545e+28
Konvektif (Gercek Gozlem),HIP 66074,0.705,0.69,1.8,8.4813608134709975e+40,2.060321657428171e+28
Konvektif (Gercek Gozlem),HD 147018,0.927,0.937948,1.56,1.3138262074664466e+41,2.5643140884213675e+28
Konvektif (Gercek Gozlem),HD 160691,1.13,1.33,3.1,4.512805383258901e+41,4.7525375884704295e+28
Konvektif (Gercek Gozlem),HD 216520,0.82,0.76,0.2,1.2072918443039997e+40,7.773353023787896e+27
Konvektif (Gercek Gozlem),HD 158259,1.08,1.21,2.9,3.6708103724292e+41,4.286306602009757e+28
Konvektif (Gercek Gozlem),HATS-54,1.05,1.23,2.5,3.1274418664125003e+41,3.956369825263654e+28
Radyatif (Gercek Gozlem),WASP-159,1.41,2.11,5.7,1.6425978502997698e+42,9.067089092956355e+28
Konvektif (Gercek Gozlem),TIC 9344899,0.98,1.06,2.0,2.0124113733360002e+41,3.173661764535672e+28
Konvektif (Gercek Gozlem),GJ 357,0.342,0.337,2.0,2.2327537583988e+40,1.057116064381283e+28
Konvektif (Gercek Gozlem),BD-210397,0.679,0.747,1.0,4.9129823349243e+40,1.5681039881269766e+28
Konvektif (Gercek Gozlem),LHS 1903,0.538,0.539,0.6683696662276485,1.8773385520253002e+40,9.693342482846397e+27
Konvektif (Gercek Gozlem),CoRoT-24,0.91,0.86,2.0,1.5160888917720002e+41,2.7546383594496305e+28
Konvektif (Gercek Gozlem),GJ 414 A,0.65,0.68,3.0,1.2843942438600006e+41,2.535428882638778e+28
Konvektif (Gercek Gozlem),Kepler-37,0.8,0.772,1.1,6.580437960096001e+40,1.8148037063386609e+28
Konvektif (Gercek Gozlem),HD 28185,0.974,1.048,2.54,2.511358901017949e+41,3.545329867439517e+28
Konvektif (Gercek Gozlem),HD 10180,1.06,1.109,3.0,3.4159656321882005e+41,4.1348428127350895e+28
Konvektif (Gercek Gozlem),HAT-P-19,0.807,0.773,0.7,4.2296642561054705e+40,1.4549739094326967e+28
Konvektif (Gercek Gozlem),TOI-1634,0.502,0.45,1.3,2.8445554871370004e+40,1.1931896098330364e+28
Radyatif (Gercek Gozlem),HD 19994,1.365,1.79647,8.6,2.0427061585512338e+42,1.0111258352600566e+29
Konvektif (Gercek Gozlem),KOI-1257,0.99,1.13,4.6,4.984553896522199e+41,4.994768983627852e+28
Konvektif (Gercek Gozlem),TOI-5789,0.821,0.833,1.2,7.949214774806761e+40,1.9946393090924374e+28
Konvektif (Gercek Gozlem),HD 222582,1.12,1.13,2.3,2.8195456384368e+41,3.7565729105417633e+28
Konvektif (Gercek Gozlem),HIP 113103,0.761,0.742,3.0,1.64083398761646e+41,2.8657254440023913e+28
Konvektif (Gercek Gozlem),HAT-P-44,0.942,0.949,0.2,1.7318167563387598e+40,9.310076011089826e+27
Konvektif (Gercek Gozlem),GJ 9827,0.62,0.58,1.75,6.09554523123e+40,1.7466606536628842e+28
Radyatif (Gercek Gozlem),HD 14067,2.4,12.4,1.0,2.88262237536e+42,1.2011469275744836e+29
Radyatif (Gercek Gozlem),TOI-2580,1.33,1.81,7.4,1.72550714540022e+42,9.293100612228408e+28
Radyatif (Gercek Gozlem),HAT-P-7,1.56,2.0,3.8,1.148399559216e+42,7.581388752479074e+28
Konvektif (Gercek Gozlem),Kepler-33,1.291,1.82,3.4,7.738047187841878e+41,6.223259990078633e+28
Konvektif (Gercek Gozlem),2MASS J02192210-3925225,0.108,0.281,6.5,1.9107253192482002e+40,9.779156295932195e+27
Konvektif (Gercek Gozlem),LHS 1140,0.1844,0.2159,0.08338145627742653,3.2154211305893725e+38,1.268589722952171e+27
Konvektif (Gercek Gozlem),K2-222,0.94,1.072,3.1,3.02579262000288e+41,3.891543036794225e+28
Konvektif (Gercek Gozlem),HD 25171,1.076,1.23,1.0,1.2819533136228e+41,2.533018505827556e+28
Konvektif (Gercek Gozlem),TOI-2458,1.05,1.31,2.5,3.3308527195125008e+41,4.083005575809883e+28
Konvektif (Gercek Gozlem),K2-146,0.331,0.33,2.0,2.116054046106e+40,1.0291190937700856e+28
Konvektif (Gercek Gozlem),WASP-7,1.276,1.432,17.0,3.008828542303584e+42,1.2271593993215124e+29
Konvektif (Gercek Gozlem),TOI-1347,0.913,0.83,2.9,2.12863742892801e+41,3.264022209732292e+28
Radyatif (Gercek Gozlem),HD 10975,1.41,11.16,1.69,2.575875321842004e+42,1.1354412744870652e+29
Konvektif (Gercek Gozlem),TOI-1173,0.911,0.934,2.0,1.6483524401962802e+41,2.8722834493125143e+28
Konvektif (Gercek Gozlem),HIP 41378,1.22,1.3,5.6,8.602923013776e+41,6.561834556099508e+28
Konvektif (Gercek Gozlem),Kepler-109,1.094,1.387,1.0,1.46976739740558e+41,2.7122302963074704e+28
Konvektif (Gercek Gozlem),TOI-500,0.74,0.678,1.1,5.345753454241201e+40,1.635711551405076e+28
Konvektif (Gercek Gozlem),WASP-26,0.86,1.22,2.2,2.2358146074264e+41,3.345185092103639e+28
Konvektif (Gercek Gozlem),WASP-87,1.204,1.627,9.9,1.8784691235722413e+42,9.69626080776834e+28
Konvektif (Gercek Gozlem),WASP-77 A,0.903,0.91,4.0,3.1837866727212e+41,3.99185022662898e+28
Konvektif (Gercek Gozlem),GJ 1061,0.12,0.156,2.5,4.5331561548000005e+39,4.763241463881843e+27
Konvektif (Gercek Gozlem),Kepler-102,0.803,0.724,0.5,2.8156517735346005e+40,1.1871120932284318e+28
Radyatif (Gercek Gozlem),HD 202696,1.91,6.43,2.0,2.3791902001686e+42,1.0912313622556265e+29
Konvektif (Gercek Gozlem),EPIC 211822797,0.62,0.58,2.6,9.056238629256e+40,2.1290025755255898e+28
Konvektif (Gercek Gozlem),Kepler-68,1.057,1.2564,0.5,6.43172912851014e+40,1.7941804947950396e+28
Konvektif (Gercek Gozlem),Kepler-1652,0.404,0.382,0.6198339803211966,9.265629617597542e+39,6.809884184815356e+27
Radyatif (Gercek Gozlem),HD 18742,1.36,5.13,2.98,2.0138511347267044e+42,1.0039589139323464e+29
Konvektif (Gercek Gozlem),KOI-7368,0.879,0.874,16.967784919021582,1.2626421548915791e+42,7.949547348599578e+28
Konvektif (Gercek Gozlem),GJ 238,0.4193,0.4314,0.4960387375456563,8.6911135327035e+39,6.595382227759642e+27
Konvektif (Gercek Gozlem),TOI-178,0.647,0.662,1.5,6.2231225810481e+40,1.764844459574424e+28
Konvektif (Gercek Gozlem),HIP 98599,1.19,1.39484,8.0,1.2862226943322849e+42,8.023435064038413e+28
Radyatif (Gercek Gozlem),WASP-82,1.48,2.1,2.6,7.827249627288001e+41,6.259027365334011e+28
Konvektif (Gercek Gozlem),WASP-15,1.18,1.48,4.27,7.22314651502808e+41,6.012643716336433e+28
Konvektif (Gercek Gozlem),Kepler-601,0.85,0.79,0.9,5.853873765285e+40,1.7116853535015983e+28
Radyatif (Gercek Gozlem),gam Lib,1.78,12.38,1.55,3.3084697766866205e+42,1.2868141975912577e+29
Konvektif (Gercek Gozlem),NGTS-32,1.07,1.85,6.6,1.2654770345217001e+42,7.95846649267307e+28
Konvektif (Gercek Gozlem),HD 155358,1.15,1.38,2.0,3.0744097511399992e+41,3.922682270066222e+28
Konvektif (Gercek Gozlem),TOI-406,0.408,0.41,0.7103773970478118,1.151033545513687e+40,7.590078165753406e+27
Konvektif (Gercek Gozlem),KPS-1,0.892,0.907,5.1,3.996659448574884e+41,4.472504951748834e+28
Konvektif (Gercek Gozlem),NGTS-25,0.91,0.86,1.96,1.4857671139365603e+41,2.726952849156788e+28
Konvektif (Gercek Gozlem),Kepler-20,0.929,0.9164,0.4,3.2984933461028643e+40,1.2848725892562478e+28
Radyatif (Gercek Gozlem),HD 156846,1.38,1.9,5.05,1.2825635461821e+42,8.012014083785911e+28
Konvektif (Gercek Gozlem),TOI-2025,1.199,1.459,6.0,1.016671271922306e+42,7.133333585649802e+28
Konvektif (Gercek Gozlem),HD 13808,0.771,0.781,2.0,1.16651474861922e+41,2.4162806449689057e+28
Konvektif (Gercek Gozlem),HD 192310,0.8,0.857922,3.0,1.9944073818658078e+41,3.1594333239138465e+28
Radyatif (Gercek Gozlem),HIP 56640,1.75,4.93,3.09,2.5822499273912252e+42,1.1368453637486011e+29
Konvektif (Gercek Gozlem),TOI-2443,0.642,0.631,1.7,6.670649704822741e+40,1.8272010058905117e+28
Radyatif (Gercek Gozlem),HD 219139,1.46,11.22,2.04,3.2369106134645277e+42,1.2728218186825593e+29
Konvektif (Gercek Gozlem),TOI-1470,0.471,0.469,2.0,4.2793575275178e+40,1.4634960144610039e+28
Konvektif (Gercek Gozlem),HD 74698,1.039,1.333,2.2,2.951366913549054e+41,3.8433847288450304e+28
Radyatif (Gercek Gozlem),TOI-4379,1.372,1.976,5.9,1.5493441253236133e+42,8.805949751003458e+28
Radyatif (Gercek Gozlem),HATS-58 A,1.461,1.433,6.22,1.2613674436921796e+42,7.945533568508616e+28
Konvektif (Gercek Gozlem),TIC 241249530,1.271,1.397,4.6,7.911423169271621e+41,6.292591879259056e+28
Konvektif (Gercek Gozlem),TOI-3261,0.861,0.849,2.83,2.003789533112886e+41,3.1668559553927675e+28
Konvektif (Gercek Gozlem),K2-268,0.84,0.78,1.5867442991517808,1.007014356011119e+41,2.245019352243437e+28
Konvektif (Gercek Gozlem),HD 102195,0.76,0.82,3.23,1.94977632855096e+41,3.1238822453859935e+28
Konvektif (Gercek Gozlem),K2-8,0.78,0.74,2.0,1.118178518184e+41,2.365689979688801e+28
Konvektif (Gercek Gozlem),HD 17674,0.98,1.18,2.3,2.5762662581292e+41,3.590853034609209e+28
Konvektif (Gercek Gozlem),TOI-3071,1.29,1.31,2.0,3.2737523871780003e+41,4.0478570976472195e+28
Konvektif (Gercek Gozlem),HD 178911 B,1.24,1.08,1.9,2.4646421309328e+41,3.5121996242902914e+28
Konvektif (Gercek Gozlem),TOI-406,0.408,0.41,0.7103773970478118,1.151033545513687e+40,7.590078165753406e+27
Konvektif (Gercek Gozlem),HD 216437,1.22,1.394,3.7,6.095076417644759e+41,5.523213555186871e+28
Konvektif (Gercek Gozlem),HIP 65 A,0.781,0.7242,2.5,1.3696335618515548e+41,2.6182098525690916e+28
Konvektif (Gercek Gozlem),Kepler-549,0.859,0.986,5.0,4.1019929498457e+41,4.531058953983382e+28
Konvektif (Gercek Gozlem),Kepler-235,0.581,0.554,0.7097587581025789,2.212847492899361e+40,1.0523931193842954e+28
Konvektif (Gercek Gozlem),HD 40307,0.77,0.716684,1.0,5.345314474247747e+40,1.635644389741721e+28
Konvektif (Gercek Gozlem),TOI-5789,0.821,0.833,1.2,7.949214774806761e+40,1.9946393090924374e+28
Radyatif (Gercek Gozlem),HD 210702,1.33,4.54,1.99,1.1638992724975981e+42,7.632379500635541e+28
Konvektif (Gercek Gozlem),HD 36384,1.14,38.4,4.5,1.9081100368512e+43,3.0903236536875128e+29
Konvektif (Gercek Gozlem),TIC 139270665,1.035,1.016,4.2,4.2779743337167194e+41,4.627232753118772e+28
Konvektif (Gercek Gozlem),K2-332,0.27,0.28,0.44673493767934336,3.2713464521855015e+39,4.0463694055651665e+27
Konvektif (Gercek Gozlem),HD 158259,1.08,1.21,2.9,3.6708103724292e+41,4.286306602009757e+28
Konvektif (Gercek Gozlem),TOI-1201,0.512,0.508,2.0,5.038699928371201e+40,1.5880402501264324e+28
Konvektif (Gercek Gozlem),TOI-421,0.833,0.866,1.8,1.257738123322044e+41,2.508980988810484e+28
Konvektif (Gercek Gozlem),K2-286,0.64,0.62,1.3179619180317266,5.06558201972085e+40,1.592270811199094e+28
Konvektif (Gercek Gozlem),TOI-125,0.859,0.848,1.0,7.055760692635201e+40,1.8792050867522883e+28
Konvektif (Gercek Gozlem),TOI-559,1.026,1.233,4.08,4.9994868103047516e+41,5.002245146734792e+28
Konvektif (Gercek Gozlem),K2-389,0.802,1.084,1.8,1.5157618846100643e+41,2.754341267684379e+28
Konvektif (Gercek Gozlem),GJ 806,0.413,0.4144,2.0,3.31554266263584e+40,1.2881889465757732e+28
Konvektif (Gercek Gozlem),HATS-63,0.931,1.07,1.77,1.7078965117749993e+41,2.9237015219520033e+28
Konvektif (Gercek Gozlem),TOI-5795,0.901,1.082,1.9,1.794157145973738e+41,2.9966256848936027e+28
Konvektif (Gercek Gozlem),TOI-1052,1.204,1.264,5.0,7.3705244584608e+41,6.073673666250773e+28
Radyatif (Gercek Gozlem),HD 200964,1.39,4.92,2.28,1.510322097224304e+42,8.694348541309634e+28
Konvektif (Gercek Gozlem),Kepler-93,0.91,0.92,0.5,4.0546563384600006e+40,1.4245552031271926e+28
Konvektif (Gercek Gozlem),Kepler-425,0.93,0.86,3.0,2.324114290134e+41,3.4106016557675457e+28
Konvektif (Gercek Gozlem),Kepler-395,0.622827,0.556,1.4121264468300807,4.736642812789288e+40,1.53970519856664e+28
Konvektif (Gercek Gozlem),GU Psc,0.325,0.450458,23.0,3.2615221159107415e+41,4.040288914677733e+28
Konvektif (Gercek Gozlem),K2-98,1.246,1.518,6.1,1.1175693317376588e+42,7.478930470854159e+28
Konvektif (Gercek Gozlem),HS Psc,0.69,0.65,29.7,1.2902495705599501e+42,8.0359850412741e+28
Konvektif (Gercek Gozlem),Kepler-113,0.75,0.69,0.4,2.0050498376999999e+40,1.0017626701456275e+28
Radyatif (Gercek Gozlem),BD+42 2315,1.38,17.85,2.2,5.249220475098601e+42,1.6208755273074873e+29
Konvektif (Gercek Gozlem),HD 10180,1.06,1.109,3.0,3.4159656321882005e+41,4.1348428127350895e+28
Konvektif (Gercek Gozlem),Kepler-408,1.08,1.23,3.1,3.9888287119044e+41,4.468121268182993e+28
Konvektif (Gercek Gozlem),HD 106515 A,0.89,0.91,1.0,7.844878567890001e+40,1.981505904506619e+28
Konvektif (Gercek Gozlem),HD 10647,1.11,1.1,4.9,5.795175204819001e+41,5.385617968720025e+28
Konvektif (Gercek Gozlem),GJ 1151,0.1639,0.1781,2.0,5.65493601370698e+39,5.320054797799218e+27
Konvektif (Gercek Gozlem),TOI-815,0.776,0.77,1.0,5.787716806872e+40,1.7019856517005643e+28
Konvektif (Gercek Gozlem),WASP-171,1.171,1.637,6.3,1.1697712692012711e+42,7.651608364954011e+28
Konvektif (Gercek Gozlem),HATS-49,0.7133,0.6977,0.5,2.4102704583303252e+40,1.0983358187439298e+28
Konvektif (Gercek Gozlem),HD 73267,0.93,0.909,1.65,1.3510941155261552e+41,2.6004293511728437e+28
Konvektif (Gercek Gozlem),HD 63433,0.956,0.934,7.26,6.279082882727054e+41,5.605964792512539e+28
Konvektif (Gercek Gozlem),HD 72892,1.01,1.22,2.7,3.2225509695834e+41,4.016078153080272e+28
Konvektif (Gercek Gozlem),HD 149806,0.93,0.89,0.9,7.215564133323002e+40,1.9003666646522777e+28
Konvektif (Gercek Gozlem),HD 110082,1.21,1.19,25.3,3.5286426527051705e+42,1.3289422161126312e+29
Radyatif (Gercek Gozlem),HD 167042,1.39,4.63,1.5,9.350651623540499e+41,6.841056802561894e+28
Konvektif (Gercek Gozlem),K2-16,0.68,0.66,2.0,8.694361035360002e+40,2.0860326099391953e+28
Konvektif (Gercek Gozlem),TRAPPIST-1,0.0898,0.1192,2.04,2.1151325368240708e+39,3.253651630561177e+27
Konvektif (Gercek Gozlem),HD 169830,1.17,1.935709,3.8,8.336127608889164e+41,6.459284821468292e+28
Konvektif (Gercek Gozlem),BD+05 4868 A,0.7,0.69,3.0,1.4035348863899998e+41,2.650414897913359e+28
Konvektif (Gercek Gozlem),HIP 57274,0.73,0.68,0.5,2.4041225590200004e+40,1.0969341566630397e+28
Konvektif (Gercek Gozlem),TOI-431,0.78,0.731,2.5,1.3807238121495001e+41,2.628788616518612e+28
Konvektif (Gercek Gozlem),HATS-1,0.986,1.038,2.52,2.4982139880066094e+41,3.5360392409511794e+28
Konvektif (Gercek Gozlem),GJ 341,0.48,0.5066,2.32,5.464484950369538e+40,1.6537767239374865e+28
Radyatif (Gercek Gozlem),HD 100655,2.28,10.06,1.6,3.55473832791168e+42,1.3338471847509774e+29
Konvektif (Gercek Gozlem),GJ 676 A,0.626,0.69,1.6,6.6941930581344e+40,1.8304226222496387e+28
Konvektif (Gercek Gozlem),TOI-1260,0.679,0.672,1.5,6.6295665242352e+40,1.8215656352382916e+28
Radyatif (Gercek Gozlem),OGLE2-TR-L9,1.52,1.53,39.33,8.859593414854728e+42,2.1057613678586016e+29
Konvektif (Gercek Gozlem),HATS-32,1.099,1.097,3.56,4.1572787411357755e+41,4.561491083690229e+28
Radyatif (Gercek Gozlem),WASP-38,1.76,1.52,7.5,1.943445407904e+42,9.862532125936783e+28
Konvektif (Gercek Gozlem),Kepler-129,1.178,1.653,2.13,4.017469366842585e+41,4.484133616263171e+28
Konvektif (Gercek Gozlem),LHS 1903,0.538,0.539,0.6683696662276485,1.8773385520253002e+40,9.693342482846397e+27
Radyatif (Gercek Gozlem),HAT-P-57,2.77,1.85,102.1,5.067947018866096e+43,5.036377685849722e+29
Konvektif (Gercek Gozlem),HD 8326,0.8,0.783181,4.0,2.4275430909213123e+41,3.485665692507887e+28
Konvektif (Gercek Gozlem),K2-216,0.7,0.72,1.8,8.78734885392e+40,2.0971581960976285e+28
Konvektif (Gercek Gozlem),Kepler-167,0.777,0.749,2.0,1.12742499439206e+41,2.375451060262029e+28
Radyatif (Gercek Gozlem),HD 143811 A,1.32,1.68398,7.5,1.6148305253300224e+42,8.990125061149942e+28
Konvektif (Gercek Gozlem),WASP-104,1.076,0.963,0.4,4.0147025724187205e+40,1.4175191874737416e+28
Konvektif (Gercek Gozlem),51 Peg,1.07,1.19,2.2,2.7133651731186e+41,3.6851602776358135e+28
Konvektif (Gercek Gozlem),TOI-1801,0.556,0.547,3.0,8.837678510715602e+40,2.103155371786801e+28
Konvektif (Gercek Gozlem),K2-32,0.83,0.86,0.7,4.839822231425999e+40,1.5563847368700842e+28
Konvektif (Gercek Gozlem),55 Cnc B,0.26,0.274,1.29,8.9016076359756e+39,6.674772713032905e+27
Konvektif (Gercek Gozlem),Kepler-78,0.779,0.7475,2.6,1.4664823121280153e+41,2.709197540223309e+28
Konvektif (Gercek Gozlem),K2-105,0.94,0.905,2.7,2.2248207351278997e+41,3.3369505412208394e+28
Konvektif (Gercek Gozlem),BD+45 564,0.81,0.813064,2.0,1.2758351801006448e+41,2.526966850191191e+28
Konvektif (Gercek Gozlem),WASP-60,1.19,1.17,3.8,5.1247330330014006e+41,5.064515226503568e+28
Radyatif (Gercek Gozlem),HIP 8541,2.009,6.84,1.3,1.7303510358487084e+42,9.306135392760187e+28
Konvektif (Gercek Gozlem),HD 102329,1.3,6.3,2.6,2.0625860504340002e+42,1.0160341286431118e+29
Konvektif (Gercek Gozlem),HD 7449,1.196,0.97,3.0,3.3711571271195996e+41,4.107634148009275e+28
Konvektif (Gercek Gozlem),HD 197037,1.11,1.105,4.0,4.752258702282001e+41,4.876994831861113e+28
Konvektif (Gercek Gozlem),Kepler-98,0.99,1.11,0.5,5.322099677895e+40,1.6320887085265924e+28
Konvektif (Gercek Gozlem),HD 140901,0.99,0.95,2.0,1.82198006991e+41,3.0197714100439653e+28
Konvektif (Gercek Gozlem),Pr0201,1.24,1.15,9.6,1.3260062926655998e+42,8.146574821027214e+28
Konvektif (Gercek Gozlem),WASP-6,0.854,0.79,1.5,9.802369010889e+40,2.214969660297978e+28
Radyatif (Gercek Gozlem),WASP-189,2.03,2.36,93.1,4.320286503306228e+43,4.6500597385521016e+29
Konvektif (Gercek Gozlem),TOI-2295,1.168,1.459,3.9,6.437504834390448e+41,5.676243821037651e+28
Radyatif (Gercek Gozlem),HD 99283,1.76,11.21,1.87,3.573672197567473e+42,1.3373947523103431e+29
Konvektif (Gercek Gozlem),HD 39194,0.86,0.783742,2.0,1.3057390551815062e+41,2.556409690643099e+28
Radyatif (Gercek Gozlem),TOI-1295,1.38,1.7,7.8,1.7724640565268002e+42,9.418700268141093e+28
Konvektif (Gercek Gozlem),IRAS 04125+2902,0.7,1.45,7.1,6.980382442214999e+41,5.910740144866388e+28
Konvektif (Gercek Gozlem),NGTS-15,0.995,0.954,2.0,1.8388922294106e+41,3.0337542438148913e+28
Radyatif (Gercek Gozlem),HD 62509,2.0,8.9,2.31,3.982784503698e+42,1.4118730953901226e+29
Radyatif (Gercek Gozlem),HD 81817,4.3,83.8,4.7,1.64045816184978e+44,9.061181661659509e+29
Radyatif (Gercek Gozlem),TOI-2184,1.53,2.9,7.5,3.2233355543025e+42,1.270150014057182e+29
Konvektif (Gercek Gozlem),WASP-47,1.058,1.156,1.8,2.1324106033907042e+41,3.2669137948063793e+28
Konvektif (Gercek Gozlem),TOI-2018,0.57,0.62,2.0,6.84622814148e+40,1.8510917349908273e+28
Radyatif (Gercek Gozlem),DMPP-2,1.41,1.78,5.1,1.2398356435537798e+42,7.87742572251257e+28
Konvektif (Gercek Gozlem),WASP-184,1.23,1.65,4.5,8.846192707852501e+41,6.653964140122829e+28
Konvektif (Gercek Gozlem),WASP-25,0.962,0.884,2.5,2.0593121043222e+41,3.210431028538068e+28
Konvektif (Gercek Gozlem),TOI-199,0.936,0.82,0.5,3.7171880469360006e+40,1.3639847792207749e+28
Konvektif (Gercek Gozlem),HD 34445,1.07,1.38,2.7,3.8617259874102e+41,4.396357343863889e+28
Konvektif (Gercek Gozlem),TOI-700,0.415,0.421,0.39443592671129907,6.67515699247977e+39,5.780068698255705e+27
Konvektif (Gercek Gozlem),LHS 1903,0.538,0.539,0.6683696662276485,1.8773385520253002e+40,9.693342482846397e+27
Konvektif (Gercek Gozlem),HD 199509,1.04,0.92,0.9,8.341007324832e+40,2.0432029612245465e+28
Radyatif (Gercek Gozlem),HD 33142,1.52,4.17,2.0,1.2279041440848e+42,7.839430072913981e+28
Konvektif (Gercek Gozlem),TOI-7510,1.063,1.035,3.2,3.41018876396016e+41,4.1313450390438745e+28
Konvektif (Gercek Gozlem),HATS-17,1.131,1.091,3.73,4.4581123989983765e+41,4.723650587190139e+28
Konvektif (Gercek Gozlem),HD 77946,1.1973,1.3174,4.915255511156736,7.509682343562165e+41,6.1307420199781975e+28
Konvektif (Gercek Gozlem),LHS 1478,0.236,0.246,2.0,1.1246876654832002e+40,7.502711106533965e+27
Konvektif (Gercek Gozlem),TOI-5143,0.864,0.852,2.53,1.8039673995767422e+41,3.0048071258813697e+28
Konvektif (Gercek Gozlem),TOI-2147,0.99,1.39,4.4,5.8648579513523995e+41,5.417900275952129e+28
Konvektif (Gercek Gozlem),KELT-6,1.126,1.529,4.53,7.554381348762448e+41,6.148960599993506e+28
Konvektif (Gercek Gozlem),Kepler-94,0.81,0.76,0.5,2.98142193258e+40,1.2215576815932433e+28
Konvektif (Gercek Gozlem),Kepler-47,0.957,0.936,4.1,3.5573489609177525e+41,4.219543737650163e+28
Konvektif (Gercek Gozlem),TOI-2136,0.34,0.34,2.0,2.239456630320001e+40,1.0587016408433137e+28
Konvektif (Gercek Gozlem),TIC 279401253,1.13,1.06,5.0,5.80108380579e+41,5.38836278311255e+28
Konvektif (Gercek Gozlem),HD 11506,1.22,1.24,5.5,8.059331724444e+41,6.351141284669854e+28
Radyatif (Gercek Gozlem),HAT-P-6,1.79,1.62,7.8,2.1908743696148402e+42,1.0471550594472368e+29
Konvektif (Gercek Gozlem),TRAPPIST-1,0.0898,0.1192,2.04,2.1151325368240708e+39,3.253651630561177e+27
Konvektif (Gercek Gozlem),WASP-185,1.12,1.5,2.8,4.5564031094400004e+41,4.77543928529801e+28
Konvektif (Gercek Gozlem),TOI-4336 A,0.306,0.326,0.46459804314514125,4.4892235167162013e+39,4.740104025203535e+27
Konvektif (Gercek Gozlem),TOI-5261,1.037,1.021,5.73,5.876435138173972e+41,5.423245087412886e+28
Konvektif (Gercek Gozlem),HD 141004,1.051904,1.389372,3.1,4.388450147844973e+41,4.68659950861806e+28
Konvektif (Gercek Gozlem),HATS-44,0.86,0.847,0.5,3.527822228931e+40,1.3287877148953314e+28
Konvektif (Gercek Gozlem),TOI-1450 A,0.48,0.483,0.6981796973521617,1.5678712995247533e+40,8.858444390142713e+27
Konvektif (Gercek Gozlem),HD 160691,1.13,1.33,3.1,4.512805383258901e+41,4.7525375884704295e+28
Konvektif (Gercek Gozlem),TOI-5616,0.666,0.646,3.0,1.2502095970618802e+41,2.501460631431165e+28
Konvektif (Gercek Gozlem),TOI-4504,0.89,0.92,1.9,1.5069063446892004e+41,2.746283633793721e+28
Radyatif (Gercek Gozlem),omi UMa,2.72,13.84,3.83,1.3965567705258626e+43,2.643818001726966e+29
Radyatif (Gercek Gozlem),HD 149026,1.42,1.41,6.0,1.1636263145052e+42,7.631484474238321e+28
Konvektif (Gercek Gozlem),GJ 9689,0.59,0.57,1.47,4.7884948928271e+40,1.5481098444567989e+28
Konvektif (Gercek Gozlem),GJ 179,0.357,0.38,1.5,1.9710511665389998e+40,9.932331525703645e+27
Konvektif (Gercek Gozlem),HATS-42,1.273,1.48,6.04,1.1022545092352977e+42,7.4275092295546834e+28
Konvektif (Gercek Gozlem),TOI-5788,0.87,0.87,2.0,1.4663016639180001e+41,2.7090306692167137e+28
Konvektif (Gercek Gozlem),TrES-4,1.08,1.66,8.5,1.4760653848668003e+42,8.595181579799797e+28
Konvektif (Gercek Gozlem),BD-08 2823,0.74,0.71,1.4,7.124804147915999e+40,1.888377092108459e+28
Radyatif (Gercek Gozlem),BD-14 3065 A,1.41,2.35,22.0,7.060971884967e+42,1.8798989234652874e+29
Radyatif (Gercek Gozlem),HD 154857,1.718,1.76,1.4,4.10032885534272e+41,4.530139781856268e+28
Konvektif (Gercek Gozlem),HD 152079,1.147,1.128,1.8,2.2557961398379678e+41,3.360099845266506e+28
Konvektif (Gercek Gozlem),HD 179079,1.14,1.63,1.0,1.799895463002e+41,3.001413966918061e+28
Konvektif (Gercek Gozlem),TOI-904,0.557,0.527,2.0,5.6865731817258e+40,1.6870485243722203e+28
Konvektif (Gercek Gozlem),Qatar-10,1.156,1.254,5.9,8.284421912542776e+41,6.439221469700334e+28
Konvektif (Gercek Gozlem),Kepler-29,0.761,0.732,4.0,2.15829376268688e+41,3.2866808613735102e+28
Konvektif (Gercek Gozlem),HD 86226,1.019,1.053,2.4,2.494414505740248e+41,3.5333492731100086e+28
Konvektif (Gercek Gozlem),HAT-P-5,1.04,1.12,2.6,2.9334557161728007e+41,3.831704652162717e+28
Konvektif (Gercek Gozlem),WASP-183,0.784,0.871,1.0,6.614378513870401e+40,1.8194778802425416e+28
Konvektif (Gercek Gozlem),TOI-3457,1.04,1.474,6.2,9.20613499277472e+41,6.787985836431097e+28
Radyatif (Gercek Gozlem),7 CMa,1.34,4.87,1.15,7.269196794923701e+41,6.031779699305956e+28
Konvektif (Gercek Gozlem),K2-19,0.88,0.82,3.0,2.096875308528e+41,3.239578894556213e+28
Konvektif (Gercek Gozlem),HD 176986,0.789,0.782,1.1,6.57402373786158e+40,1.8139190089697754e+28
Konvektif (Gercek Gozlem),HAT-P-45,1.259,1.319,9.3,1.4959197661227185e+42,8.652794875952002e+28
Radyatif (Gercek Gozlem),TOI-622,1.313,1.415,19.0,3.419240062611555e+42,1.3081786432549821e+29
Radyatif (Gercek Gozlem),KELT-19 A,1.62,1.83,84.8,2.435099900976288e+43,3.491086821044918e+29
Konvektif (Gercek Gozlem),HATS-59,1.038,1.036,2.8,2.9165536303525445e+41,3.820649881535863e+28
Konvektif (Gercek Gozlem),55 Cnc,1.015,0.98,1.06,1.02129877196802e+41,2.2608859912223363e+28
Konvektif (Gercek Gozlem),LP 791-18,0.139,0.182,2.0,4.900845487356001e+39,4.952651430594826e+27
Konvektif (Gercek Gozlem),HD 124330,1.15,1.30446,3.2,4.649790775619807e+41,4.824129569591103e+28
Konvektif (Gercek Gozlem),KELT-23 A,0.944,0.996,2.42,2.2039489218434686e+41,3.321261113583505e+28
Konvektif (Gercek Gozlem),WASP-89,0.92,0.88,2.5,1.9604931746400003e+41,3.132455610435901e+28
Konvektif (Gercek Gozlem),WASP-55,1.071,1.09,3.28,3.708895858215912e+41,4.308484923196665e+28
Konvektif (Gercek Gozlem),K2-285,0.83,0.787,3.9,2.4675857765640896e+41,3.5142963964330654e+28
Konvektif (Gercek Gozlem),K2-329,0.901,0.822,1.9,1.3630288114513982e+41,2.6118893589277994e+28
Konvektif (Gercek Gozlem),TOI-2345,0.727,0.729,2.3,1.1807136979263989e+41,2.430941786139601e+28
Konvektif (Gercek Gozlem),DMPP-1,1.21,1.26,3.41,5.035761125855461e+41,5.020359512915009e+28
Konvektif (Gercek Gozlem),WASP-45,0.85,0.855,2.3,1.61907774394275e+41,2.846663347135673e+28
Radyatif (Gercek Gozlem),75 Cet,1.92,10.38,1.77,3.416855990550913e+42,1.3077224986245611e+29
Konvektif (Gercek Gozlem),TOI-1136,1.022,0.968,6.7,6.420308287144752e+41,5.668657258190391e+28
Radyatif (Gercek Gozlem),KELT-21,1.458,1.638,146.03,3.378067576135621e+43,4.111842059929334e+29
Konvektif (Gercek Gozlem),GJ 9404,0.62,0.626041,1.3652208767804992,5.132774838563274e+40,1.6027964236475242e+28
Radyatif (Gercek Gozlem),EPIC 246851721,1.317,1.586,74.92,1.5157987798517732e+43,2.7543747892649986e+29
Konvektif (Gercek Gozlem),WASP-42,0.951,0.892,2.7,2.218523135115924e+41,3.3322243914500406e+28
Konvektif (Gercek Gozlem),HD 1461,1.02,1.152288,1.6,1.82152870703871e+41,3.0193973397830633e+28
Radyatif (Gercek Gozlem),TOI-5232,1.389,1.785,9.39,2.2550744526605155e+42,1.0623868844363997e+29
Konvektif (Gercek Gozlem),HD 133131 A,0.95,0.955014,4.0,3.515184796939452e+41,4.1944627191333405e+28
Konvektif (Gercek Gozlem),TOI-333,1.2,1.1,6.18,7.901639882136002e+41,6.288699957689017e+28
Konvektif (Gercek Gozlem),HD 285507,0.82,0.69,3.2,1.7537502580415995e+41,2.962689457068868e+28
Konvektif (Gercek Gozlem),TOI-4529,0.482,0.48,2.0,4.482012854592001e+40,1.4977482021264365e+28
Konvektif (Gercek Gozlem),HD 16905,0.85,0.77494,1.5,9.57046610900835e+40,2.188612135025701e+28
Konvektif (Gercek Gozlem),TOI-1516,1.14,1.14,11.8,1.4854106606320797e+42,8.622347586911206e+28
Konvektif (Gercek Gozlem),WASP-163,0.97,1.015,5.0,4.768289414752499e+41,4.885213647953244e+28
Konvektif (Gercek Gozlem),HD 104067,0.82,0.78,2.32,1.4373127114819198e+41,2.6821180650232987e+28
Radyatif (Gercek Gozlem),TOI-150,1.351,1.526,7.96,1.5895631158703805e+42,8.919513075668764e+28
Konvektif (Gercek Gozlem),Kepler-1720,0.939,0.839,1.3,9.92032115286303e+40,2.2282562020857582e+28
Konvektif (Gercek Gozlem),TOI-332,0.88,0.87,1.5,1.1123667795240001e+41,2.35953412751732e+28
Konvektif (Gercek Gozlem),WASP-91,0.84,0.86,2.4,1.6793600031936e+41,2.899173196135269e+28
Konvektif (Gercek Gozlem),Kepler-68,1.057,1.2564,0.5,6.43172912851014e+40,1.7941804947950396e+28
Radyatif (Gercek Gozlem),TOI-5301,1.483,2.19,11.8,3.712120791998346e+42,1.3630547730423332e+29
Konvektif (Gercek Gozlem),TOI-500,0.74,0.678,1.1,5.345753454241201e+40,1.635711551405076e+28
Konvektif (Gercek Gozlem),Kepler-1651,0.522,0.503,1.1,2.79760245050286e+40,1.1833010718655283e+28
Konvektif (Gercek Gozlem),NGTS-11,0.862,0.832,1.1,7.641490961744641e+40,1.9556507998421507e+28
Konvektif (Gercek Gozlem),HD 183579,0.996,0.96,2.0,1.8523173457152e+41,3.044808300396293e+28
Konvektif (Gercek Gozlem),GJ 887,0.495,0.468,2.5,5.609780741565001e+40,1.6756187122526865e+28
Konvektif (Gercek Gozlem),HD 219666,1.02,1.059,2.2,2.30183208411156e+41,3.3942128839628573e+28
Radyatif (Gercek Gozlem),HAT-P-34,1.392,1.53,24.0,4.95104341140864e+42,1.5741663525211462e+29
Konvektif (Gercek Gozlem),TOI-2046,1.13,1.21,9.8,1.29791041073694e+42,8.059806512433463e+28
Konvektif (Gercek Gozlem),HD 170469,1.1,1.24,1.7,2.2460432674680004e+41,3.3528283277160397e+28
Konvektif (Gercek Gozlem),BD+15 2375,1.08,8.95,2.5,2.3406777453149998e+42,1.08236333226904e+29
Radyatif (Gercek Gozlem),KELT-17,1.635,1.645,44.2,1.1514915494765865e+43,2.4006709412893896e+29
Radyatif (Gercek Gozlem),HD 142245,3.5,4.63,2.66,4.1752789743483e+42,1.4455895739768395e+29
Konvektif (Gercek Gozlem),HD 4203,0.99,1.49795,1.23,1.7668205822303533e+41,2.9737091076648323e+28
Konvektif (Gercek Gozlem),K2-8,0.78,0.74,2.0,1.118178518184e+41,2.365689979688801e+28
Konvektif (Gercek Gozlem),HATS-33,1.062,1.022,3.87,4.068564487737095e+41,4.512558656051995e+28
Konvektif (Gercek Gozlem),Kepler-539,1.048,0.952,4.4,4.252122170360064e+41,4.613230185514795e+28
Konvektif (Gercek Gozlem),HD 39091,1.07,1.19,3.34,4.11938167191642e+41,4.540652583656623e+28
Radyatif (Gercek Gozlem),HD 206255,1.42,2.221489,2.0,6.1110710585906434e+41,5.530455789009383e+28
Radyatif (Gercek Gozlem),HD 38283,1.37,1.49,3.0,5.9317510633290016e+41,5.448710284131963e+28
Konvektif (Gercek Gozlem),Kepler-25,1.165,1.316,9.34,1.3870225357642837e+42,8.33189938342691e+28
Konvektif (Gercek Gozlem),HD 55696,1.29,1.52,7.0,1.3294933358616e+42,8.157279448509845e+28
Radyatif (Gercek Gozlem),24 Sex,1.54,4.9,2.77,2.0246567066926206e+42,1.006648744618177e+29
Konvektif (Gercek Gozlem),K2-352,0.98,0.95,2.732410182352265,2.4640550288705437e+41,3.5117812790811476e+28
Konvektif (Gercek Gozlem),HD 8673,1.28,1.50225,26.9,5.0102487554857926e+42,1.5835504443347072e+29
Radyatif (Gercek Gozlem),WASP-150,1.394,1.651,8.82,1.966225203367032e+42,9.920164809023576e+28
Konvektif (Gercek Gozlem),TOI-2134,0.744,0.709,2.0,1.0218896320651203e+41,2.261539900830549e+28
Konvektif (Gercek Gozlem),TOI-4010,0.88,0.83,1.3,9.197270154072e+40,2.145515862293111e+28
Konvektif (Gercek Gozlem),HD 11506,1.22,1.24,5.5,8.059331724444e+41,6.351141284669854e+28
Konvektif (Gercek Gozlem),HD 9174,1.03,1.67,2.1,3.4988700841731e+41,4.184717706506455e+28
Konvektif (Gercek Gozlem),GJ 4274,0.18,0.19,2.3,7.61918938326e+39,6.175279831497298e+27
Konvektif (Gercek Gozlem),GJ 724,0.5271,0.52226,2.0,5.332914277428301e+40,1.6337460833860105e+28
Konvektif (Gercek Gozlem),HD 34445,1.07,1.38,2.7,3.8617259874102e+41,4.396357343863889e+28
Radyatif (Gercek Gozlem),TOI-1842,1.4643,2.032,4.23,1.2191270285403126e+42,7.811361519979179e+28
Konvektif (Gercek Gozlem),HD 27631,0.944,0.923,1.34,1.1309237385552288e+41,2.379134080237575e+28
Konvektif (Gercek Gozlem),TOI-1803,0.756,0.715,1.0,5.235795358794e+40,1.6188014694812315e+28
Konvektif (Gercek Gozlem),HD 204313,1.03,1.1,2.4,2.6338799607120004e+41,3.630782613424542e+28
Konvektif (Gercek Gozlem),HD 141399,1.07,1.387236,2.9,4.169528557280148e+41,4.568206573448538e+28
Konvektif (Gercek Gozlem),HD 108341,0.843,0.79,2.0,1.2901478651334e+41,2.5411014387838178e+28
Radyatif (Gercek Gozlem),ups Leo,1.48,11.22,1.78,2.863053088944048e+42,1.197062865507071e+29
Radyatif (Gercek Gozlem),HD 238914,1.47,12.73,2.5,4.531485279935251e+42,1.5059915838470822e+29
Konvektif (Gercek Gozlem),TOI-2260,0.99,0.94,5.628067194160295,5.0731435180431004e+41,5.038959088831186e+28
Konvektif (Gercek Gozlem),TOI-500,0.74,0.678,1.1,5.345753454241201e+40,1.635711551405076e+28
Konvektif (Gercek Gozlem),TOI-2537,0.771,0.771,3.0,1.72736787039453e+41,2.940320533004771e+28
Konvektif (Gercek Gozlem),K2-352,0.98,0.95,2.732410182352265,2.4640550288705437e+41,3.5117812790811476e+28
Radyatif (Gercek Gozlem),TOI-1408,1.312,1.53,9.8,1.905487780367808e+42,9.765744148664124e+28
Konvektif (Gercek Gozlem),HD 165131,1.06,1.06419,2.3,2.5130880288765346e+41,3.5465501776437926e+28
Konvektif (Gercek Gozlem),Kepler-44,1.12,1.35,4.0,5.858232569280002e+41,5.414839178565669e+28
Konvektif (Gercek Gozlem),Kepler-41,1.15,1.29,6.0,8.621714302109998e+41,6.568997125420575e+28
Konvektif (Gercek Gozlem),Kepler-94,0.81,0.76,0.5,2.98142193258e+40,1.2215576815932433e+28
Konvektif (Gercek Gozlem),HAT-P-37,0.929,0.877,3.07,2.422749481698464e+41,3.482222462993152e+28
Konvektif (Gercek Gozlem),WASP-103,1.22,1.436,10.6,1.798767210803472e+42,9.48832909047229e+28
Konvektif (Gercek Gozlem),TOI-6564,1.18,1.7,1.0,1.94305795866e+41,3.118495600142496e+28
Konvektif (Gercek Gozlem),HD 7924,0.65,0.78,1.35,6.629740876395001e+40,1.8215895879215835e+28
Konvektif (Gercek Gozlem),HD 133131 B,0.93,0.989538,7.0,6.2397658314009025e+41,5.588386101212114e+28
Konvektif (Gercek Gozlem),Kepler-19,0.936,0.859,2.0,1.5575924547892802e+41,2.7920884713737814e+28
Konvektif (Gercek Gozlem),HD 79181,1.28,11.06,1.84,2.5231190704312326e+42,1.1237536907940234e+29
Konvektif (Gercek Gozlem),HD 85390,0.758,0.8,4.0,2.349492215616e+41,3.4291719552070263e+28
Konvektif (Gercek Gozlem),TOI-1238,0.59,0.58,2.0,6.62925656484e+40,1.8215230519125056e+28
Konvektif (Gercek Gozlem),Kapteyn,0.281,0.291,6.0,4.752316819668601e+40,1.5422506108869212e+28
Konvektif (Gercek Gozlem),HD 27894,0.81,0.891767,1.5,1.0495001417964744e+41,2.2918886234816946e+28
Konvektif (Gercek Gozlem),TOI-700,0.415,0.421,0.39443592671129907,6.67515699247977e+39,5.780068698255705e+27
Radyatif (Gercek Gozlem),KELT-3,1.96,1.7,7.2,2.3237655858144e+42,1.0784460295934823e+29
Radyatif (Gercek Gozlem),TOI-201,1.32,1.31,9.52,1.5945458138850244e+42,8.933481840360077e+28
Konvektif (Gercek Gozlem),HD 81040,0.99,0.91,2.0,1.745265119598e+41,2.955513603191271e+28
Konvektif (Gercek Gozlem),GJ 1252,0.381,0.391,0.30908997018194656,4.460067918097177e+39,4.724686471369145e+27
Konvektif (Gercek Gozlem),LHS 475,0.262,0.2789,0.17789098422781863,1.2590952051070826e+39,2.5103342015235247e+27
Konvektif (Gercek Gozlem),TOI-2196,1.032,1.043,2.0,2.0852053372987202e+41,3.230551524065704e+28
Konvektif (Gercek Gozlem),HIP 8923,1.01,1.32164,3.0,3.8789182727142116e+41,4.406132699878658e+28
Konvektif (Gercek Gozlem),TYC 4282-00605-1,0.97,16.21,3.0,4.5691017584121e+42,1.5122293863442057e+29
Konvektif (Gercek Gozlem),Kepler-165,0.746,0.77,0.2,1.1127929736924e+40,7.462931329487673e+27
Konvektif (Gercek Gozlem),HD 148164,1.21,1.34,4.0,6.282102042216001e+41,5.607312383240588e+28
Konvektif (Gercek Gozlem),HD 207832,1.05,0.89,3.0,2.7155348888850007e+41,3.6866333842864192e+28
Konvektif (Gercek Gozlem),HD 187085,1.189,1.27,5.1,7.459514769445829e+41,6.1102298447754915e+28
Konvektif (Gercek Gozlem),17 Sco,1.22,25.92,3.98,1.2190814598598274e+43,2.4701232374331536e+29
Konvektif (Gercek Gozlem),TOI-733,0.956,0.949,2.2,1.933310510579448e+41,3.1106637204427804e+28
Konvektif (Gercek Gozlem),GJ 357,0.342,0.337,2.0,2.2327537583988e+40,1.057116064381283e+28
Konvektif (Gercek Gozlem),K2-214,1.03,1.236,1.9,2.34295594686972e+41,3.4243986684656314e+28
Konvektif (Gercek Gozlem),TOI-469,0.901,0.98,1.94,1.659233177315532e+41,2.881747795511362e+28
Konvektif (Gercek Gozlem),TOI-3757,0.64,0.62,2.0,7.686993000960001e+40,1.9614647191128177e+28
Konvektif (Gercek Gozlem),Kepler-87,1.1,1.82,4.3,8.338488904746001e+41,6.460199586888352e+28
Konvektif (Gercek Gozlem),BD+03 2562,1.14,32.35,2.7,9.644899951896299e+42,2.1971065639156766e+29
Konvektif (Gercek Gozlem),Kepler-20,0.948,0.9639,2.0,1.770211426622184e+41,2.9765612794231334e+28
Radyatif (Gercek Gozlem),TYC 3667-1280-1,1.87,6.26,3.2,3.6284466720902405e+42,1.3476050517197316e+29
Konvektif (Gercek Gozlem),K2-240,0.58,0.54,2.529636584609281,7.674228275421589e+40,1.9598354759529173e+28
Konvektif (Gercek Gozlem),HD 164509,1.12,1.11,2.4,2.890061400844801e+41,3.803258047516629e+28
Konvektif (Gercek Gozlem),TOI-815,0.776,0.77,1.0,5.787716806872e+40,1.7019856517005643e+28
Konvektif (Gercek Gozlem),HD 141399,1.07,1.387236,2.9,4.169528557280148e+41,4.568206573448538e+28
Konvektif (Gercek Gozlem),Ross 458,0.556419,0.562566,18.48165629684812,5.6036518913506745e+41,5.295876297886487e+28
Konvektif (Gercek Gozlem),HIP 67851,1.28,5.45,3.33,2.2501192335148804e+42,1.0612190172438488e+29
Konvektif (Gercek Gozlem),KOI-3680,1.01,0.96,3.5,3.2871193860960002e+41,4.056112545216103e+28
Konvektif (Gercek Gozlem),G 268-110,0.137,0.177,0.06262177279382417,1.470869078797416e+38,8.580039103109128e+26
Konvektif (Gercek Gozlem),HATS-36,1.1,1.1,4.98,5.836729136238002e+41,5.404892093254937e+28
Konvektif (Gercek Gozlem),GJ 3138,0.681,0.5,0.5952086081433603,1.9630942286688092e+40,9.912263333761785e+27
Konvektif (Gercek Gozlem),HIP 57274,0.29,0.78,0.5,1.09551273741e+40,7.404759775835934e+27
Konvektif (Gercek Gozlem),HD 116029,0.83,4.89,0.46,1.8084212836162196e+41,3.0085141807305404e+28
Konvektif (Gercek Gozlem),TOI-4666,0.576,0.585,1.934427976465921,6.313726143024335e+40,1.7776453793169138e+28
Konvektif (Gercek Gozlem),K2-32,0.83,0.86,0.7,4.839822231425999e+40,1.5563847368700842e+28
Konvektif (Gercek Gozlem),Wolf 1069,0.167,0.1813,2.0,5.8654197527562e+39,5.41815976314837e+27
Konvektif (Gercek Gozlem),TrES-3,0.928,0.829,1.5,1.1177600730004801e+41,2.365247293574641e+28
Konvektif (Gercek Gozlem),HD 5608,1.29,5.43,1.37,9.295332589105291e+41,6.820790726276398e+28
Konvektif (Gercek Gozlem),K2-287,1.056,1.07,3.2,3.50229319824384e+41,4.186764262077029e+28
Konvektif (Gercek Gozlem),TOI-5027,1.02,0.92,4.52,4.10848078743648e+41,4.534640769023108e+28
Konvektif (Gercek Gozlem),HD 158259,1.08,1.21,2.9,3.6708103724292e+41,4.286306602009757e+28
Konvektif (Gercek Gozlem),WASP-138,1.22,1.36,7.7,1.2374973873662401e+42,7.869994039037545e+28
Konvektif (Gercek Gozlem),BD-06 1339,0.7,0.686355,0.57,2.6526290655095595e+40,1.152233559192627e+28
Konvektif (Gercek Gozlem),WASP-148,0.954,0.912,2.0,1.68549719921856e+41,2.9044658576080407e+28
Konvektif (Gercek Gozlem),HD 37124,0.85,0.949168,1.2,9.377737812739296e+40,2.166463124273867e+28
Konvektif (Gercek Gozlem),GJ 3293,0.42,0.404,0.4985235025278779,8.193531347919328e+39,6.403800856132367e+27
Radyatif (Gercek Gozlem),WASP-178,2.07,1.67,8.2,2.74571524774638e+42,1.1722763563805758e+29
Konvektif (Gercek Gozlem),Kepler-63,0.984,0.901,5.6,4.809088207594945e+41,4.9060687468199265e+28
Radyatif (Gercek Gozlem),11 UMi,2.78,29.79,1.5,1.2032652780357299e+43,2.4540474198591938e+29
Konvektif (Gercek Gozlem),HD 215152,0.77,0.73,3.35,1.82395121793885e+41,3.0214044705515543e+28
Konvektif (Gercek Gozlem),TOI-1136,1.022,0.968,6.7,6.420308287144752e+41,5.668657258190391e+28
Konvektif (Gercek Gozlem),K2-240,0.58,0.54,2.529636584609281,7.674228275421589e+40,1.9598354759529173e+28
Konvektif (Gercek Gozlem),CoRoT-20,1.14,1.02,4.5,5.0684172853860005e+41,5.036611348993568e+28
Radyatif (Gercek Gozlem),WASP-95,1.46,1.23,3.1,5.3923054809078005e+41,5.195047249107505e+28
Konvektif (Gercek Gozlem),HD 7199,0.77,0.97,2.5,1.8086615021475e+41,3.0087139894991863e+28
Konvektif (Gercek Gozlem),TOI-1243,0.515,0.511,2.0,5.098154014863e+40,1.597381806603408e+28
Radyatif (Gercek Gozlem),TOI-375,1.441,2.9,2.97,1.202190396970563e+42,7.756912371431445e+28
Konvektif (Gercek Gozlem),K2-248,0.88,0.92,2.6,2.0389129016256002e+41,3.194490456615171e+28
Konvektif (Gercek Gozlem),L 168-9,0.614,0.604,1.0537244807613833,3.785185835185381e+40,1.3764037943124423e+28
Konvektif (Gercek Gozlem),HD 32518,1.13,10.22,1.2,1.34234890177752e+42,8.196623067983216e+28
Konvektif (Gercek Gozlem),NGTS-12,1.021,1.589,0.5,7.857320531737949e+40,1.9830766144371984e+28
Konvektif (Gercek Gozlem),TOI-5005,0.97,0.93,1.35,1.17962312516685e+41,2.4298188503424963e+28
Konvektif (Gercek Gozlem),WASP-21,1.01,1.06,1.5,1.555511852349e+41,2.790223038818107e+28
Konvektif (Gercek Gozlem),HD 148156,1.22,1.21,5.73,8.19322062244686e+41,6.4036794284580455e+28
Konvektif (Gercek Gozlem),Kepler-411,0.87,0.82,3.989042306499251,2.7564909681589087e+41,3.7143305038575162e+28
Konvektif (Gercek Gozlem),HD 221416,1.212,2.943,2.8,9.673992353280528e+41,6.958331707137077e+28
Konvektif (Gercek Gozlem),HATS-57,1.026,0.96,4.09,3.902085025360704e+41,4.419270876726771e+28
Konvektif (Gercek Gozlem),HD 48948,0.686,0.679,2.0,9.023576657986803e+40,2.1251599077780073e+28
Konvektif (Gercek Gozlem),TOI-431,0.78,0.731,2.5,1.3807238121495001e+41,2.628788616518612e+28
Konvektif (Gercek Gozlem),HD 45652,0.92,0.94,2.0,1.6753305310560002e+41,2.895692955576087e+28
Konvektif (Gercek Gozlem),HATS-75,0.6017,0.5848,0.8442829481527288,2.8775986424367315e+40,1.2000998128402256e+28
Konvektif (Gercek Gozlem),K2-389,0.99,1.094,1.8,1.8883385019298802e+41,3.0742712393838483e+28
Konvektif (Gercek Gozlem),HD 191939,0.81,0.94,1.6,1.1800154175264e+41,2.4302228438360757e+28
Konvektif (Gercek Gozlem),HN Peg,1.08,1.006954,10.0,1.0533876283154952e+42,7.260998796260336e+28
Konvektif (Gercek Gozlem),WASP-31,1.163,1.252,7.9,1.1142072021779246e+42,7.4676720760308806e+28
Konvektif (Gercek Gozlem),TOI-4336 A,0.306,0.326,0.46459804314514125,4.4892235167162013e+39,4.740104025203535e+27
Radyatif (Gercek Gozlem),Kepler-43,1.32,1.42,4.9,8.896377071181603e+41,6.6728113840925915e+28
Konvektif (Gercek Gozlem),KOI-351,1.242,1.185,4.6,6.5577159991816195e+41,5.7289965436632445e+28
Konvektif (Gercek Gozlem),WASP-85 A,1.09,0.935,3.132728750476395,3.092542865929005e+41,3.9342334097212878e+28
Konvektif (Gercek Gozlem),YZ Cet,0.142,0.157,2.0,4.318896722868e+39,4.6493117462753614e+27
Konvektif (Gercek Gozlem),HD 222237,0.76,0.71,2.4,1.2544056723743999e+41,2.5056549380432533e+28
Konvektif (Gercek Gozlem),HD 99492,0.85,0.822539,0.41,2.776605040702871e+40,1.1788520740805437e+28
Konvektif (Gercek Gozlem),Kepler-444,0.758,0.752,2.0,1.10426134133952e+41,2.350921849028129e+28
Konvektif (Gercek Gozlem),LHS 1903,0.538,0.539,0.6683696662276485,1.8773385520253002e+40,9.693342482846397e+27
Konvektif (Gercek Gozlem),DMPP-6,1.079,1.27,2.4,3.1855999351831197e+41,3.992986804327699e+28
Konvektif (Gercek Gozlem),TOI-286,0.832,0.78,1.0961758533306885,6.890535691893224e+40,1.8570720402044506e+28
Radyatif (Gercek Gozlem),KIC 7917485,1.63,2.009938,120.0,3.8080824074898036e+43,4.365715463581883e+29
Radyatif (Gercek Gozlem),KELT-18,1.524,1.908,12.3,3.4643620722359374e+42,1.3167820438740185e+29
Konvektif (Gercek Gozlem),HD 152843,1.15,1.43,8.38,1.3348507902830098e+42,8.173698603631865e+28
Konvektif (Gercek Gozlem),HIP 14810,1.01,1.07,0.54,5.6526713728758e+40,1.6820121436212013e+28
Konvektif (Gercek Gozlem),HD 40307,0.77,0.716684,1.0,5.345314474247747e+40,1.635644389741721e+28
Konvektif (Gercek Gozlem),HD 89345,1.157,1.747,0.58,1.1355573796714604e+41,2.384003013573185e+28
Konvektif (Gercek Gozlem),HD 96167,1.27,1.94,3.8,9.068675749988401e+41,6.737118636142565e+28
Konvektif (Gercek Gozlem),K2-24,1.07,1.16,2.0,2.4045100082640003e+41,3.4690898843855206e+28
Konvektif (Gercek Gozlem),HR 858,1.204,1.258,7.5,1.10033066875914e+42,7.42102452785328e+28
Konvektif (Gercek Gozlem),HAT-P-54,0.645,0.617,2.35,9.058735255322026e+40,2.1292960172766497e+28
Konvektif (Gercek Gozlem),HD 3167,0.864,0.871,2.41,1.7567249383573344e+41,2.9652010233533185e+28
Konvektif (Gercek Gozlem),Kepler-974,0.46,0.45,0.6599051959850298,1.323142806107171e+40,8.137773876744645e+27
Konvektif (Gercek Gozlem),K2-141,0.708,0.681,3.0,1.4010590857208403e+41,2.6480762331059395e+28
Konvektif (Gercek Gozlem),TOI-3568,0.78,0.719,1.4,7.605124975702799e+40,1.9509917623373267e+28
Konvektif (Gercek Gozlem),K2-280,1.03,1.28,3.0,3.8310981246719995e+41,4.3788885905728004e+28
Konvektif (Gercek Gozlem),TOI-5786,1.23,1.36,7.0,1.1342189168856003e+42,7.5344351850578585e+28
Konvektif (Gercek Gozlem),TRAPPIST-1,0.0898,0.1192,2.04,2.1151325368240708e+39,3.253651630561177e+27
Konvektif (Gercek Gozlem),TOI-1117,0.97,1.05,1.32,1.3022362815462002e+41,2.5529784775508466e+28
Konvektif (Gercek Gozlem),GJ 720 A,0.57,0.56,0.99,3.0609265174488003e+40,1.2377379585269163e+28
Konvektif (Gercek Gozlem),Gl 686,0.426,0.427,2.49,4.387242575784979e+40,1.4818289729241654e+28
Konvektif (Gercek Gozlem),HD 44219,1.2,1.32,2.2,3.375457813728e+41,4.110253429156393e+28
Konvektif (Gercek Gozlem),HD 72659,1.033,1.36,1.6,2.17727877564288e+41,3.3011045377848585e+28
Radyatif (Gercek Gozlem),TOI-6029,1.548,2.338,10.4,3.645890566933306e+42,1.350840498919163e+29
Konvektif (Gercek Gozlem),K2-138,0.935,0.863,2.7,2.1102844425512856e+41,3.249920644716326e+28
Konvektif (Gercek Gozlem),Kepler-11,0.961,1.065,0.4,3.9654074051046003e+40,1.4087896901039711e+28
Konvektif (Gercek Gozlem),HD 179949,1.21,1.266865,6.3,9.354295481974893e+41,6.842389619539364e+28
Radyatif (Gercek Gozlem),kap CrB,1.33,4.68,1.5,9.043646528826e+41,6.727815108954041e+28
Konvektif (Gercek Gozlem),NGTS-26,0.96,1.16,1.5,1.617988042944e+41,2.84570522945947e+28
Konvektif (Gercek Gozlem),HD 106315,1.091,1.296,12.71,1.7407248498750804e+42,9.33398981462984e+28
Radyatif (Gercek Gozlem),HD 60532,1.5,2.57,8.0,2.98723367124e+42,1.2227477039714969e+29
Konvektif (Gercek Gozlem),WASP-166,1.19,1.22,5.1,7.1718598585998e+41,5.991259841426216e+28
Konvektif (Gercek Gozlem),WASP-84,0.853,0.768,2.558,1.6231760193170996e+41,2.8502638650984903e+28
Konvektif (Gercek Gozlem),TOI-2295,1.168,1.459,3.9,6.437504834390448e+41,5.676243821037651e+28
Konvektif (Gercek Gozlem),TOI-663,0.514,0.512,0.8634492875466347,2.2010238166762633e+40,1.0495777826631009e+28
Konvektif (Gercek Gozlem),TOI-6448,1.03,0.897,20.5,1.834587183998205e+42,9.582336895574613e+28
Konvektif (Gercek Gozlem),TOI-1064,0.748,0.726,2.7,1.420223875126056e+41,2.6661259541202314e+28
Radyatif (Gercek Gozlem),WASP-101,1.41,1.31,12.4,2.2185382456364397e+42,1.0537454637247746e+29
Konvektif (Gercek Gozlem),HD 158259,1.08,1.21,2.9,3.6708103724292e+41,4.286306602009757e+28
Konvektif (Gercek Gozlem),55 Cnc B,0.26,0.274,1.29,8.9016076359756e+39,6.674772713032905e+27
Radyatif (Gercek Gozlem),KELT-20,1.76,1.565,117.4,3.1322032301720166e+43,3.959380361079721e+29
Konvektif (Gercek Gozlem),Kepler-62,0.69,0.64,0.4,1.7109758615040003e+40,9.253887156363142e+27
Konvektif (Gercek Gozlem),HD 21520,1.09,1.044,2.5,2.7556358856390002e+41,3.7137543536958116e+28
Konvektif (Gercek Gozlem),HD 28471,0.98,1.08,2.0,2.050381399248e+41,3.2034620593048088e+28
Radyatif (Gercek Gozlem),TOI-4641,1.41,1.72,86.3,2.027277413379036e+43,3.185362397043024e+29
Konvektif (Gercek Gozlem),WASP-107,0.683,0.657,0.507,2.2036816690411886e+40,1.0502113017383184e+28
Konvektif (Gercek Gozlem),ome Ser,1.01,10.99,1.89,2.032056115492221e+42,1.008486540737634e+29
Konvektif (Gercek Gozlem),CoRoT-2,0.96,0.906,10.87,9.157644944989631e+41,6.770085581714007e+28
Konvektif (Gercek Gozlem),TYC 1422-614-1,1.15,6.85,1.4,1.0682459968634999e+42,7.312028829865469e+28
Konvektif (Gercek Gozlem),TOI-4010,0.88,0.83,1.3,9.197270154072e+40,2.145515862293111e+28
Konvektif (Gercek Gozlem),Kepler-100,1.08,1.49,3.7,5.7672207418644e+41,5.37261283529718e+28
Konvektif (Gercek Gozlem),TOI-700,0.415,0.421,0.39443592671129907,6.67515699247977e+39,5.780068698255705e+27
Konvektif (Gercek Gozlem),HD 104067,0.82,0.78,2.32,1.4373127114819198e+41,2.6821180650232987e+28
Konvektif (Gercek Gozlem),Kepler-11,0.961,1.065,0.4,3.9654074051046003e+40,1.4087896901039711e+28
Konvektif (Gercek Gozlem),HD 12661,1.2,1.2,1.3,1.81326246192e+41,3.012538414244256e+28
Radyatif (Gercek Gozlem),HD 40956,2.0,8.56,2.7,4.4773634636640005e+42,1.4969711602053282e+29
Konvektif (Gercek Gozlem),TOI-4495,1.247,1.309,6.8,1.0751519309334807e+42,7.335625941569585e+28
Konvektif (Gercek Gozlem),GJ 3470,0.539,0.547,1.2847829264450112,3.6691095143452077e+40,1.3551351033461293e+28
Konvektif (Gercek Gozlem),HD 183263,1.06,1.23,1.6,2.0206252973088003e+41,3.1801320296915772e+28
Konvektif (Gercek Gozlem),K2-136,0.742,0.677,2.0,9.7314464267748e+40,2.2069421848328047e+28
Konvektif (Gercek Gozlem),HD 107148,1.12,1.169193,0.73,9.25938017413548e+40,2.1527481068344294e+28
Konvektif (Gercek Gozlem),Kepler-20,0.929,0.9164,0.4,3.2984933461028643e+40,1.2848725892562478e+28
Radyatif (Gercek Gozlem),TOI-4551,1.31,3.55,2.84,1.27930122354762e+42,8.001817935172522e+28
Konvektif (Gercek Gozlem),HD 46375,0.92,0.914196,0.86,7.00616598056156e+40,1.8725890045230536e+28
Konvektif (Gercek Gozlem),TIC 4672985,1.01,1.15,3.5,3.937695097927499e+41,4.439390011399179e+28
Konvektif (Gercek Gozlem),K2-100,1.15,1.24,14.0,1.933759176804e+42,9.837923743543847e+28
Konvektif (Gercek Gozlem),AU Mic,0.635,0.862,9.2,4.87779613183044e+41,4.940991201490386e+28
Konvektif (Gercek Gozlem),TOI-2015,0.3041,0.3273,2.0,1.9281785516180458e+40,9.823717881429424e+27
Konvektif (Gercek Gozlem),HAT-P-53,1.093,1.209,4.1,5.247895108097187e+41,5.125011344550147e+28
Konvektif (Gercek Gozlem),TOI-2529,1.11,1.7,3.7,6.7628296917090006e+41,5.81790309776641e+28
Konvektif (Gercek Gozlem),TOI-3862,0.9,0.92,3.5,2.8070697727800004e+41,3.7482526945447745e+28
Konvektif (Gercek Gozlem),K2-34,1.16,1.42,6.31,1.006770587665752e+42,7.098515218099429e+28
Konvektif (Gercek Gozlem),GJ 3021,0.9,0.9,5.5,4.315215955050001e+41,4.647330142426155e+28
Konvektif (Gercek Gozlem),Kepler-47,0.957,0.936,4.1,3.5573489609177525e+41,4.219543737650163e+28
Konvektif (Gercek Gozlem),HD 190984,0.91,1.53,3.4,4.585287450580201e+41,4.790551809503843e+28
Konvektif (Gercek Gozlem),TOI-1260,0.679,0.672,1.5,6.6295665242352e+40,1.8215656352382916e+28
Konvektif (Gercek Gozlem),HD 16141,1.11,1.48,1.93,3.0711203070584404e+41,3.9205831846550584e+28
Konvektif (Gercek Gozlem),HD 103720,0.794,0.73,0.42,2.3580199734764404e+40,1.086365581613821e+28
Konvektif (Gercek Gozlem),TOI-481,1.14,1.66,4.54,8.32192157507256e+41,6.453778671018809e+28
Konvektif (Gercek Gozlem),HD 23472,0.67,0.71,1.45,6.681223194691502e+40,1.8286485591547244e+28
Konvektif (Gercek Gozlem),HD 73344,1.19,1.22,5.67,7.97342066632566e+41,6.317199564836484e+28
Konvektif (Gercek Gozlem),2MASS J22501512+2325342,0.433173,0.437589,30.0,5.508125874148296e+41,5.250542597514069e+28
Konvektif (Gercek Gozlem),K2-111,0.84,1.25,1.1,1.11875969205e+41,2.366304684124195e+28
Konvektif (Gercek Gozlem),TOI-544,0.631,0.623,1.6294924181477353,6.204754125521161e+40,1.7622379366322489e+28
Konvektif (Gercek Gozlem),HD 220842,1.13,1.41647,3.4,5.271322265380571e+41,5.136437902011868e+28
Konvektif (Gercek Gozlem),K2-345,0.56,0.52,1.4243757704351125,4.017637736308575e+40,1.4180372695568122e+28
Konvektif (Gercek Gozlem),61 Vir,0.942,0.963,1.9,1.6694969015137138e+41,2.8906470465825613e+28
Konvektif (Gercek Gozlem),HD 156668,0.785167,0.774528,0.5,2.945262390033983e+40,1.2141273822450874e+28
Konvektif (Gercek Gozlem),WASP-126,1.12,1.27,0.5,6.888847558320001e+40,1.8568445413687197e+28
Konvektif (Gercek Gozlem),HIP 14810,1.01,1.07,0.54,5.6526713728758e+40,1.6820121436212013e+28
Radyatif (Gercek Gozlem),Kepler-462,1.59,1.57,80.0,1.9343790955944e+43,3.1115232692408115e+29
Konvektif (Gercek Gozlem),TOI-763,0.917,0.897,1.7,1.354457949862563e+41,2.6036644979971873e+28
Konvektif (Gercek Gozlem),HD 50499,1.253,1.351,4.313,7.071974803236724e+41,5.949392345901309e+28
Konvektif (Gercek Gozlem),HD 108236,0.869,0.877,4.7,3.469541241887721e+41,4.1671418599226165e+28
Konvektif (Gercek Gozlem),HD 20794,0.79,0.93,3.0,2.134942196751e+41,3.2688524561587563e+28
Konvektif (Gercek Gozlem),Proxima Cen,0.1221,0.141,0.08574008616103573,1.429794159479725e+38,8.459389413144987e+26
Konvektif (Gercek Gozlem),Qatar-6,0.822,0.722,2.9,1.667100721664196e+41,2.8885718713192437e+28
Konvektif (Gercek Gozlem),HD 68988,1.171665,1.255733,2.84,4.047379529705302e+41,4.500794907939023e+28
Konvektif (Gercek Gozlem),HD 99109,0.76,0.98,1.86,1.34186071573008e+41,2.591528428987158e+28
Konvektif (Gercek Gozlem),HD 70573,1.0,0.976919,14.7,1.3910114903971923e+42,8.34387168612834e+28
Konvektif (Gercek Gozlem),HD 115404 A,0.83,0.727007,1.9358563204916208,1.131474138948353e+41,2.3797129508556772e+28
Konvektif (Gercek Gozlem),LHS 3154,0.1118,0.1405,2.0,3.0430069899138006e+39,3.902597239632061e+27
Konvektif (Gercek Gozlem),K2-33,0.56,1.05,8.2,4.6703131871760004e+41,4.834763787069308e+28
Konvektif (Gercek Gozlem),K2-35,0.701968,0.619575,3.0,1.2638259881469105e+41,2.51504580398264e+28
Konvektif (Gercek Gozlem),Kepler-96,1.0,1.02,0.5,4.939977861000001e+40,1.5724062426395707e+28
Konvektif (Gercek Gozlem),HATS-22,0.759,0.689,0.5,2.53271211998805e+40,1.1258879534295154e+28
Konvektif (Gercek Gozlem),HD 22781,0.75,0.743475,1.73,9.343908190526568e+40,2.1625519013400055e+28
Konvektif (Gercek Gozlem),NGTS-6,0.767,0.754,2.851,1.5970508844073222e+41,2.827233218131521e+28
Konvektif (Gercek Gozlem),Kepler-1907,0.752,0.8,4.1,2.3891670182015998e+41,3.458004176384391e+28
Konvektif (Gercek Gozlem),TOI-5624,0.858,0.82,2.0,1.3629689505432e+41,2.6118320043860276e+28
Radyatif (Gercek Gozlem),HD 18438,1.84,88.475,5.5,8.6727316813137e+43,6.588403863762493e+29
Konvektif (Gercek Gozlem),HD 154088,0.91,0.95,1.9,1.5910118893305003e+41,2.821882787984225e+28
Konvektif (Gercek Gozlem),TOI-663,0.514,0.512,0.8634492875466347,2.2010238166762633e+40,1.0495777826631009e+28
Konvektif (Gercek Gozlem),CoRoT-9,0.96,0.96,3.5,3.124390703616e+41,3.954439417817548e+28
Konvektif (Gercek Gozlem),HAT-P-35,1.236,1.435,0.5,8.590040326412999e+40,2.0734800415459005e+28
Konvektif (Gercek Gozlem),HD 190360,0.996,1.14,2.2,2.41958953284048e+41,3.479950821768078e+28
Konvektif (Gercek Gozlem),HD 92788,1.15,1.14,2.719,3.452762655513989e+41,4.1570535685677526e+28
Konvektif (Gercek Gozlem),CoRoT-23,1.14,1.61,9.0,1.6000297704846e+42,8.948830655137259e+28
Konvektif (Gercek Gozlem),HD 28109,1.227,1.425,8.0,1.3548906338058003e+42,8.234825076121796e+28
Konvektif (Gercek Gozlem),Kepler-22,0.857,0.869,0.6,4.32819356747778e+40,1.4718230351457595e+28
Konvektif (Gercek Gozlem),WASP-20,1.2,1.242,4.75,6.857270444934e+41,5.858384836929678e+28
Konvektif (Gercek Gozlem),WASP-182,1.076,1.34,1.4,1.95523936289136e+41,3.128255551781864e+28
Konvektif (Gercek Gozlem),EPIC 249893012,1.05,1.71,2.1,3.6522418674105e+41,4.275451885576351e+28
Konvektif (Gercek Gozlem),WASP-35,1.05,1.08,3.9,4.2838325662860005e+41,4.6303999216984346e+28
Konvektif (Gercek Gozlem),HD 65216,0.874,0.88,1.0,7.449874063632e+40,1.93097532286498e+28
Konvektif (Gercek Gozlem),TOI-3629,0.63,0.6,2.0,7.3227907116e+40,1.9144347510991897e+28
Konvektif (Gercek Gozlem),HD 31527,0.96,1.073694,1.9,1.8969687943582522e+41,3.081288417221173e+28
Konvektif (Gercek Gozlem),TOI-712,0.732,0.674,2.738036065563924,1.308473611498871e+41,2.559085183120879e+28
Konvektif (Gercek Gozlem),TOI-2589,0.93,1.07,2.2,2.1205290848742e+41,3.257799668956649e+28
Konvektif (Gercek Gozlem),NGTS-27,1.07,1.77,1.6,2.9351604928464e+41,3.8328178872976977e+28
Radyatif (Gercek Gozlem),HD 24064,1.61,40.0,3.5,2.1832764899400003e+43,3.305648160264407e+29
Konvektif (Gercek Gozlem),GJ 367,0.455,0.458,0.4516855967840354,9.117335647174963e+39,6.755169172302144e+27
Konvektif (Gercek Gozlem),TOI-2048,0.83,0.79,4.8,3.0486056314895995e+41,3.906185664288359e+28
Konvektif (Gercek Gozlem),K2-113,1.04,1.24,2.06,2.57322090707136e+41,3.5887300704950873e+28
Konvektif (Gercek Gozlem),WASP-58,1.06,1.22,2.8,3.5073455363856e+41,4.189783044966874e+28
Radyatif (Gercek Gozlem),HD 33844,1.78,5.29,1.0,9.120748928382002e+41,6.756433529307156e+28
Konvektif (Gercek Gozlem),G 192-15,0.132,0.170718,0.08225799970501473,1.795503336009131e+38,9.479716864563457e+26
Radyatif (Gercek Gozlem),75 Cet,1.92,10.38,1.77,3.416855990550913e+42,1.3077224986245611e+29
Konvektif (Gercek Gozlem),HD 164595,0.99,1.023606,2.1,2.0613044400129583e+41,3.2119836610891866e+28
Konvektif (Gercek Gozlem),GJ 3473,0.36,0.364,2.0,2.5385674466880004e+40,1.1271886610597278e+28
Konvektif (Gercek Gozlem),Kepler-235,0.581,0.554,0.7097587581025789,2.212847492899361e+40,1.0523931193842954e+28
Radyatif (Gercek Gozlem),bet Cnc,1.7,47.2,3.7,2.8757257788168004e+43,3.793813637489327e+29
Konvektif (Gercek Gozlem),HD 30177,0.98,1.019,2.8,2.7084019483029596e+41,3.6817883299860706e+28
Konvektif (Gercek Gozlem),TOI-712,0.732,0.674,2.738036065563924,1.308473611498871e+41,2.559085183120879e+28
Konvektif (Gercek Gozlem),V1298 Tau,1.1,1.32,24.77,3.4837537519184404e+42,1.320462228333577e+29
Radyatif (Gercek Gozlem),DMPP-2,1.41,1.78,5.1,1.2398356435537798e+42,7.87742572251257e+28
Konvektif (Gercek Gozlem),K2-352,0.98,0.95,2.732410182352265,2.4640550288705437e+41,3.5117812790811476e+28
Konvektif (Gercek Gozlem),HATS-60,1.097,1.46,3.84,5.957245998482688e+41,5.460407131199274e+28
Konvektif (Gercek Gozlem),HD 189567,0.83,1.04,1.2,1.0033385622624e+41,2.240918232742515e+28
Konvektif (Gercek Gozlem),HD 215497,0.92,0.85,1.67,1.2649636642734002e+41,2.516177551532848e+28
Konvektif (Gercek Gozlem),TOI-672,0.54,0.54,3.75,1.059189370785e+41,2.302443941125826e+28
Konvektif (Gercek Gozlem),TOI-1696,0.255,0.2775,2.0,1.3708438564275e+40,8.283163865637332e+27
Radyatif (Gercek Gozlem),HD 95089,1.54,5.08,1.71,1.2957922257199921e+42,8.053227039625255e+28
Konvektif (Gercek Gozlem),HD 20781,0.7,0.833609,1.1,6.217387654200724e+40,1.7640310747640175e+28
Konvektif (Gercek Gozlem),Kepler-235,0.581,0.554,0.7097587581025789,2.212847492899361e+40,1.0523931193842954e+28
Konvektif (Gercek Gozlem),HATS-31,1.275,1.87,7.01,1.6189171946622674e+42,9.001493577164464e+28
Konvektif (Gercek Gozlem),Kepler-20,0.929,0.9164,0.4,3.2984933461028643e+40,1.2848725892562478e+28
Konvektif (Gercek Gozlem),HD 69830,0.86,0.886947,1.1,8.127250240217308e+40,2.0168522040351832e+28
Konvektif (Gercek Gozlem),TOI-904,0.557,0.527,2.0,5.6865731817258e+40,1.6870485243722203e+28
Konvektif (Gercek Gozlem),TOI-1130,0.745,0.697,2.5,1.257430198035375e+41,2.5086738398228424e+28
Konvektif (Gercek Gozlem),DMPP-1,1.21,1.26,3.41,5.035761125855461e+41,5.020359512915009e+28
Konvektif (Gercek Gozlem),TOI-1268,0.96,0.92,4.12,3.524610274698241e+41,4.200082387948689e+28
Konvektif (Gercek Gozlem),TOI-1246,0.8889,0.8649,1.0,7.4468675543608715e+40,1.9305856464085073e+28
Konvektif (Gercek Gozlem),HD 204313,1.03,1.1,2.4,2.6338799607120004e+41,3.630782613424542e+28
Radyatif (Gercek Gozlem),HD 95086,1.6,1.48667,17.14,3.9491188529112026e+42,1.4058932969532286e+29
Konvektif (Gercek Gozlem),Kepler-454,1.03,1.066,2.4,2.5524691255627198e+41,3.5742300917207554e+28
Konvektif (Gercek Gozlem),K2-27,0.88,0.876,1.6,1.1947074928588802e+41,2.4453050896106354e+28
Konvektif (Gercek Gozlem),gam1 Leo,1.23,31.88,2.7,1.0255149946412281e+43,2.265547986886843e+29
Konvektif (Gercek Gozlem),TOI-677,1.181,1.28,7.8,1.1421135826813443e+42,7.560611217093711e+28
Konvektif (Gercek Gozlem),CoRoT-24,0.91,0.86,2.0,1.5160888917720002e+41,2.7546383594496305e+28
Konvektif (Gercek Gozlem),HD 73526,1.014,1.53,1.69,2.5396327383843785e+41,3.5652313482421277e+28
Konvektif (Gercek Gozlem),HD 94771,1.2,1.903,3.2,7.0782327487872e+41,5.952024053569531e+28
Konvektif (Gercek Gozlem),WASP-75,1.14,1.26,4.3,5.9827200113772e+41,5.472069407499003e+28
Konvektif (Gercek Gozlem),Kepler-423,0.85,0.95,2.5,1.9554079033125e+41,3.1283903757212597e+28
Radyatif (Gercek Gozlem),HD 47366,1.81,7.3,4.3,5.5033193755449005e+42,1.6596427633302066e+29
Konvektif (Gercek Gozlem),Kepler-65,1.25,1.41,10.4,1.77548616063e+42,9.42672643088271e+28
Konvektif (Gercek Gozlem),2MASS J04372171+2651014,0.17,0.84,22.54,3.1177188276343206e+41,3.950214973455003e+28
Konvektif (Gercek Gozlem),K2-79,1.06,1.269,2.7,3.51792096350058e+41,4.196094854687204e+28
Konvektif (Gercek Gozlem),HD 21693,0.8,0.914378,1.6,1.1336802074567424e+41,2.3820317194353453e+28
Konvektif (Gercek Gozlem),GJ 4276,0.406,0.407,2.0,3.2011443988524008e+40,1.2657702689666875e+28
Konvektif (Gercek Gozlem),14 Her,0.97,0.93,1.0,8.73794907531e+40,2.09125509815052e+28
Konvektif (Gercek Gozlem),GJ 229,0.509,0.46,1.0,2.267934149754e+40,1.0654117406214623e+28
Konvektif (Gercek Gozlem),WASP-47,1.058,1.156,1.8,2.1324106033907042e+41,3.2669137948063793e+28
Konvektif (Gercek Gozlem),Kepler-137,0.85,0.802,5.4,3.5656760200698e+41,4.224479414871811e+28
Radyatif (Gercek Gozlem),HD 47536,2.1,23.47,1.93,9.213921753956011e+42,2.1474572054938446e+29
Konvektif (Gercek Gozlem),TOI-782,0.397,0.413,0.3201924420195942,5.085181534779179e+39,5.044933996885274e+27
Konvektif (Gercek Gozlem),GJ 414 A,0.65,0.68,3.0,1.2843942438600006e+41,2.535428882638778e+28
Konvektif (Gercek Gozlem),HAT-P-65,1.297,1.666,7.1,1.4860319548672963e+42,8.6241506084415e+28
Konvektif (Gercek Gozlem),HD 48948,0.686,0.679,2.0,9.023576657986803e+40,2.1251599077780073e+28
Radyatif (Gercek Gozlem),HD 220074,2.2,54.92,3.0,3.5109875592792003e+43,4.191957813087186e+29
Konvektif (Gercek Gozlem),24 Boo,1.05,12.19,3.36,4.1656915428055205e+42,1.4439289117213719e+29
Konvektif (Gercek Gozlem),HD 180617,0.484,0.481,2.0,4.509986690008801e+40,1.5024149212517827e+28
Konvektif (Gercek Gozlem),HD 74156,1.1,1.510576,4.06,6.534556623568733e+41,5.7188712703163825e+28
Konvektif (Gercek Gozlem),Kepler-418,0.957,1.081,3.5,3.507199758607545e+41,4.189695972905804e+28
Konvektif (Gercek Gozlem),HD 110067,0.798,0.788,2.5,1.5227336463066001e+41,2.760668310582431e+28
Konvektif (Gercek Gozlem),HD 79498,1.08,1.05,2.0,2.1968372134800005e+41,3.3158982566792743e+28
Konvektif (Gercek Gozlem),TOI-1203,0.886,1.179,1.4,1.416545044554276e+41,2.66267065890793e+28
Konvektif (Gercek Gozlem),HD 28109,1.227,1.425,8.0,1.3548906338058003e+42,8.234825076121796e+28
Konvektif (Gercek Gozlem),CoRoT-21,1.29,1.95,11.0,2.6802285765255004e+42,1.1582123052388784e+29
Konvektif (Gercek Gozlem),HD 20003,0.875,0.921637,1.9,1.484145166646654e+41,2.725463994849407e+28
Konvektif (Gercek Gozlem),TOI-4034,1.19,1.83,7.9,1.6664027318511302e+42,9.132553866947032e+28
Konvektif (Gercek Gozlem),Kepler-101,1.17,1.56,2.6,4.596620340967199e+41,4.796468264530544e+28
Konvektif (Gercek Gozlem),GJ 367,0.455,0.458,0.4516855967840354,9.117335647174963e+39,6.755169172302144e+27
Konvektif (Gercek Gozlem),HAT-P-4,1.248,1.596,5.83,1.1247884642785191e+42,7.5030473097841265e+28
Konvektif (Gercek Gozlem),Kepler-411,0.87,0.82,3.989042306499251,2.7564909681589087e+41,3.7143305038575162e+28
Konvektif (Gercek Gozlem),HD 134606,1.046,1.158,1.3,1.5252408303645242e+41,2.762940098846233e+28
Konvektif (Gercek Gozlem),K2-66,1.11,1.67,3.7,6.643485638325901e+41,5.766340162572791e+28
Konvektif (Gercek Gozlem),K2-230,1.11,1.39,5.2,7.7713407013788e+41,6.236633635704441e+28
Konvektif (Gercek Gozlem),HD 20003,0.875,0.921637,1.9,1.484145166646654e+41,2.725463994849407e+28
Konvektif (Gercek Gozlem),Kepler-33,1.291,1.82,3.4,7.738047187841878e+41,6.223259990078633e+28
Konvektif (Gercek Gozlem),KELT-10,1.112,1.209,2.58,3.3597396178177106e+41,4.100672335445889e+28
Konvektif (Gercek Gozlem),HD 62364,1.19,1.401,3.8,6.13653929849142e+41,5.541968053170233e+28
Konvektif (Gercek Gozlem),WASP-57,0.886,0.927,3.7,2.943540438820254e+41,3.838285376145187e+28
Konvektif (Gercek Gozlem),Kepler-278,1.227,2.861,2.5,8.500750226575427e+41,6.522752289509961e+28
Konvektif (Gercek Gozlem),TOI-6383 A,0.458,0.457,2.0,4.0547725732332007e+40,1.4245756218323122e+28
Konvektif (Gercek Gozlem),K2-268,0.84,0.78,1.5867442991517808,1.007014356011119e+41,2.245019352243437e+28
Konvektif (Gercek Gozlem),TOI-4504,0.89,0.92,1.9,1.5069063446892004e+41,2.746283633793721e+28
Konvektif (Gercek Gozlem),Kepler-6,1.209,1.391,3.0,4.8868556637782704e+41,4.9455775250163955e+28
Konvektif (Gercek Gozlem),TOI-4504,0.89,0.92,1.9,1.5069063446892004e+41,2.746283633793721e+28
Konvektif (Gercek Gozlem),HD 96700,0.89,1.16,1.6,1.6000103980224003e+41,2.82985159507741e+28
Konvektif (Gercek Gozlem),GJ 876,0.32,0.3,0.16,1.4878050969600003e+39,2.72882244874172e+27
Konvektif (Gercek Gozlem),HD 164604,0.77,0.78,2.0,1.163510079732e+41,2.4131667518910566e+28
Konvektif (Gercek Gozlem),HATS-13,0.962,0.887,2.82,2.3307872122286386e+41,3.415494351160019e+28
Konvektif (Gercek Gozlem),TOI-5300,0.67,0.65,2.0,8.436707288100001e+40,2.0548908049505384e+28
Konvektif (Gercek Gozlem),WASP-100,0.77,1.57,12.8,1.49883965142912e+42,8.661235452926276e+28
Konvektif (Gercek Gozlem),Kepler-1643,0.845,0.855,8.471755894402412,5.9285854478402165e+41,5.4472561752721085e+28
Konvektif (Gercek Gozlem),XO-4,1.1,1.45,8.8,1.3595593971960001e+42,8.249000901665345e+28
Konvektif (Gercek Gozlem),WASP-13,0.72,1.37,5.7,5.4460640635128014e+41,5.220879034746875e+28
Konvektif (Gercek Gozlem),GJ 357,0.342,0.337,2.0,2.2327537583988e+40,1.057116064381283e+28
Radyatif (Gercek Gozlem),HIP 78530,2.5,2.10876,144.74,7.391125192881669e+43,6.082155751293396e+29
Konvektif (Gercek Gozlem),Kepler-48,0.916,0.836,0.5,3.708741653416801e+40,1.362434238325712e+28
Konvektif (Gercek Gozlem),Kepler-426,0.91,0.92,3.0,2.4327938030760006e+41,3.489433358088465e+28
Radyatif (Gercek Gozlem),NGTS-33,1.6,1.47,111.76933511799349,2.546330730358335e+43,3.5699296981651495e+29
Radyatif (Gercek Gozlem),HD 113337,1.41,1.5,6.3,1.2906418629195e+42,8.037206594073019e+28
Konvektif (Gercek Gozlem),GJ 411,0.3899,0.3685,2.0,2.78339952984093e+40,1.1802935472916232e+28
Konvektif (Gercek Gozlem),Kepler-1410,0.63,0.6,2.1544101501285575,7.888147318169082e+40,1.9869629288855156e+28
Radyatif (Gercek Gozlem),WASP-24,1.43,1.42,7.0,1.3768202610162e+42,8.301200092383256e+28
Konvektif (Gercek Gozlem),KELT-8,0.81,1.46,3.7,4.2383266525782e+41,4.60574056032252e+28
Konvektif (Gercek Gozlem),HD 331093,1.03,1.1112,2.5,2.7715600495674e+41,3.7244693474046416e+28
Konvektif (Gercek Gozlem),K2-110,0.738,0.713,0.1,5.0968366874334e+39,5.050712140906201e+27
Konvektif (Gercek Gozlem),K2-32,0.83,0.86,0.7,4.839822231425999e+40,1.5563847368700842e+28
Konvektif (Gercek Gozlem),DMPP-1,1.21,1.26,3.41,5.035761125855461e+41,5.020359512915009e+28
Radyatif (Gercek Gozlem),HD 67087,1.36,1.55,9.7,1.9806017904036004e+42,9.956365739511527e+28
Konvektif (Gercek Gozlem),TOI-1470,0.471,0.469,2.0,4.2793575275178e+40,1.4634960144610039e+28
Konvektif (Gercek Gozlem),TOI-4342,0.587,0.598,2.059386941115445,7.002160580567904e+40,1.8720536517843475e+28
Konvektif (Gercek Gozlem),HD 68988,1.28,1.19,2.84,4.1901550880716814e+41,4.579492022871746e+28
Konvektif (Gercek Gozlem),AU Mic,0.6,0.82,8.5,4.05078184602e+41,4.502686244178414e+28
Radyatif (Gercek Gozlem),HD 48265,1.38,2.05,3.1,8.494727812388999e+41,6.520441336072441e+28
Konvektif (Gercek Gozlem),K2-3,0.549,0.546,0.6785465857021212,1.970150862843869e+40,9.930062904709361e+27
Konvektif (Gercek Gozlem),HD 96700,0.89,1.16,1.6,1.6000103980224003e+41,2.82985159507741e+28
Konvektif (Gercek Gozlem),WASP-139,0.92,0.8,4.2,2.9942077576320005e+41,3.8711787368930637e+28
Konvektif (Gercek Gozlem),HD 4113,1.008,1.077514,2.324,2.4449748937524366e+41,3.4981583126471742e+28
Radyatif (Gercek Gozlem),HAT-P-14,2.65,1.82,8.18,3.8214254542955404e+42,1.3829769891434457e+29
Konvektif (Gercek Gozlem),GJ 251,0.35,0.36,2.0,2.4409302372e+40,1.1052994188930913e+28
Konvektif (Gercek Gozlem),NGTS-23,1.01,1.24,1.46,1.77113123112744e+41,2.9773344918422443e+28
Konvektif (Gercek Gozlem),HD 13808,0.771,0.781,2.0,1.16651474861922e+41,2.4162806449689057e+28
Konvektif (Gercek Gozlem),HD 108874,1.1,1.05,2.2,2.4612713225100005e+41,3.5097970436818476e+28
Radyatif (Gercek Gozlem),WASP-93,1.334,1.524,37.0,7.286137238219112e+42,1.9096374877038834e+29
Konvektif (Gercek Gozlem),TOI-198,0.417,0.418,0.4360363267491463,7.361898673068371e+39,6.070118590690539e+27
Konvektif (Gercek Gozlem),TOI-561,0.806,0.843,2.0,1.31627744214876e+41,2.5667051225120753e+28
Konvektif (Gercek Gozlem),YZ Cet,0.142,0.157,2.0,4.318896722868e+39,4.6493117462753614e+27
Konvektif (Gercek Gozlem),K2-36,0.79,0.718,2.7,1.4834404812263398e+41,2.724816880666454e+28
Konvektif (Gercek Gozlem),WASP-97,1.18,1.08,1.1,1.3578546205224e+41,2.6069271512230227e+28
Konvektif (Gercek Gozlem),TOI-4201,0.61,0.63,1.65,6.141990709354501e+40,1.753302433723672e+28
Konvektif (Gercek Gozlem),K2-331,1.1,1.06,5.373576712797272,6.0689957048772345e+41,5.5113840256567525e+28
Konvektif (Gercek Gozlem),K2-268,0.84,0.78,1.5867442991517808,1.007014356011119e+41,2.245019352243437e+28
Konvektif (Gercek Gozlem),K2-102,0.77,0.71,3.0,1.588638762711e+41,2.819777466133367e+28
Radyatif (Gercek Gozlem),TOI-615,1.449,1.732,16.3,3.962403549860793e+42,1.408255999415691e+29
Konvektif (Gercek Gozlem),HD 150010,1.3,16.2,2.2,4.487824593252001e+42,1.4987189379870668e+29
Konvektif (Gercek Gozlem),WASP-99,1.21,1.64,6.8,1.30705227564912e+42,8.088141431396353e+28
Radyatif (Gercek Gozlem),HD 56414,1.89,1.751,59.4,1.9040976705977227e+43,3.0870727836188075e+29
Konvektif (Gercek Gozlem),GJ 514,0.51,0.5,0.9034416373604576,2.2314908436331254e+40,1.0568170532786946e+28
Radyatif (Gercek Gozlem),TOI-628,1.311,1.345,6.9,1.1784981178557402e+42,7.680096990440263e+28
Radyatif (Gercek Gozlem),MASCARA-4,1.75,1.79,43.0,1.30471111359225e+43,2.5554032272060048e+29
Konvektif (Gercek Gozlem),BD+60 1417,1.0,0.797,11.0,8.49191880537e+41,6.519363168513698e+28
Konvektif (Gercek Gozlem),HD 82943,1.08,1.1826,1.7,2.1031264146306964e+41,3.2444041411921647e+28
Radyatif (Gercek Gozlem),HD 147873,1.38,2.29,5.9,1.80601522381098e+42,9.507426168153603e+28
Radyatif (Gercek Gozlem),HAT-P-24,1.37,1.38,10.0,1.8312788517660004e+42,9.57369302758797e+28
Konvektif (Gercek Gozlem),KOI-94,1.277,1.52,7.3,1.372499427047112e+42,8.288164152414754e+28
Konvektif (Gercek Gozlem),Qatar-8,1.029,1.315,2.7,3.538830146264595e+41,4.208546375402901e+28
Radyatif (Gercek Gozlem),alf Ari,1.5,13.9,3.1,6.260695471485e+42,1.7701641779675295e+29
Konvektif (Gercek Gozlem),GJ 160.2,0.69,0.655173,0.7602521055267049,3.329028709079057e+40,1.2908061570486107e+28
Radyatif (Gercek Gozlem),TOI-159,1.661,1.62,22.6,5.890442387281453e+42,1.7170234019965276e+29
Konvektif (Gercek Gozlem),TOI-6628,0.97,1.01,3.13,2.97024499051371e+41,3.8556570184097235e+28
Konvektif (Gercek Gozlem),TOI-2093,0.745,0.729,2.0,1.0521281083131002e+41,2.29475629381717e+28
Konvektif (Gercek Gozlem),Kepler-33,1.291,1.82,3.4,7.738047187841878e+41,6.223259990078633e+28
Radyatif (Gercek Gozlem),HD 233604,1.5,10.9,2.0,3.1673975696999996e+42,1.25908064432701e+29
Konvektif (Gercek Gozlem),TOI-1266,0.437,0.4232,1.3,2.328762906163512e+40,1.0796050204041466e+28
Radyatif (Gercek Gozlem),TOI-1836,1.307,1.577,4.0,7.98586747328916e+41,6.322128334122846e+28
Konvektif (Gercek Gozlem),WASP-127,0.95,1.333,0.3,3.6798476260455e+40,1.3571166414871462e+28
Konvektif (Gercek Gozlem),HD 167677,0.96,0.95271,0.7,6.201329723420832e+40,1.7617515802010102e+28
Radyatif (Gercek Gozlem),WASP-121,1.33,1.461,13.5,2.5409168420413053e+42,1.1277101361483918e+29
Konvektif (Gercek Gozlem),HD 93963 A,1.0844,1.0311,5.9,6.389945203345408e+41,5.655237194358119e+28
Konvektif (Gercek Gozlem),KELT-4 A,1.201,1.603,6.0,1.1188776703447981e+42,7.483306982921424e+28
Konvektif (Gercek Gozlem),HD 4203,1.25,1.42,1.23,2.1147464049075003e+41,3.25335462882213e+28
Konvektif (Gercek Gozlem),HD 7924,0.832,0.7821,1.35,8.508915428805793e+40,2.063665774982405e+28
Konvektif (Gercek Gozlem),Kepler-48,0.88,0.89,0.5,3.7931280987600004e+40,1.3778470567852921e+28
Konvektif (Gercek Gozlem),Kepler-550,0.87,0.83,4.1,2.8677152656971e+41,3.7885260006687618e+28
Konvektif (Gercek Gozlem),HD 106315,1.091,1.296,12.71,1.7407248498750804e+42,9.33398981462984e+28
Konvektif (Gercek Gozlem),HD 111232,0.96,0.9,1.2,1.004268440448e+41,2.2419564159034872e+28
Konvektif (Gercek Gozlem),K2-268,0.84,0.78,1.5867442991517808,1.007014356011119e+41,2.245019352243437e+28
Konvektif (Gercek Gozlem),HATS-50,1.168,1.117,3.76,4.751587020272601e+41,4.876650163604232e+28
Konvektif (Gercek Gozlem),Kepler-407,1.0,1.01,2.0,1.9566186822e+41,3.129358767750559e+28
Radyatif (Gercek Gozlem),HD 18015,1.49,3.13,4.0,1.8069470392428e+42,9.509878535075613e+28
Konvektif (Gercek Gozlem),TOI-4600,0.89,0.81,2.5,1.7457009999975e+41,2.9558826502805773e+28
Konvektif (Gercek Gozlem),Kepler-567,0.84,0.79,7.2,4.6280037297312e+41,4.8128143357589105e+28
Radyatif (Gercek Gozlem),HD 103774,1.335,1.581047,8.1,1.656021197365829e+42,9.104061940260707e+28
Konvektif (Gercek Gozlem),GJ 3293,0.42,0.404,0.4985235025278779,8.193531347919328e+39,6.403800856132367e+27
Konvektif (Gercek Gozlem),HD 40307,0.77,0.716684,1.0,5.345314474247747e+40,1.635644389741721e+28
Konvektif (Gercek Gozlem),47 UMa,1.06,1.21334,2.8,3.488198879605004e+41,4.178331347664507e+28
Konvektif (Gercek Gozlem),HD 142022 A,0.9,1.04,1.2,1.0879574771520001e+41,2.3335022216356208e+28
Konvektif (Gercek Gozlem),WASP-135,0.98,0.96,4.67,4.25568050421696e+41,4.6151600430871415e+28
Konvektif (Gercek Gozlem),HATS-15,0.871,0.922,4.18,3.251473242004588e+41,4.034059971030774e+28
Konvektif (Gercek Gozlem),HD 37124,0.85,0.949168,1.2,9.377737812739296e+40,2.166463124273867e+28
Konvektif (Gercek Gozlem),Ross 128,0.168,0.1967,0.08090723840530824,2.589738098339203e+38,1.1384925183697894e+27
Radyatif (Gercek Gozlem),WASP-3,1.62,1.44,13.4,3.02786934795072e+42,1.231036199345681e+29
Radyatif (Gercek Gozlem),KELT-1,1.335,1.471,56.0,1.065213819079956e+43,2.3089825672567723e+29
Konvektif (Gercek Gozlem),HD 158259,1.08,1.21,2.9,3.6708103724292e+41,4.286306602009757e+28
Konvektif (Gercek Gozlem),psi1 Dra B,1.19,1.255735,6.0,8.68462433899597e+41,6.592919556862734e+28
Radyatif (Gercek Gozlem),K2-260,1.637,1.755,16.0,4.4524659752445593e+42,1.4928032184689818e+29
Konvektif (Gercek Gozlem),WASP-144,0.81,0.81,1.9,1.2074758826949e+41,2.458337413031582e+28
Radyatif (Gercek Gozlem),HATS-70,1.78,1.881,40.61,1.317032869375003e+43,2.567441548113217e+29
Radyatif (Gercek Gozlem),K2-99,1.44,2.55,9.3,3.3078091757256e+42,1.2866857223155973e+29
Konvektif (Gercek Gozlem),HD 156668,0.772,0.72,0.5,2.691997347312e+40,1.160752350708658e+28
Konvektif (Gercek Gozlem),TOI-1728,0.646,0.6243,2.0,7.812871385843161e+40,1.9774594911048216e+28
Konvektif (Gercek Gozlem),HD 30856,1.17,4.4,2.85,1.4211444545298002e+42,8.43376256943291e+28
Konvektif (Gercek Gozlem),TOI-6038 A,1.291,1.648,7.94,1.636284357119805e+42,9.049647173783086e+28
Konvektif (Gercek Gozlem),SPECULOOS-3,0.1009,0.123,4.2,5.04894214913634e+39,5.026925573987356e+27
Konvektif (Gercek Gozlem),Kepler-1445,1.13,1.26,3.4,4.6890269856612e+41,4.844440476653402e+28
Konvektif (Gercek Gozlem),WASP-52,0.87,0.79,3.6,2.3966447886108e+41,3.463411491898734e+28
Konvektif (Gercek Gozlem),XO-2 S,0.98,1.02,1.7,1.6460006232852e+41,2.8702336765120334e+28
Konvektif (Gercek Gozlem),LP 791-18,0.139,0.182,2.0,4.900845487356001e+39,4.952651430594826e+27
Konvektif (Gercek Gozlem),TIC 257060897,1.187,1.863,5.45,1.167387134180126e+42,7.643806937220471e+28
Konvektif (Gercek Gozlem),K2-29,0.94,0.86,3.7,2.8972292118588e+41,3.8079714686431143e+28
Konvektif (Gercek Gozlem),OGLE-TR-56,1.228,1.363,3.2,5.187988771475329e+41,5.095675594770902e+28
Radyatif (Gercek Gozlem),14 And,1.78,11.55,2.6,5.1776198548074014e+42,1.6097830067224692e+29
Konvektif (Gercek Gozlem),Kepler-37,0.79,0.789,1.1,6.6412771776351e+40,1.8231737578653656e+28
Konvektif (Gercek Gozlem),HD 69830,0.86,0.886947,1.1,8.127250240217308e+40,2.0168522040351832e+28
Konvektif (Gercek Gozlem),TOI-776,0.542,0.547,2.2,6.31777449411108e+40,1.7782151996740696e+28
Konvektif (Gercek Gozlem),HAT-P-28,1.025,1.103,0.2,2.1902021451765e+40,1.0469943981980553e+28
Konvektif (Gercek Gozlem),TOI-1232,1.058,1.072,4.13,4.5371729186023975e+41,4.765351316133803e+28
Konvektif (Gercek Gozlem),Kepler-4,1.223,1.487,2.2,3.875385704232043e+41,4.404125888982537e+28
Konvektif (Gercek Gozlem),WASP-56,0.71,0.96,1.5,9.90320267664e+40,2.226332835902174e+28
Konvektif (Gercek Gozlem),HD 147513,1.11,0.98,1.5,1.5805023285870004e+41,2.812547255603006e+28
Konvektif (Gercek Gozlem),rho CrB,1.0,1.3617,0.8,1.0551792711096e+41,2.298081272079184e+28
Radyatif (Gercek Gozlem),GPX-1,1.68,1.56,40.0,1.0154269786752e+43,2.2543773221194555e+29
Konvektif (Gercek Gozlem),EPIC 249893012,1.05,1.71,2.1,3.6522418674105e+41,4.275451885576351e+28
Konvektif (Gercek Gozlem),HD 23596,1.1,1.53,4.2,6.846809315346001e+41,5.853914493022735e+28
Konvektif (Gercek Gozlem),TOI-6041,0.885,0.879,3.4,2.5619219184932104e+41,3.5808423624184496e+28
Konvektif (Gercek Gozlem),HD 25015,0.86,0.83,3.485,2.40954006807423e+41,3.4727165303939825e+28
Konvektif (Gercek Gozlem),HD 11506,1.22,1.24,5.5,8.059331724444e+41,6.351141284669854e+28
Konvektif (Gercek Gozlem),TOI-5542,0.89,1.058,3.03,2.7635869252997466e+41,3.719108279264214e+28
Konvektif (Gercek Gozlem),HD 208897,1.25,4.98,3.9,2.3515747553025004e+42,1.0848798744530397e+29
Konvektif (Gercek Gozlem),Kepler-1386,1.02,1.03,6.6,6.7163938998156e+41,5.797894883848978e+28
Konvektif (Gercek Gozlem),Kepler-528,1.01,1.06,4.5,4.6665355570470005e+41,4.832808067682189e+28
Konvektif (Gercek Gozlem),TOI-5573,0.619,0.594,2.0,7.122983136469201e+40,1.8881357538215994e+28
Konvektif (Gercek Gozlem),HATS-26,1.299,2.04,7.48,1.919975747438549e+42,9.802799715090666e+28
Konvektif (Gercek Gozlem),Kepler-102,0.803,0.724,0.5,2.8156517735346005e+40,1.1871120932284318e+28
Konvektif (Gercek Gozlem),K2-259,1.14,1.13,5.23,6.52589091827946e+41,5.7150780141749075e+28
Konvektif (Gercek Gozlem),HD 202206,1.07,1.04,2.3,2.4791327326584005e+41,3.5225092952364268e+28
Konvektif (Gercek Gozlem),HD 13931,1.3,1.25,2.0,3.1480251075000006e+41,3.969367886568203e+28
Konvektif (Gercek Gozlem),NGTS-3 A,1.017,0.93,1.0,9.161334236691e+40,2.141320240112678e+28
Radyatif (Gercek Gozlem),HD 171028,1.53,2.47,2.14,7.833520493302142e+41,6.261534099227321e+28
Radyatif (Gercek Gozlem),HD 89744,1.86,2.13257,9.5,3.6500151869190017e+42,1.3516043903033862e+29
Konvektif (Gercek Gozlem),HD 96992,0.96,7.43,1.9,1.31270903461152e+42,8.105624768237145e+28
Radyatif (Gercek Gozlem),bet Pic,1.789,1.54416,116.41,3.114926149260761e+43,3.948445386132506e+29
Konvektif (Gercek Gozlem),K2-231,1.01,0.95,2.0,1.85878774809e+41,3.05012163403895e+28
Radyatif (Gercek Gozlem),HD 33142,1.52,4.17,2.0,1.2279041440848e+42,7.839430072913981e+28
Konvektif (Gercek Gozlem),WASP-1,1.24,1.47,5.77,1.018754780231916e+42,7.140639168823414e+28
Konvektif (Gercek Gozlem),KOI-351,1.2,1.2,4.6,6.4161594806399995e+41,5.666825417596126e+28
Konvektif (Gercek Gozlem),K2-138,0.935,0.863,2.7,2.1102844425512856e+41,3.249920644716326e+28
Konvektif (Gercek Gozlem),HD 34445,1.07,1.38,2.7,3.8617259874102e+41,4.396357343863889e+28
Konvektif (Gercek Gozlem),WASP-41,0.81,0.83,2.64,1.71918203649192e+41,2.9333453082030346e+28
Konvektif (Gercek Gozlem),TOI-1136,1.022,0.968,6.7,6.420308287144752e+41,5.668657258190391e+28
Konvektif (Gercek Gozlem),K2-415,0.1635,0.1965,2.3130460161736797,7.198125444453706e+39,6.002220745369556e+27
Konvektif (Gercek Gozlem),TOI-1803,0.756,0.715,1.0,5.235795358794e+40,1.6188014694812315e+28
Konvektif (Gercek Gozlem),HD 203030,0.94,0.856458,5.62,4.382531698986651e+41,4.6834381695525e+28
Konvektif (Gercek Gozlem),HD 164922,0.926,0.946,2.0,1.6970199397351203e+41,2.9143769989429246e+28
Konvektif (Gercek Gozlem),HATS-28,0.929,0.922,2.6,2.157122503622268e+41,3.285788935254116e+28
Konvektif (Gercek Gozlem),WASP-192,1.09,1.32,3.1,4.320330285070801e+41,4.650083300334958e+28
Konvektif (Gercek Gozlem),HD 108236,0.869,0.877,4.7,3.469541241887721e+41,4.1671418599226165e+28
Konvektif (Gercek Gozlem),HD 98649,0.97,1.01,2.218,2.104793415003006e+41,3.245689691974823e+28
Konvektif (Gercek Gozlem),HR 858,1.204,1.258,7.5,1.10033066875914e+42,7.42102452785328e+28
Radyatif (Gercek Gozlem),HD 59686 A,1.9,13.2,1.03,2.5021859626763998e+42,1.119082359196527e+29
Konvektif (Gercek Gozlem),TOI-1135,1.119,1.202,10.9,1.4200900307847162e+42,8.430633257137458e+28
Konvektif (Gercek Gozlem),K2-16,0.68,0.66,2.0,8.694361035360002e+40,2.0860326099391953e+28
Konvektif (Gercek Gozlem),DS Tuc A,1.01,0.964,17.8,1.6787005645803118e+42,9.16619044512451e+28
Konvektif (Gercek Gozlem),HATS-74 A,0.601,0.5758,6.138823309287793,2.0577191177534677e+41,3.209189069414669e+28
Konvektif (Gercek Gozlem),HATS-23,1.121,1.199,4.62,6.014805632523488e+41,5.486723274861996e+28
Radyatif (Gercek Gozlem),HD 28678,1.53,6.48,2.97,2.852185137649848e+42,1.1947887214540644e+29
Konvektif (Gercek Gozlem),HD 189733,0.79,0.75,3.5,2.0086821743625e+41,3.1707198451059416e+28
Konvektif (Gercek Gozlem),HD 20781,0.7,0.833609,1.1,6.217387654200724e+40,1.7640310747640175e+28
Radyatif (Gercek Gozlem),HD 114082,1.47,1.49,39.2,8.31657477550536e+42,2.040208282894242e+29
Konvektif (Gercek Gozlem),TOI-1238,0.59,0.58,2.0,6.62925656484e+40,1.8215230519125056e+28
Radyatif (Gercek Gozlem),HD 121504,1.62,1.07,2.6,4.3654293770724e+41,4.674290949571202e+28
Konvektif (Gercek Gozlem),Kepler-38,0.941,1.752,2.4,3.832567332205248e+41,4.379728151347518e+28
Konvektif (Gercek Gozlem),WASP-133,1.16,1.44,0.3,4.853964128832e+40,1.558656946185366e+28
Konvektif (Gercek Gozlem),HAT-P-1,1.151,1.174,2.2,2.879525493552708e+41,3.796319205134206e+28
Konvektif (Gercek Gozlem),HD 63454,0.42,0.77,1.9,5.951801561706e+40,1.7259431220389371e+28
Konvektif (Gercek Gozlem),HD 6718,0.96,1.02,1.76,1.6693173187891198e+41,2.8904915733281562e+28
Konvektif (Gercek Gozlem),Kepler-167,0.777,0.749,2.0,1.12742499439206e+41,2.375451060262029e+28
Radyatif (Gercek Gozlem),BD+20 594,1.67,1.08,3.3,5.7651285159467995e+41,5.371638211645569e+28
Konvektif (Gercek Gozlem),TYC 0434-04538-1,1.04,9.99,3.0,3.0190819990968e+42,1.2292485719332765e+29
Konvektif (Gercek Gozlem),HD 73534,1.16,2.58,1.0,2.898895243608e+41,3.8090661852012026e+28
Radyatif (Gercek Gozlem),24 Sex,1.54,4.9,2.77,2.0246567066926206e+42,1.006648744618177e+29
Konvektif (Gercek Gozlem),TIC 87422071,1.239,1.489,7.1,1.2687591267538557e+42,7.968780194953823e+28
Konvektif (Gercek Gozlem),GJ 3988,0.1842,0.19734,2.0,7.041895433989416e+39,5.936726529985942e+27
Konvektif (Gercek Gozlem),HD 9446,1.0,1.0,4.0,3.87449244e+41,4.40361829113901e+28
Konvektif (Gercek Gozlem),HD 35843,0.94,0.897,2.09,1.706952394829682e+41,2.9228933061998408e+28
Konvektif (Gercek Gozlem),K2-284,0.63,0.607,3.54,1.311255518772654e+41,2.561804136599355e+28
Konvektif (Gercek Gozlem),LP 714-47,0.59,0.584,2.0,6.674975575632001e+40,1.8277933735607076e+28
Konvektif (Gercek Gozlem),HD 152581,1.3,5.14,0.5,3.2361698105100006e+41,4.024555391425077e+28
Konvektif (Gercek Gozlem),Kepler-74,1.18,1.12,5.0,6.4006615108800014e+41,5.6599772877015425e+28
Konvektif (Gercek Gozlem),Kepler-87,1.1,1.82,4.3,8.338488904746001e+41,6.460199586888352e+28
Konvektif (Gercek Gozlem),WASP-23,0.78,0.765,2.2,1.2715503014214e+41,2.5227198859028582e+28
Konvektif (Gercek Gozlem),NGTS-1,0.617,0.573,1.0,3.4244798293250997e+40,1.3091806095917708e+28
Konvektif (Gercek Gozlem),TOI-1199,1.23,1.45,3.4,5.873633676729e+41,5.421952226790143e+28
Konvektif (Gercek Gozlem),Kepler-75,0.91,0.89,3.5,2.7457074987615e+41,3.707058102266686e+28
Konvektif (Gercek Gozlem),HD 39091,1.07,1.17,3.34,4.050148366506061e+41,4.502334155232781e+28
Konvektif (Gercek Gozlem),HAT-P-3,1.06,0.87,0.46,4.109015467393201e+40,1.4340726264714054e+28
Konvektif (Gercek Gozlem),HD 30562,1.12,1.61,4.9,8.558443840564802e+41,6.544849444951434e+28
Radyatif (Gercek Gozlem),BD-10 3166,1.47,0.91,0.92,1.1920689635072401e+41,2.4426033506619255e+28
Konvektif (Gercek Gozlem),HAT-P-11,0.811,0.683,0.67,3.594770649287182e+40,1.341336836574894e+28
Konvektif (Gercek Gozlem),HATS-55,1.1955,1.126,5.01,6.5325166199974854e+41,5.717978522027324e+28
Konvektif (Gercek Gozlem),Kepler-444,0.758,0.752,2.0,1.10426134133952e+41,2.350921849028129e+28
Radyatif (Gercek Gozlem),bet Pic,1.789,1.54416,116.41,3.114926149260761e+43,3.948445386132506e+29
Konvektif (Gercek Gozlem),HD 183263,1.06,1.23,1.6,2.0206252973088003e+41,3.1801320296915772e+28
Radyatif (Gercek Gozlem),91 Aqr,1.4,11.0,3.9,5.817550398659999e+42,1.7063665743960808e+29
Konvektif (Gercek Gozlem),Kepler-1628,0.55,0.52,4.3,1.1912127006780001e+41,2.4417259323926835e+28
Konvektif (Gercek Gozlem),HD 181720,1.03,1.5,1.5,2.244784057425e+41,3.3518883398119885e+28
Konvektif (Gercek Gozlem),Kepler-322,0.908,0.89,6.3,4.9314113582151606e+41,4.968071912684578e+28
Konvektif (Gercek Gozlem),HD 109246,1.2,1.07,3.0,3.73113621972e+41,4.321383511568263e+28
Konvektif (Gercek Gozlem),TOI-4515,0.949,0.86,3.4,2.6878090209843603e+41,3.667764660188045e+28
Konvektif (Gercek Gozlem),Ross 176,0.577,0.569,2.0,6.360231182268599e+40,1.7841801730835157e+28
Konvektif (Gercek Gozlem),CoRoT-31,1.25,2.15,2.8,7.288888902750001e+41,6.039944158615144e+28
Konvektif (Gercek Gozlem),K2-73,1.02,1.058,2.0,2.0905986307752002e+41,3.2347266670441393e+28
Konvektif (Gercek Gozlem),HAT-P-18,0.77,0.749,0.5,2.7931700311515e+40,1.1823633107358854e+28
Konvektif (Gercek Gozlem),K2-350,0.98,1.04,6.401026880763146,6.3192260696756145e+41,5.623856159832376e+28
Konvektif (Gercek Gozlem),Kepler-129,1.178,1.653,2.13,4.017469366842585e+41,4.484133616263171e+28
Konvektif (Gercek Gozlem),HD 80653,1.18,1.22,3.1571934866734765,4.4024847742345316e+41,4.694087592866387e+28
Konvektif (Gercek Gozlem),GJ 3293,0.42,0.404,0.4985235025278779,8.193531347919328e+39,6.403800856132367e+27
Konvektif (Gercek Gozlem),K2-285,0.83,0.787,3.9,2.4675857765640896e+41,3.5142963964330654e+28
Konvektif (Gercek Gozlem),HD 35843,0.94,0.897,2.09,1.706952394829682e+41,2.9228933061998408e+28
Radyatif (Gercek Gozlem),HATS-68,1.351,1.748,7.42,1.6972878763853155e+42,9.216796795114244e+28
Radyatif (Gercek Gozlem),nu Oph,2.61,12.24,3.21,9.933030844138585e+42,2.2296831409369067e+29
Konvektif (Gercek Gozlem),HD 134987,1.1,1.25,2.17,2.8901292044625005e+41,3.8033026612992486e+28
Konvektif (Gercek Gozlem),WASP-88,0.94,1.8,8.4,1.3766846537808e+42,8.300791277032863e+28
Konvektif (Gercek Gozlem),GJ 15 A,0.38,0.38,1.09,1.5245740302155998e+40,8.73527369446987e+27
Konvektif (Gercek Gozlem),TOI-157,0.948,1.167,2.5,2.6790081114068995e+41,3.6617549079697477e+28
Konvektif (Gercek Gozlem),Kepler-100,1.13,1.51,3.7,6.1152179665940995e+41,5.532331925101747e+28
Radyatif (Gercek Gozlem),tau Gem,2.3,26.8,1.0,5.970592850039999e+42,1.7286655864364653e+29
Konvektif (Gercek Gozlem),CoRoT-19,1.21,1.65,6.0,1.1603136234690002e+42,7.6206138157223515e+28
Konvektif (Gercek Gozlem),HD 110537,1.02,1.16626,1.8,2.0740674888611498e+41,3.2219121903720803e+28
Konvektif (Gercek Gozlem),WASP-69,0.83,0.801,1.54,9.91713341420802e+40,2.2278981658373323e+28
Konvektif (Gercek Gozlem),WASP-173 A,1.05,1.11,6.1,6.886474431700502e+41,5.8708465315915055e+28
Konvektif (Gercek Gozlem),TOI-4010,0.88,0.83,1.3,9.197270154072e+40,2.145515862293111e+28
Konvektif (Gercek Gozlem),WASP-71,0.76,1.82,7.8,1.04504359888656e+42,7.232183932171302e+28
Konvektif (Gercek Gozlem),Kepler-1785,0.911,0.996,3.8,3.3397667642692085e+41,4.0884654053467e+28
Konvektif (Gercek Gozlem),GJ 9773,0.358,0.362,2.0,2.5105936112712e+40,1.1209609087718424e+28
Konvektif (Gercek Gozlem),Kepler-549,0.88,0.84,5.0,3.580031014560001e+41,4.232974503342295e+28
Konvektif (Gercek Gozlem),HD 24040,1.10394,1.387296,2.39,3.5454170696538975e+41,4.2124612969673605e+28
Konvektif (Gercek Gozlem),TOI-1416,0.798,0.793,2.0,1.22591652946308e+41,2.477038224509481e+28
Konvektif (Gercek Gozlem),LSPM J2116+0234,0.43,0.431,2.0,3.590298419526e+40,1.3405022028773093e+28
Konvektif (Gercek Gozlem),BD+20 274,0.8,17.3,2.0,2.6811487684800002e+42,1.158411110331967e+29
Konvektif (Gercek Gozlem),Kepler-538,0.892,0.8717,1.1,8.284750082052444e+40,2.036300950888353e+28
Konvektif (Gercek Gozlem),HD 189567,0.83,1.04,1.2,1.0033385622624e+41,2.240918232742515e+28
Konvektif (Gercek Gozlem),GJ 676 A,0.626,0.69,1.6,6.6941930581344e+40,1.8304226222496387e+28
Konvektif (Gercek Gozlem),HD 215152,0.77,0.73,3.35,1.82395121793885e+41,3.0214044705515543e+28
Konvektif (Gercek Gozlem),WASP-175,1.212,1.204,4.0,5.6538453440851204e+41,5.3195417325809435e+28
Radyatif (Gercek Gozlem),HD 1605,1.33,3.49,0.54,2.4278712604309804e+41,3.4859012909095496e+28
Konvektif (Gercek Gozlem),HIP 14810,1.01,1.07,0.54,5.6526713728758e+40,1.6820121436212013e+28
Konvektif (Gercek Gozlem),LHS 1678,0.345,0.329,0.53,5.82700900332915e+39,5.400389729072488e+27
Konvektif (Gercek Gozlem),Kepler-42,0.13,0.17,3.3,7.064168341230001e+39,5.946107794520215e+27
Konvektif (Gercek Gozlem),HD 141937,1.09,1.03,2.1,2.2836936477537005e+41,3.3808132360284865e+28
Radyatif (Gercek Gozlem),TOI-1518,1.88,1.942,85.1,3.0094799994624457e+43,3.8810388377046676e+29
Konvektif (Gercek Gozlem),TOI-2458,1.05,1.31,2.5,3.3308527195125008e+41,4.083005575809883e+28
Konvektif (Gercek Gozlem),HD 18599,0.863,0.767,4.5,2.885183899174395e+41,3.8000473491428636e+28
Konvektif (Gercek Gozlem),HD 73583,0.73,0.65,3.5,1.6086408299325002e+41,2.8374734192706667e+28
Konvektif (Gercek Gozlem),Kepler-784,1.016,1.487,4.8,7.024262618894977e+41,5.929289128052276e+28
Radyatif (Gercek Gozlem),HD 33142,1.52,4.17,2.0,1.2279041440848e+42,7.839430072913981e+28
Konvektif (Gercek Gozlem),TOI-5218,0.739,0.708,2.0,1.01359046925864e+41,2.25233775701267e+28
Konvektif (Gercek Gozlem),TOI-771,0.22,0.232,0.11977054849578639,5.921279080536933e+38,1.7215118772206825e+27
Konvektif (Gercek Gozlem),TOI-4364,0.487,0.4684,2.24197119438219,4.953711413321795e+40,1.5745904361778018e+28
Konvektif (Gercek Gozlem),HD 95338,0.848,0.868,1.23,8.769513790320192e+40,2.0950288879157006e+28
Konvektif (Gercek Gozlem),KOI-142,0.99,0.897,1.8,1.5482994846719399e+41,2.783746876070044e+28
Radyatif (Gercek Gozlem),HD 148427,1.64,3.86,2.13,1.3060673796708718e+42,8.085093550557399e+28
Konvektif (Gercek Gozlem),Pr0211,0.935,0.827,5.1,3.819813181128946e+41,4.372434572378924e+28
Konvektif (Gercek Gozlem),GJ 3998,0.52,0.5,0.93,2.34213067998e+40,1.0826992091839576e+28
Konvektif (Gercek Gozlem),HD 137388,0.68,0.88,4.0,2.3184962760960004e+41,3.406476987438187e+28
Konvektif (Gercek Gozlem),HD 87883,0.8,0.798557,2.17,1.3427973277835407e+41,2.5924327081457614e+28
Konvektif (Gercek Gozlem),HD 216435,1.3,1.800029,5.8,1.3146364648049235e+42,8.111573266704017e+28
Konvektif (Gercek Gozlem),HD 215152,0.77,0.73,3.35,1.82395121793885e+41,3.0214044705515543e+28
Konvektif (Gercek Gozlem),HATS-76,0.662,0.6259,2.0886988710982974,8.3828867591831e+40,2.0483259063464875e+28
Radyatif (Gercek Gozlem),HAT-P-33,1.82,1.79,15.57,4.913238632599207e+42,1.5681448895731216e+29
Konvektif (Gercek Gozlem),CoRoT-26,1.09,1.79,2.0,3.779761099842e+41,4.34945091045208e+28
Radyatif (Gercek Gozlem),mu Leo,1.5,11.4,2.4,3.97522924344e+42,1.4105333125970282e+29
Radyatif (Gercek Gozlem),WASP-176,1.345,1.925,3.8,9.52996797677925e+41,6.906340378327553e+28
Konvektif (Gercek Gozlem),WASP-65,0.93,1.01,3.6,3.2753796740028007e+41,4.048863008509387e+28
Radyatif (Gercek Gozlem),HD 60292,1.7,27.0,3.4,1.511633225466e+43,2.7505875479957348e+29
Radyatif (Gercek Gozlem),HD 2685,1.43,1.56,15.4,3.3276388280335206e+42,1.2905366708914846e+29
Konvektif (Gercek Gozlem),WASP-117,1.29,1.22,1.67,2.5457798143650603e+41,3.5695434879740348e+28
Konvektif (Gercek Gozlem),K2-37,0.84,0.809,1.3,8.5570877682108e+40,2.069499144917972e+28
Konvektif (Gercek Gozlem),Kepler-12,1.166,1.483,0.8,1.3399374176828643e+41,2.589670535395616e+28
Konvektif (Gercek Gozlem),HIP 65407,0.93,0.952252,2.8,2.4018600569086475e+41,3.4671777580835665e+28
Radyatif (Gercek Gozlem),TOI-2109,1.453,1.698,81.2,1.9405022737057124e+43,3.1164440620875394e+29
Konvektif (Gercek Gozlem),HD 31527,0.96,1.073694,1.9,1.8969687943582522e+41,3.081288417221173e+28
Konvektif (Gercek Gozlem),LTT 3780,0.381,0.38,1.3,1.8230843002553998e+40,9.552248974625987e+27
Konvektif (Gercek Gozlem),HD 168443,0.98,1.711479,2.2,3.574169608781412e+41,4.229507865069853e+28
Konvektif (Gercek Gozlem),TOI-561,0.806,0.843,2.0,1.31627744214876e+41,2.5667051225120753e+28
Konvektif (Gercek Gozlem),K2-189,0.85,0.879,1.9,1.37504283760935e+41,2.6233749797409977e+28
Konvektif (Gercek Gozlem),CoRoT-7,0.899,0.864273,3.5,2.634107581815423e+41,3.630939496977032e+28
Konvektif (Gercek Gozlem),Kepler-51,1.04,0.94,5.784136194436206,5.477148674357631e+41,5.235757493268426e+28
Konvektif (Gercek Gozlem),HD 185269,1.3,2.0,6.1,1.5362362524600003e+42,8.768620263435082e+28
Konvektif (Gercek Gozlem),Kepler-47,0.957,0.936,4.1,3.5573489609177525e+41,4.219543737650163e+28
Konvektif (Gercek Gozlem),HD 190007,0.77,0.79,2.55,1.5024942664231501e+41,2.742260258151875e+28
Konvektif (Gercek Gozlem),TOI-2095,0.44,0.44,0.5565200486140419,1.0436166369947524e+40,7.227244628117431e+27
Konvektif (Gercek Gozlem),HD 155358,0.92,1.38,2.0,2.4595278009120002e+41,3.5085536840005046e+28
Radyatif (Gercek Gozlem),HATS-27,1.415,1.74,9.32,2.2226773659100924e+42,1.0547279905687225e+29
Konvektif (Gercek Gozlem),HD 32963,0.94,1.111044,1.2,1.2139343051390756e+41,2.4649030960604407e+28
Radyatif (Gercek Gozlem),XO-3,1.449,1.523,18.63,3.98231830636378e+42,1.4117904608996964e+29
Radyatif (Gercek Gozlem),KOI-134,1.407,1.667,10.59,2.405916130342717e+42,1.097343258692902e+29
Konvektif (Gercek Gozlem),HD 110067,0.798,0.788,2.5,1.5227336463066001e+41,2.760668310582431e+28
Konvektif (Gercek Gozlem),HD 23472,0.67,0.71,1.45,6.681223194691502e+40,1.8286485591547244e+28
Radyatif (Gercek Gozlem),HD 1690,1.86,21.66,3.5,1.36582251422526e+43,2.6145646902775125e+29
Konvektif (Gercek Gozlem),NGTS-8,0.89,0.98,3.56,3.0076057524895204e+41,3.8798301308552017e+28
Konvektif (Gercek Gozlem),KOBE-1,0.629,0.619,2.0,7.5426875300322e+40,1.9429665164124675e+28
Konvektif (Gercek Gozlem),TOI-6420,1.165,1.312,6.42,9.504945148529377e+41,6.897267432881486e+28
Konvektif (Gercek Gozlem),Kepler-970,0.67,0.71,5.2,2.3960248698204006e+41,3.4629635380072325e+28
Konvektif (Gercek Gozlem),TOI-5388,0.292,0.3,2.0,1.69702768872e+40,9.216090318391891e+27
Konvektif (Gercek Gozlem),HD 45364,0.82,0.89,1.0,7.069011456779998e+40,1.880968838700461e+28
Radyatif (Gercek Gozlem),HAT-P-70,1.89,1.858,99.85,3.396334131109893e+43,4.122944254398104e+29
Konvektif (Gercek Gozlem),Kepler-454,1.03,1.066,2.4,2.5524691255627198e+41,3.5742300917207554e+28
Konvektif (Gercek Gozlem),BD+63 1405,0.816,0.804724,2.1,1.3357070980563621e+41,2.585579376270008e+28
Konvektif (Gercek Gozlem),Kepler-943,0.93,0.91,0.5,4.098728689965001e+40,1.4322764260935259e+28
Konvektif (Gercek Gozlem),HD 125595,0.29,0.74,1.5,3.11799779109e+40,1.249223540844472e+28
Konvektif (Gercek Gozlem),HD 113538,0.585,0.53,2.0,6.00643190511e+40,1.7338460643118608e+28
Konvektif (Gercek Gozlem),TOI-122,0.312,0.334,7.2,7.267555947375362e+40,1.9072009304414566e+28
Konvektif (Gercek Gozlem),GJ 900 A,1.08,0.716187,3.0448619102883483,2.2812486089070565e+41,3.379002915837825e+28
Konvektif (Gercek Gozlem),Kepler-137,0.85,0.802,5.4,3.5656760200698e+41,4.224479414871811e+28
Konvektif (Gercek Gozlem),HD 27894,0.8,0.891767,1.5,1.036543349922444e+41,2.277697226205996e+28
Konvektif (Gercek Gozlem),TOI-5076,0.789,0.844,2.3,1.483549741913148e+41,2.7249172250637613e+28
Konvektif (Gercek Gozlem),KOI-94,1.277,1.52,7.3,1.372499427047112e+42,8.288164152414754e+28
Konvektif (Gercek Gozlem),HD 196067,1.16,1.71,1.45,2.7859731614442e+41,3.734141081539078e+28
Konvektif (Gercek Gozlem),HATS-52,1.111,1.046,4.59,5.166700120921739e+41,5.085209923353535e+28
Konvektif (Gercek Gozlem),K2-241,0.71,0.75,2.08,1.072846956636e+41,2.3172406839962843e+28
Konvektif (Gercek Gozlem),LHS 3844,0.151,0.189,0.0735540483832545,2.0332939061880607e+38,1.008793644761773e+27
Radyatif (Gercek Gozlem),TOI-1601,1.5055,2.195,6.4,2.048566586989104e+42,1.0125752328082337e+29
Radyatif (Gercek Gozlem),HD 4732,1.39,5.03,1.45,9.81986718737115e+41,7.010598007394021e+28
Konvektif (Gercek Gozlem),TOI-237,0.179,0.211,6.4,2.34137127946176e+40,1.0825236705163118e+28
Konvektif (Gercek Gozlem),HATS-48 A,0.7279,0.7152,0.73,3.681094034765477e+40,1.357346457905839e+28
Konvektif (Gercek Gozlem),TOI-1694,0.828,0.812,1.2,7.81488224741952e+40,1.9777139520633276e+28
Konvektif (Gercek Gozlem),K2-155,0.65,0.58,0.8432121948697605,3.0791656660642193e+40,1.2414201371772163e+28
Konvektif (Gercek Gozlem),HIP 109600,0.87,0.971958,2.7,2.2114918437802938e+41,3.3269396968758114e+28
Konvektif (Gercek Gozlem),HAT-P-44,0.942,0.949,0.2,1.7318167563387598e+40,9.310076011089826e+27
Konvektif (Gercek Gozlem),eps Ind A,0.8,0.713,2.0,1.105005243888e+41,2.3517135829467446e+28
Konvektif (Gercek Gozlem),Kepler-407,0.99,1.04,2.0,1.994588708112e+41,3.1595769443118527e+28
Radyatif (Gercek Gozlem),HD 48265,1.312,1.901,3.1,7.489149018597793e+41,6.122354801978587e+28
Konvektif (Gercek Gozlem),Kepler-9,1.022,0.958,2.74,2.5984944537270264e+41,3.606310822208967e+28
Konvektif (Gercek Gozlem),TOI-836,0.678,0.665,1.86,8.12304968986602e+40,2.0163309339908412e+28
Konvektif (Gercek Gozlem),TOI-2180,1.111,1.636,2.2,3.873244078535833e+41,4.402908811079085e+28
Konvektif (Gercek Gozlem),61 Vir,0.942,0.963,1.9,1.6694969015137138e+41,2.8906470465825613e+28
Konvektif (Gercek Gozlem),K2-285,0.83,0.787,3.9,2.4675857765640896e+41,3.5142963964330654e+28
Konvektif (Gercek Gozlem),K2-291,0.934,0.899,2.0,1.62663978456252e+41,2.8533033948523023e+28
Konvektif (Gercek Gozlem),HD 220773,1.16,1.679696,3.0,5.661933424543469e+41,5.32334529481652e+28
Konvektif (Gercek Gozlem),BD-11 4672,0.651,0.639,1.0,4.029365589057901e+40,1.4201054517263757e+28
Konvektif (Gercek Gozlem),TOI-169,1.147,1.288,2.5,3.5774544770874e+41,4.231450999716291e+28
Konvektif (Gercek Gozlem),GJ 536,0.528,0.529,1.2,3.24657669720384e+40,1.2747208564481024e+28
Konvektif (Gercek Gozlem),Kepler-26,0.544,0.512,1.9,5.125984494059522e+40,1.6017358723692853e+28
Konvektif (Gercek Gozlem),Kepler-102,0.803,0.724,0.5,2.8156517735346005e+40,1.1871120932284318e+28
Konvektif (Gercek Gozlem),Kepler-10,0.91,1.065,2.04,1.9150318175952606e+41,3.0959237445079473e+28
Konvektif (Gercek Gozlem),HD 108236,0.869,0.877,4.7,3.469541241887721e+41,4.1671418599226165e+28
Konvektif (Gercek Gozlem),K2-292,1.0,1.09,4.6,4.85667627354e+41,4.930282857682382e+28
Konvektif (Gercek Gozlem),K2-157,0.89,0.86,3.0,2.2241523851820006e+41,3.3364492832545395e+28
Konvektif (Gercek Gozlem),HD 221585,1.19,1.850575,3.7,7.892420261003664e+41,6.285030064202258e+28
Konvektif (Gercek Gozlem),XO-2 N,0.96,0.998,1.07,9.929797192748159e+40,2.2293201799739127e+28
Konvektif (Gercek Gozlem),HD 43197,0.96,1.0,2.18,2.027134444608e+41,3.18525007512457e+28
Konvektif (Gercek Gozlem),TOI-712,0.732,0.674,2.738036065563924,1.308473611498871e+41,2.559085183120879e+28
Konvektif (Gercek Gozlem),NGTS-18,1.003,1.392,0.5,6.7618416961368e+40,1.8396481058130713e+28
Konvektif (Gercek Gozlem),Kepler-1046,1.04,1.04,6.1,6.3907428102336e+41,5.6555901328613725e+28
Konvektif (Gercek Gozlem),Kepler-1361,0.83,0.79,3.4,2.1594289889717997e+41,3.287545117219953e+28
Konvektif (Gercek Gozlem),K2-229,0.87,0.79,2.46,1.63770727221738e+41,2.862993729329682e+28
Konvektif (Gercek Gozlem),TOI-5293 A,0.54,0.52,2.0,5.439787385760001e+40,1.6500352448324215e+28
Radyatif (Gercek Gozlem),K2-99,1.44,2.55,9.3,3.3078091757256e+42,1.2866857223155973e+29
Radyatif (Gercek Gozlem),Kepler-419,1.39,1.74,14.41,3.375847781392086e+42,1.2998513392693193e+29
Konvektif (Gercek Gozlem),HD 142,1.21,1.47,10.4,1.7918055227872802e+42,9.469950163303896e+28
Konvektif (Gercek Gozlem),Wolf 1061,0.294,0.307,0.16349440662632617,1.4293659486098108e+39,2.6746932023646805e+27
Konvektif (Gercek Gozlem),Kepler-107,1.238,1.447,3.6,6.2466403627096565e+41,5.591463697443462e+28
Konvektif (Gercek Gozlem),HD 176986,0.789,0.782,1.1,6.57402373786158e+40,1.8139190089697754e+28
Konvektif (Gercek Gozlem),WASP-41,0.93,0.87,2.64,2.06900220991464e+41,3.21797551513202e+28
Konvektif (Gercek Gozlem),TOI-2040,0.92,0.87,1.86,1.4420318432738402e+41,2.6865175586551006e+28
Radyatif (Gercek Gozlem),Kepler-435,1.538,3.21,6.0,2.86924375296468e+42,1.1983563470090008e+29
Konvektif (Gercek Gozlem),Kepler-65,1.25,1.41,10.4,1.77548616063e+42,9.42672643088271e+28
Konvektif (Gercek Gozlem),HAT-P-9,1.281,1.338,11.9,1.9756364539895802e+42,9.94387768442884e+28
Radyatif (Gercek Gozlem),7 CMa,1.34,4.87,1.15,7.269196794923701e+41,6.031779699305956e+28
Konvektif (Gercek Gozlem),Kepler-539,1.048,0.952,4.4,4.252122170360064e+41,4.613230185514795e+28
Radyatif (Gercek Gozlem),HD 33844,1.84,5.39,3.44,3.304607295173185e+42,1.2860628309658064e+29
Konvektif (Gercek Gozlem),Kepler-1928,1.01,0.92,10.4,9.360463775644799e+41,6.844645209670861e+28
Konvektif (Gercek Gozlem),HD 136352,0.87,1.058,1.0,8.915788278306e+40,2.1124290510331107e+28
Radyatif (Gercek Gozlem),HD 213240,1.57,1.51,3.97,9.116369783301691e+41,6.754811351392528e+28
Konvektif (Gercek Gozlem),HD 22496,0.684,0.674,1.1366500386844371,5.0757192917136365e+40,1.5938632456715728e+28
Konvektif (Gercek Gozlem),TOI-178,0.647,0.662,1.5,6.2231225810481e+40,1.764844459574424e+28
Konvektif (Gercek Gozlem),Gaia-5,0.339,0.345,2.0,2.265706316601e+40,1.0648883253402422e+28
Radyatif (Gercek Gozlem),TOI-4153,1.572,1.605,9.44,2.3070361473772704e+42,1.07455700008658e+29
Konvektif (Gercek Gozlem),Kepler-589,0.832,0.916,3.9,2.8789772528724483e+41,3.795957792168159e+28
Radyatif (Gercek Gozlem),WASP-73,2.52,2.55,6.1,3.7968669839645995e+42,1.3785259612383468e+29
Radyatif (Gercek Gozlem),HATS-39,1.379,1.621,7.75,1.67804579957353e+42,9.16440266765551e+28
Konvektif (Gercek Gozlem),TOI-2076,0.849,0.758,5.27,3.2850526737111175e+41,4.0548372437903365e+28
Konvektif (Gercek Gozlem),HD 210277,1.01,1.07,1.8,1.8842237909586e+41,3.0709199768631703e+28
Konvektif (Gercek Gozlem),TOI-532,0.639,0.612,2.0,7.5759500476296e+40,1.947245950209014e+28
Konvektif (Gercek Gozlem),Kepler-107,1.238,1.447,3.6,6.2466403627096565e+41,5.591463697443462e+28
Konvektif (Gercek Gozlem),Kepler-11,0.961,1.065,0.4,3.9654074051046003e+40,1.4087896901039711e+28
Konvektif (Gercek Gozlem),HD 141399,1.07,1.387236,2.9,4.169528557280148e+41,4.568206573448538e+28
Konvektif (Gercek Gozlem),K2-185,0.96,0.94,2.741047134908039,2.3959095402652238e+41,3.462880194370964e+28
Konvektif (Gercek Gozlem),TOI-4600,0.89,0.81,2.5,1.7457009999975e+41,2.9558826502805773e+28
Radyatif (Gercek Gozlem),HD 184010,1.35,4.86,1.34,8.515882541111402e+41,6.5285553333258425e+28
Konvektif (Gercek Gozlem),HD 231701,1.21,1.53,4.0,7.172847854172001e+41,5.991672505258467e+28
Konvektif (Gercek Gozlem),TYC 3318-01333-1,1.19,5.9,1.5,1.0201054282965002e+42,7.145371071019865e+28
Konvektif (Gercek Gozlem),WASP-70 A,1.106,1.215,1.8,2.3429268881764202e+41,3.4243774327144175e+28
Konvektif (Gercek Gozlem),HD 86226,1.019,1.053,2.4,2.494414505740248e+41,3.5333492731100086e+28
Konvektif (Gercek Gozlem),GJ 317,0.402,0.403,2.5,3.9230688889665005e+40,1.401248708269048e+28
Konvektif (Gercek Gozlem),TOI-1117,0.97,1.05,1.32,1.3022362815462002e+41,2.5529784775508466e+28
Konvektif (Gercek Gozlem),NGTS-39,1.16,1.16,4.0,5.2135170272640005e+41,5.108197217721251e+28
Konvektif (Gercek Gozlem),HD 118203,1.27,2.04,5.89,1.4781006557455322e+42,8.601105266131538e+28
Konvektif (Gercek Gozlem),HD 110113,0.997,0.968,1.74,1.6265768628052942e+41,2.8532482085100547e+28
Radyatif (Gercek Gozlem),HD 99706,1.72,5.4,0.89,8.0069485866552e+41,6.330467419632379e+28
Radyatif (Gercek Gozlem),WASP-14,1.62,1.4,4.9,1.0764502346051998e+42,7.340053686341699e+28
Konvektif (Gercek Gozlem),BEBOP-3,1.083,1.414,2.0,2.96662524595164e+41,3.8533069179552986e+28
Konvektif (Gercek Gozlem),WASP-180 A,1.3,1.19,19.9,2.9819353028283004e+42,1.2216628469122223e+29
Konvektif (Gercek Gozlem),TOI-2374,0.802,0.711,0.42,2.3197868695277646e+40,1.0775223845717244e+28
Konvektif (Gercek Gozlem),TOI-1855,0.987,1.041,5.74,5.712610332724004e+41,5.347115419263637e+28
Konvektif (Gercek Gozlem),WTS-2,0.82,0.752,2.2,1.3140418600108798e+41,2.56452453412724e+28
Konvektif (Gercek Gozlem),TRAPPIST-1,0.0898,0.1192,2.04,2.1151325368240708e+39,3.253651630561177e+27
Konvektif (Gercek Gozlem),GJ 685,0.55,0.54,1.33,3.8261581468110003e+40,1.3838331067990002e+28
Konvektif (Gercek Gozlem),TOI-469,0.901,0.98,1.94,1.659233177315532e+41,2.881747795511362e+28
Konvektif (Gercek Gozlem),TOI-5398,1.146,1.051,7.5,8.74990672760295e+41,6.617652677874514e+28
Konvektif (Gercek Gozlem),omi CrB,1.3,11.87,2.3,3.4377693383943003e+42,1.311718443291708e+29
Konvektif (Gercek Gozlem),TOI-3321,1.041,1.549,5.19,8.10633097408672e+41,6.36963319960664e+28
Konvektif (Gercek Gozlem),HAT-P-55,1.028,1.105,1.8,1.98053592403212e+41,3.148426942517957e+28
Konvektif (Gercek Gozlem),TAP 26,1.04,1.17,68.2,8.03819249369136e+42,2.005771513959626e+29
Konvektif (Gercek Gozlem),TOI-451,0.93,0.85,8.7,6.661560145558501e+41,5.774178891380329e+28
Konvektif (Gercek Gozlem),HD 205739,1.22,1.33,4.48,7.04116160512128e+41,5.936417191764835e+28
Radyatif (Gercek Gozlem),HIP 65891,2.5,8.93,2.5,5.4061277326875006e+42,1.6449223799254874e+29
Konvektif (Gercek Gozlem),WASP-62,1.11,1.23,9.3,1.2298888528371903e+42,7.845763101222214e+28
Konvektif (Gercek Gozlem),GJ 4274,0.18,0.19,2.3,7.61918938326e+39,6.175279831497298e+27
Konvektif (Gercek Gozlem),HATS-45,1.272,1.315,9.9,1.603994538598452e+42,8.959911100946228e+28
Konvektif (Gercek Gozlem),Kepler-36,1.034,1.634,4.9,8.019060637471886e+41,6.3352536354896955e+28
Konvektif (Gercek Gozlem),HD 307842,0.91,0.907,1.1,8.794197019307702e+40,2.0979752166466396e+28
Konvektif (Gercek Gozlem),HATS-7,0.849,0.815,0.5,3.3511211580892494e+40,1.2950821660657234e+28
Konvektif (Gercek Gozlem),HATS-37 A,0.843,0.877,3.98,2.8501326059072957e+41,3.7768939563474602e+28
Konvektif (Gercek Gozlem),K2-139,0.96,0.88,2.8,2.2912198493184e+41,3.3863796026738355e+28
Konvektif (Gercek Gozlem),K2-233,0.79,0.71,4.5,2.4448531607955e+41,3.49807122658813e+28
Konvektif (Gercek Gozlem),TOI-561,0.806,0.843,2.0,1.31627744214876e+41,2.5667051225120753e+28
Konvektif (Gercek Gozlem),K2-268,0.84,0.78,1.5867442991517808,1.007014356011119e+41,2.245019352243437e+28
Konvektif (Gercek Gozlem),TOI-6109,1.03,1.021,18.2,1.8539122805281256e+42,9.632673690561468e+28
Konvektif (Gercek Gozlem),TOI-1064,0.748,0.726,2.7,1.420223875126056e+41,2.6661259541202314e+28
Konvektif (Gercek Gozlem),HD 216520,0.82,0.76,0.2,1.2072918443039997e+40,7.773353023787896e+27
Konvektif (Gercek Gozlem),HD 93083,0.836,0.837,0.9,6.09998927405868e+40,1.7472972513897154e+28
Konvektif (Gercek Gozlem),K2-140,0.96,1.06,3.6,3.5484151562496006e+41,4.214241997900081e+28
Konvektif (Gercek Gozlem),HD 224018,1.013,1.147,2.1,2.3634530773627408e+41,3.439345065749437e+28
Konvektif (Gercek Gozlem),Gaia-4,0.644,0.624,2.0,7.7849401698432e+40,1.9739215920023198e+28
Konvektif (Gercek Gozlem),HD 192310,0.8,0.857922,3.0,1.9944073818658078e+41,3.1594333239138465e+28
Konvektif (Gercek Gozlem),TOI-178,0.647,0.662,1.5,6.2231225810481e+40,1.764844459574424e+28
Konvektif (Gercek Gozlem),TOI-1136,1.022,0.968,6.7,6.420308287144752e+41,5.668657258190391e+28
Konvektif (Gercek Gozlem),Kepler-97,0.94,0.98,0.5,4.46147804466e+40,1.4943132182793286e+28
Konvektif (Gercek Gozlem),HD 134606,1.046,1.158,1.3,1.5252408303645242e+41,2.762940098846233e+28
Radyatif (Gercek Gozlem),KELT-7,1.76,1.81,69.3,2.1383525249966883e+43,3.2714622250720725e+29
Konvektif (Gercek Gozlem),WASP-28,0.993,1.083,3.25,3.385446013082543e+41,4.116330190795239e+28
Radyatif (Gercek Gozlem),WASP-113,1.318,1.608,6.8,1.3959349919790915e+42,8.358625258687565e+28
Konvektif (Gercek Gozlem),TOI-1736,1.0373,1.4286,4.0,5.741559126045945e+41,5.360646617936321e+28
Radyatif (Gercek Gozlem),Kepler-5,1.374,1.793,4.8,1.1454155801184098e+42,7.57153267925547e+28
Konvektif (Gercek Gozlem),BD-17 63,0.741,0.74,1.5,7.967021942060999e+40,1.9968721715472925e+28
Radyatif (Gercek Gozlem),WASP-172,1.49,1.91,13.7,3.77654817698613e+42,1.3748324453349982e+29
Konvektif (Gercek Gozlem),WASP-18,1.294,1.319,11.2,1.8516202470353954e+42,9.626717303307892e+28
Konvektif (Gercek Gozlem),GJ 1289,0.21,0.245012,0.16828436569869382,8.386973035986785e+38,2.04882507847683e+27
Radyatif (Gercek Gozlem),HD 184010,1.35,4.86,1.34,8.515882541111402e+41,6.5285553333258425e+28
Konvektif (Gercek Gozlem),TOI-2714,1.07,1.25,2.9,3.7570468879125005e+41,4.336362355481902e+28
Konvektif (Gercek Gozlem),TIC 245076932,1.117,1.288,4.2,5.8529276142311515e+41,5.412386904422015e+28
Konvektif (Gercek Gozlem),CoRoT-1,0.95,1.11,5.2,5.311347961374001e+41,5.155901776605136e+28
Konvektif (Gercek Gozlem),TOI-125,0.859,0.848,1.0,7.055760692635201e+40,1.8792050867522883e+28
Konvektif (Gercek Gozlem),TOI-3714,0.53,0.51,2.0,5.236376532660001e+40,1.618891310559608e+28
Konvektif (Gercek Gozlem),HATS-10,1.101,1.105,5.68,6.693492162452005e+41,5.788001535420845e+28
Konvektif (Gercek Gozlem),WASP-2,0.895,0.866,0.99,7.432432067290231e+40,1.9287135530230325e+28
Radyatif (Gercek Gozlem),bet Pic,1.789,1.54416,116.41,3.114926149260761e+43,3.948445386132506e+29
Konvektif (Gercek Gozlem),Kepler-97,0.94,0.98,0.5,4.46147804466e+40,1.4943132182793286e+28
Konvektif (Gercek Gozlem),HD 171238,0.92,1.01,1.48,1.3320659988417602e+41,2.5820528637500823e+28
Konvektif (Gercek Gozlem),WASP-145 A,0.76,0.68,2.1,1.0512272888208001e+41,2.2937737120182425e+28
Konvektif (Gercek Gozlem),TOI-3785,0.52,0.5,2.0,5.036840171999999e+40,1.5877471546272809e+28
Konvektif (Gercek Gozlem),TOI-244,0.428,0.426,0.40436217074805025,7.141323614836559e+39,5.97849148486618e+27
Konvektif (Gercek Gozlem),HD 40307,0.77,0.716684,1.0,5.345314474247747e+40,1.635644389741721e+28
Konvektif (Gercek Gozlem),HD 113538,0.585,0.53,2.0,6.00643190511e+40,1.7338460643118608e+28
Radyatif (Gercek Gozlem),HIP 21152,1.4,1.59186,45.6,9.843568658719285e+42,2.2196195710977236e+29
Konvektif (Gercek Gozlem),PDS 70,0.982,1.26,17.27,2.0698038811454003e+42,1.0178103352055094e+29
Konvektif (Gercek Gozlem),TOI-5344,0.612,0.588,2.0,6.971296757443201e+40,1.8679233164768402e+28
Radyatif (Gercek Gozlem),WASP-136,1.41,2.39014,12.2,3.982512154000915e+42,1.4118248214019982e+29
Radyatif (Gercek Gozlem),HD 11977,1.91,10.09,2.4,4.4801298512661607e+42,1.4974335487312772e+29
Radyatif (Gercek Gozlem),HD 102272,1.45,10.3,3.0,4.339915844355001e+42,1.473814795769716e+29
Konvektif (Gercek Gozlem),HD 128311,0.828,0.76,3.65,2.22480329991192e+41,3.3369374658825734e+28
Radyatif (Gercek Gozlem),HD 181342,1.69,4.71,3.33,2.567477650065237e+42,1.1335889241173363e+29
Konvektif (Gercek Gozlem),K2-233,0.79,0.71,4.5,2.4448531607955e+41,3.49807122658813e+28
Radyatif (Gercek Gozlem),WASP-187,1.54,2.83,15.3,6.45882345414306e+42,1.7979556088632925e+29
Radyatif (Gercek Gozlem),eps CrB,1.7,21.0,2.4,8.299162806480001e+42,2.03807142622097e+29
Konvektif (Gercek Gozlem),EPIC 201595106,0.958,0.98,2.5,2.2734553014810004e+41,3.373226224635337e+28
Radyatif (Gercek Gozlem),WASP-169,1.337,2.011,4.3,1.1198678065740712e+42,7.486617378260494e+28
Konvektif (Gercek Gozlem),HD 110067,0.798,0.788,2.5,1.5227336463066001e+41,2.760668310582431e+28
Konvektif (Gercek Gozlem),WASP-83,1.11,1.05,0.5,5.644651173525001e+40,1.6808184725008232e+28
Konvektif (Gercek Gozlem),HD 564,0.961,1.01,2.0,1.8803105535942e+41,3.0677294097919883e+28
Radyatif (Gercek Gozlem),HD 116029,1.33,4.6,0.46,2.7259766460107996e+41,3.6937144931370653e+28
Konvektif (Gercek Gozlem),HD 211403,1.2,1.206,18.4,2.5792961112172802e+42,1.1361949632889785e+29
Radyatif (Gercek Gozlem),HR 8799,1.5,1.49338,34.79,7.548677040091578e+42,1.9437378003945055e+29
Konvektif (Gercek Gozlem),HD 10180,1.06,1.109,3.0,3.4159656321882005e+41,4.1348428127350895e+28
Konvektif (Gercek Gozlem),TOI-4602,0.9,1.08,2.2,2.071303658424e+41,3.2197647704913624e+28
Konvektif (Gercek Gozlem),HD 8535,1.13,1.19,1.41,1.83653556938397e+41,3.031809643865605e+28
Konvektif (Gercek Gozlem),tau Cet,0.783,0.83,1.3,8.183480148452701e+40,2.0238171632181815e+28
Radyatif (Gercek Gozlem),HD 110014,2.17,20.9,2.0,8.785992781565998e+42,2.0969963720921327e+29
Konvektif (Gercek Gozlem),EPIC 229004835,0.97,0.999,1.6,1.50179976365328e+41,2.741626402995127e+28
Konvektif (Gercek Gozlem),TOI-178,0.647,0.662,1.5,6.2231225810481e+40,1.764844459574424e+28
Konvektif (Gercek Gozlem),HAT-P-8,1.27,1.57,11.5,2.22103826188335e+42,1.0543390164948741e+29
Konvektif (Gercek Gozlem),TOI-3493,1.023,1.228,2.2,2.6770193344374482e+41,3.6603954932977657e+28
Konvektif (Gercek Gozlem),K2-295,0.74,0.7,2.2,1.103842896156e+41,2.350476381502269e+28
Konvektif (Gercek Gozlem),GJ 1061,0.12,0.156,2.5,4.5331561548000005e+39,4.763241463881843e+27
Konvektif (Gercek Gozlem),HD 99492,0.85,0.822539,0.41,2.776605040702871e+40,1.1788520740805437e+28
Konvektif (Gercek Gozlem),Qatar-9,0.719,0.696,4.3,2.084305680154152e+41,3.2298545417916103e+28
Konvektif (Gercek Gozlem),HD 10697,0.99,1.863076,2.5,4.466430711483741e+41,4.7280554211519335e+28
Konvektif (Gercek Gozlem),G 264-012,0.297,0.305,2.0,1.754854488387e+40,9.371795717701295e+27
Konvektif (Gercek Gozlem),HD 191939,0.81,0.94,2.0,1.475019271908e+41,2.7170717396451603e+28
Konvektif (Gercek Gozlem),K2-185,0.96,0.94,2.741047134908039,2.3959095402652238e+41,3.462880194370964e+28
Konvektif (Gercek Gozlem),WASP-44,0.935,0.906,3.2,2.6256970326787206e+41,3.625138175322947e+28
Konvektif (Gercek Gozlem),Kepler-26,0.593,0.571,1.9,6.231595127391269e+40,1.7660454354788867e+28
Konvektif (Gercek Gozlem),Kepler-1512,0.73,0.67,3.389713023376437,1.6058886227144505e+41,2.8350450779778474e+28
Radyatif (Gercek Gozlem),HD 206610,1.55,6.12,1.77,1.6263395113984202e+42,9.02210474024021e+28
Konvektif (Gercek Gozlem),Kepler-99,0.79,0.73,0.5,2.7930247376850003e+40,1.182332558598308e+28
Konvektif (Gercek Gozlem),GJ 3779,0.27,0.281,2.0,1.4697887071140004e+40,8.576887451404156e+27
Konvektif (Gercek Gozlem),TOI-1422,0.9903,1.019,1.7,1.6616697390625055e+41,2.883862923350068e+28
Konvektif (Gercek Gozlem),TOI-1669,0.9867,1.0561,0.6,6.056144762081614e+40,1.7410064573473964e+28
Konvektif (Gercek Gozlem),HD 111232,0.96,0.9,1.2,1.004268440448e+41,2.2419564159034872e+28
Konvektif (Gercek Gozlem),70 Vir,1.09,1.89,1.56,3.1129183315011604e+41,3.947172637386809e+28
Konvektif (Gercek Gozlem),HD 134060,1.095,1.164285,2.6,3.2107138091622186e+41,4.008695384348327e+28
Konvektif (Gercek Gozlem),HIP 116454,0.8,0.758,2.0,1.174746107808e+41,2.42479074338162e+28
Konvektif (Gercek Gozlem),HD 160691,1.13,1.33,3.1,4.512805383258901e+41,4.7525375884704295e+28
Konvektif (Gercek Gozlem),HD 191806,1.07,1.40223,3.3,4.795918546263145e+41,4.8993465204701905e+28
Konvektif (Gercek Gozlem),LP 261-75 A,0.22,0.308,7.0,4.594373135352001e+40,1.5164056362760362e+28
Konvektif (Gercek Gozlem),HATS-46,0.917,0.853,0.9,6.818921687385992e+40,1.8473964700113525e+28
Radyatif (Gercek Gozlem),HD 5891,1.93,10.64,4.95,9.84598029779364e+42,2.219891453869712e+29
Konvektif (Gercek Gozlem),Kepler-454,1.03,1.066,2.4,2.5524691255627198e+41,3.5742300917207554e+28
Konvektif (Gercek Gozlem),LP 791-18,0.139,0.182,2.0,4.900845487356001e+39,4.952651430594826e+27
Konvektif (Gercek Gozlem),HD 93963 A,1.0844,1.0311,5.9,6.389945203345408e+41,5.655237194358119e+28
Konvektif (Gercek Gozlem),Kepler-103,1.212,1.492,3.1,5.429851637346864e+41,5.213102207069766e+28
Konvektif (Gercek Gozlem),HD 154672,1.18,1.32,2.2,3.3192001834992e+41,4.075857398269353e+28
Konvektif (Gercek Gozlem),TOI-620,0.577,0.55,3.0,9.221776318755001e+40,2.148372328773702e+28
Konvektif (Gercek Gozlem),GJ 3512,0.123,0.139,2.0,3.312109862334001e+39,4.071501742368301e+27
Konvektif (Gercek Gozlem),HD 45184,1.03,1.075139,2.1,2.2525578942681333e+41,3.357687230055167e+28
Konvektif (Gercek Gozlem),GJ 436,0.47,0.455,0.33,6.8356217184255e+39,5.849129927864531e+27
Konvektif (Gercek Gozlem),GJ 3138,0.681,0.5,0.5952086081433603,1.9630942286688092e+40,9.912263333761785e+27
Konvektif (Gercek Gozlem),GJ 486,0.312,0.3243,2.0,1.96013672133552e+40,9.904793839741632e+27
Konvektif (Gercek Gozlem),Kepler-27,0.65,0.59,0.6,2.2288017761100007e+40,1.0561801003898245e+28
Radyatif (Gercek Gozlem),HAT-P-2,1.33,1.416,20.8,3.7943121436496647e+42,1.3780620911090269e+29
Konvektif (Gercek Gozlem),HD 114783,0.9,0.840622,2.0,1.465642612753956e+41,2.7084217936617923e+28
Radyatif (Gercek Gozlem),NGTS-9,1.34,1.38,6.38,1.1427714714976561e+42,7.562788463538235e+28
Konvektif (Gercek Gozlem),K2-388,0.93,0.91,1.9,1.5575169021867002e+41,2.7920207540103145e+28
Konvektif (Gercek Gozlem),TOI-1224,0.4,0.404,22.1,3.4593018301296e+41,4.16098822079823e+28
Konvektif (Gercek Gozlem),HIP 54597,0.8,0.66,0.5,2.5571650104000003e+40,1.1313100227468896e+28
Konvektif (Gercek Gozlem),WASP-5,0.96,1.029,3.5,3.3489562854383997e+41,4.094086341317457e+28
Konvektif (Gercek Gozlem),HD 195019,1.21,1.48,2.47,4.2844873555083604e+41,4.63075378941701e+28
Konvektif (Gercek Gozlem),HD 75289,1.29,1.23,4.37,6.71631544134369e+41,5.797861019299925e+28
Konvektif (Gercek Gozlem),Kepler-102,0.803,0.724,0.5,2.8156517735346005e+40,1.1871120932284318e+28
Konvektif (Gercek Gozlem),K2-180,0.735,0.719,0.1,5.1188341182615e+39,5.061599587253934e+27
Konvektif (Gercek Gozlem),Kepler-424,1.01,0.94,0.5,4.5980539031700005e+40,1.517012946505357e+28
Konvektif (Gercek Gozlem),TOI-654,0.419,0.43,3.0,5.235504771860999e+40,1.6187565470722237e+28
Konvektif (Gercek Gozlem),HD 73583,0.73,0.65,3.5,1.6086408299325002e+41,2.8374734192706667e+28
Radyatif (Unlu Referans),Zeta Ophiuchi (O),19.0,8.5,400.0,6.257305290600001e+45,5.596234832215075e+30
Radyatif (Unlu Referans),Achernar (B),6.7,9.3,250.0,1.5088726496025e+45,2.748074810330984e+30
Radyatif (Unlu Referans),Regulus (B),3.8,4.3,317.0,5.0172546127158e+44,1.5846572010383516e+30
Radyatif (Unlu Referans),Vega (A),2.1,2.8,236.0,1.3441389172848e+44,8.202086325095848e+29
Radyatif (Unlu Referans),Sirius A (A),2.0,1.7,16.0,5.2693097184e+42,1.6239741843241694e+29
Konvektif (Unlu Referans),Gunes (G),1.0,1.0,2.0,1.93724622e+41,3.11382835542151e+28
Konvektif (Unlu Referans),Alpha Cent. (G),1.1,1.2,2.7,3.4521727640400003e+41,4.1566984449394645e+28
Konvektif (Unlu Referans),Epsilon Eri. (K),0.82,0.74,3.4,1.9983857107032e+41,3.1625828817597806e+28
Konvektif (Unlu Referans),Proxima C. (M),0.12,0.15,0.1,1.743521598e+38,9.341485066264531e+26
Konvektif (Unlu Referans),Trappist-1 (M),0.089,0.12,1.8,1.8620810666639998e+39,3.0528224741013646e+27
